{"type": "FeatureCollection", "features": [{"type": "Feature", "properties": {"name": "大阪府"}, "geometry": {"type": "MultiPolygon", "coordinates": [[[[135.37080383300798, 35.0453338623047], [135.371795654297, 35.04520034790037], [135.376205444336, 35.04280090332028], [135.38020324707, 35.03633499145506], [135.381805419922, 35.03093338012697], [135.380294799805, 35.02553558349614], [135.377899169922, 35.02106857299802], [135.379699707031, 35.01546859741211], [135.382095336914, 35.01013565063477], [135.389205932617, 35.011066436767564], [135.39489746093798, 35.009132385253864], [135.397201538086, 35.0107345581055], [135.403106689453, 35.006668090820284], [135.40989685058602, 35.01093292236332], [135.41769409179702, 35.00320053100589], [135.423004150391, 35.00226593017583], [135.424194335938, 35.00320053100589], [135.43609619140602, 35.00826644897456], [135.44200134277304, 35.00626754760738], [135.44970703125003, 35.00320053100589], [135.45219421386696, 35.002201080322344], [135.46069335937503, 35.00046539306638], [135.461624145508, 35], [135.47230529785202, 34.99459838867189], [135.48199462890597, 34.9947357177734], [135.48410034179696, 34.9925994873047], [135.48739624023398, 34.99193191528322], [135.49139404296895, 34.989334106445305], [135.49279785156304, 34.98773574829103], [135.48480224609403, 34.983734130859396], [135.48320007324196, 34.98139953613279], [135.48649597167994, 34.97439956665042], [135.48890686035193, 34.967533111572294], [135.49009704589798, 34.96766662597663], [135.48539733886696, 34.96453475952148], [135.48660278320304, 34.96673202514648], [135.48229980468804, 34.96506500244136], [135.48089599609403, 34.96246719360354], [135.48460388183597, 34.958332061767564], [135.48629760742196, 34.95639801025387], [135.48100280761696, 34.949466705322344], [135.48429870605503, 34.94739913940432], [135.48849487304696, 34.94586563110353], [135.49000549316403, 34.9417991638184], [135.49679565429696, 34.940666198730526], [135.50279235839798, 34.94533538818364], [135.50469970703097, 34.946067810058615], [135.51319885253898, 34.94386672973634], [135.51690673828097, 34.933467864990156], [135.52090454101597, 34.932800292968764], [135.52479553222696, 34.928798675537124], [135.53750610351597, 34.924865722656335], [135.535995483398, 34.91986465454097], [135.541793823242, 34.91533279418954], [135.544494628906, 34.917133331298814], [135.548400878906, 34.91759872436521], [135.55070495605497, 34.91793441772463], [135.553695678711, 34.91600036621094], [135.5625, 34.917667388915966], [135.572204589844, 34.91653442382809], [135.572692871094, 34.91680145263666], [135.576507568359, 34.91986465454097], [135.580703735352, 34.92359924316412], [135.580001831055, 34.93700027465822], [135.571197509766, 34.93906784057616], [135.564605712891, 34.93373489379882], [135.562194824219, 34.93353271484382], [135.56530761718798, 34.94020080566413], [135.56329345703102, 34.942199707031314], [135.558700561523, 34.93439865112304], [135.557708740234, 34.932998657226584], [135.556793212891, 34.938068389892614], [135.56170654296898, 34.944999694824226], [135.56359863281298, 34.953598022460866], [135.566299438477, 34.952865600585895], [135.569107055664, 34.95413208007811], [135.578308105469, 34.955734252929744], [135.576995849609, 34.960800170898416], [135.573104858398, 34.960933685302656], [135.570693969727, 34.96739959716796], [135.573303222656, 34.971668243408175], [135.583099365234, 34.97626876831054], [135.589996337891, 34.967334747314474], [135.59210205078102, 34.96673202514648], [135.595001220703, 34.9694671630859], [135.603393554688, 34.97113418579102], [135.60569763183602, 34.97006607055663], [135.60850524902304, 34.970001220703054], [135.61289978027304, 34.97133255004884], [135.61709594726602, 34.96139907836914], [135.61759948730503, 34.95753097534184], [135.61630249023403, 34.95753097534184], [135.61239624023403, 34.94680023193359], [135.611694335938, 34.94486618041989], [135.611694335938, 34.94206619262698], [135.60929870605503, 34.93993377685546], [135.60710144043, 34.936668395996065], [135.60530090332003, 34.93526840209961], [135.602905273438, 34.93600082397458], [135.59989929199202, 34.92800140380858], [135.606704711914, 34.92813491821291], [135.61599731445304, 34.92853164672846], [135.62179565429702, 34.933666229247976], [135.623901367188, 34.93526840209961], [135.62770080566403, 34.93399810791022], [135.63070678710903, 34.93526840209961], [135.63690185546903, 34.93140029907231], [135.64039611816403, 34.931266784667976], [135.64280700683602, 34.929798126220675], [135.65029907226602, 34.92306518554688], [135.65060424804696, 34.91986465454097], [135.65220642089804, 34.91680145263666], [135.64920043945304, 34.91666793823242], [135.64790344238304, 34.91680145263666], [135.64860534668003, 34.909400939941385], [135.65390014648398, 34.90913391113281], [135.66250610351602, 34.90393447875981], [135.66360473632804, 34.9048652648926], [135.66439819335898, 34.90313339233399], [135.66670227050804, 34.90413284301763], [135.67489624023398, 34.898666381835866], [135.67570495605494, 34.89506530761723], [135.68229675292997, 34.88779830932619], [135.67959594726597, 34.8812675476074], [135.68299865722696, 34.87773513793952], [135.68229675292997, 34.872131347656335], [135.69079589843795, 34.86819839477537], [135.69189453124997, 34.86126708984384], [135.69430541992196, 34.860733032226605], [135.69050598144497, 34.85606765747066], [135.69549560546898, 34.84820175170899], [135.70330810546898, 34.85146713256839], [135.70979309082, 34.84659957885744], [135.712295532227, 34.84026718139647], [135.715301513672, 34.83653259277341], [135.718399047852, 34.83166503906247], [135.722900390625, 34.826267242431555], [135.724502563477, 34.82299804687498], [135.730804443359, 34.82266616821292], [135.735595703125, 34.81753540039058], [135.738800048828, 34.811466217041], [135.744705200195, 34.804332733154304], [135.745407104492, 34.79833221435548], [135.74150085449202, 34.7935333251953], [135.739608764648, 34.7902679443359], [135.738998413086, 34.78766632080081], [135.72900390625, 34.77920150756841], [135.72839355468798, 34.77786636352544], [135.720993041992, 34.774398803710866], [135.71670532226597, 34.77786636352544], [135.71159362792997, 34.78126525878908], [135.710998535156, 34.78126525878908], [135.70669555664097, 34.77153396606447], [135.70899963378898, 34.77173233032229], [135.70840454101597, 34.7617340087891], [135.70950317382798, 34.75320053100594], [135.70649719238298, 34.74846649169924], [135.70190429687497, 34.75053405761718], [135.69839477539097, 34.749599456787124], [135.698699951172, 34.74606704711906], [135.69650268554696, 34.743667602539055], [135.69990539550798, 34.73479843139648], [135.70379638671898, 34.723934173583984], [135.69970703124997, 34.72140121459956], [135.68780517578097, 34.712467193603494], [135.68370056152298, 34.71126556396477], [135.67269897460898, 34.70166778564449], [135.67280578613304, 34.700000762939545], [135.67260742187497, 34.6921348571777], [135.67669677734398, 34.68486785888666], [135.67779541015597, 34.67926788330084], [135.67359924316398, 34.66986846923829], [135.67140197753898, 34.66753387451168], [135.67080688476594, 34.66160202026371], [135.66510009765597, 34.65293502807622], [135.66479492187497, 34.64973449707031], [135.66389465331997, 34.64326858520509], [135.66189575195295, 34.635398864746065], [135.66310119628895, 34.63326644897464], [135.65960693359403, 34.62406539916991], [135.65840148925804, 34.61466598510744], [135.65539550781304, 34.61146545410163], [135.65029907226602, 34.60873413085938], [135.65150451660202, 34.60680007934568], [135.65190124511696, 34.60413360595702], [135.65919494628898, 34.60246658325198], [135.67050170898398, 34.603534698486285], [135.67529296874997, 34.601268768310526], [135.67779541015597, 34.591865539550795], [135.67700195312497, 34.58980178833013], [135.68009948730497, 34.58653259277337], [135.68150329589798, 34.5849342346191], [135.681198120117, 34.584201812744126], [135.67620849609403, 34.580398559570305], [135.67260742187497, 34.57993316650391], [135.67109680175804, 34.57666778564452], [135.67269897460898, 34.570667266845696], [135.67039489746097, 34.56973266601563], [135.65769958496097, 34.56299972534184], [135.65739440917994, 34.56079864501948], [135.65449523925804, 34.55360031127929], [135.65620422363304, 34.552200317382834], [135.65290832519494, 34.546932220458984], [135.65049743652295, 34.544933319091804], [135.65330505371094, 34.54133224487298], [135.65809631347696, 34.543533325195256], [135.65980529785193, 34.54100036621092], [135.65969848632804, 34.538333892822344], [135.66169738769497, 34.53026580810549], [135.66529846191398, 34.52953338623052], [135.66709899902298, 34.530799865722734], [135.66909790039097, 34.53060150146482], [135.67660522460898, 34.524600982666], [135.67669677734398, 34.51353454589842], [135.675094604492, 34.505798339843814], [135.67300415039097, 34.5032005310059], [135.67449951171895, 34.50133514404296], [135.67799377441398, 34.49773406982423], [135.67970275878898, 34.490268707275376], [135.68420410156304, 34.485401153564524], [135.68200683593804, 34.48146820068364], [135.68170166015597, 34.477134704589766], [135.68190002441398, 34.465133666992216], [135.68190002441398, 34.464801788330064], [135.68270874023398, 34.4567337036133], [135.68640136718804, 34.450866699218814], [135.68240356445298, 34.44433212280266], [135.67979431152298, 34.43566894531253], [135.67199707031304, 34.426399230957045], [135.66960144042994, 34.426334381103466], [135.66470336914094, 34.42399978637704], [135.66619873046903, 34.41986465454098], [135.66610717773398, 34.41913223266601], [135.67089843749997, 34.41320037841803], [135.67610168456997, 34.413734436035185], [135.67990112304696, 34.408267974853516], [135.67689514160196, 34.40633392333982], [135.67539978027298, 34.399532318115185], [135.66310119628895, 34.39653396606454], [135.66169738769497, 34.39260101318357], [135.65490722656304, 34.38479995727538], [135.65069580078097, 34.38320159912111], [135.63960266113304, 34.38333129882808], [135.63839721679696, 34.381999969482386], [135.62179565429702, 34.38393402099608], [135.61959838867202, 34.38439941406248], [135.61399841308602, 34.377067565917955], [135.60389709472702, 34.37733459472662], [135.60130310058602, 34.379398345947294], [135.59739685058602, 34.38040161132811], [135.594100952148, 34.375267028808594], [135.583999633789, 34.3761329650879], [135.579498291016, 34.37639999389647], [135.570495605469, 34.37153244018553], [135.567001342773, 34.371799468994105], [135.56140136718798, 34.36679840087892], [135.552795410156, 34.359268188476584], [135.550201416016, 34.35820007324219], [135.54699707031298, 34.35653305053707], [135.54069519042997, 34.35760116577146], [135.53469848632798, 34.35253143310552], [135.52870178222696, 34.35133361816406], [135.52270507812497, 34.34766769409176], [135.50770568847696, 34.33653259277342], [135.50300598144497, 34.33653259277342], [135.50210571289097, 34.33779907226563], [135.50360107421895, 34.33886718750003], [135.50279235839798, 34.343399047851634], [135.50309753417997, 34.34640121459964], [135.5, 34.350200653076186], [135.49679565429696, 34.35246658325203], [135.49079895019497, 34.35480117797846], [135.48500061035196, 34.36273574829098], [135.47909545898398, 34.35820007324219], [135.47750854492193, 34.35366821289058], [135.47309875488304, 34.353199005127], [135.46609497070304, 34.34786605834958], [135.46369934081994, 34.34799957275391], [135.458206176758, 34.34726715087894], [135.45269775390594, 34.34973144531252], [135.45039367675804, 34.34926605224612], [135.443801879883, 34.347599029541], [135.43389892578102, 34.348133087158246], [135.431106567383, 34.34726715087894], [135.42610168457003, 34.34066772460939], [135.417495727539, 34.340068817138665], [135.413604736328, 34.3410682678223], [135.408798217773, 34.341865539550845], [135.406692504883, 34.33653259277342], [135.406402587891, 34.33533477783197], [135.40109252929702, 34.332664489746115], [135.39709472656298, 34.3305320739746], [135.393203735352, 34.33126831054693], [135.39239501953102, 34.331733703613324], [135.388900756836, 34.332466125488295], [135.386795043945, 34.32973480224614], [135.380996704102, 34.32893371582033], [135.37600708007798, 34.330268859863295], [135.371795654297, 34.330200195312536], [135.36880493164097, 34.330600738525355], [135.362197875977, 34.329132080078054], [135.35929870605497, 34.33259963989263], [135.354095458984, 34.33280181884772], [135.34629821777298, 34.33086776733402], [135.34230041503898, 34.334400177001996], [135.33860778808597, 34.334934234619055], [135.338195800781, 34.33513259887697], [135.33880615234395, 34.33100128173827], [135.33529663085898, 34.32673263549796], [135.32800292968804, 34.32413482666023], [135.33000183105497, 34.316665649414105], [135.32550048828097, 34.31906509399411], [135.31109619140597, 34.31359863281253], [135.30720520019497, 34.31433486938477], [135.30349731445304, 34.31266784667974], [135.30130004882804, 34.30406570434574], [135.29879760742196, 34.302536010742216], [135.29660034179696, 34.300868988037095], [135.29310607910202, 34.29933166503913], [135.28939819335903, 34.30200195312498], [135.28610229492202, 34.31153488159177], [135.28219604492193, 34.31779861450199], [135.270706176758, 34.31219863891599], [135.26220703125003, 34.31259918212889], [135.25729370117202, 34.31546783447274], [135.24679565429702, 34.31306838989256], [135.235305786133, 34.304267883300824], [135.22509765625, 34.300868988037095], [135.222503662109, 34.303001403808615], [135.207595825195, 34.30806732177729], [135.208099365234, 34.30406570434574], [135.20500183105497, 34.30046844482419], [135.204803466797, 34.2887992858887], [135.199295043945, 34.287334442138665], [135.19709777832, 34.28660202026369], [135.19319152832, 34.286933898925845], [135.189697265625, 34.283267974853544], [135.187805175781, 34.28313446044921], [135.18440246582, 34.279399871826236], [135.17939758300798, 34.27946472167972], [135.17219543457, 34.28020095825197], [135.16020202636696, 34.277732849121115], [135.15310668945304, 34.274200439453054], [135.15449523925795, 34.28066635131836], [135.14799499511696, 34.28353500366212], [135.14350891113304, 34.28079986572269], [135.14010620117196, 34.28179931640633], [135.13749694824196, 34.274532318115206], [135.13250732421903, 34.272464752197266], [135.12910461425804, 34.27426528930663], [135.12600708007804, 34.27673339843748], [135.12179565429696, 34.274600982665966], [135.11810302734403, 34.27353286743157], [135.11369323730503, 34.274333953857386], [135.111206054688, 34.271999359130874], [135.10760498046903, 34.277801513671875], [135.10859680175804, 34.28286743164063], [135.10189819335903, 34.285800933837876], [135.09919738769503, 34.28839874267579], [135.099304199219, 34.292133331298764], [135.09649658203102, 34.29586791992191], [135.10260009765602, 34.301666259765554], [135.10580444335903, 34.30786895751947], [135.10310363769503, 34.31040191650389], [135.09739685058602, 34.30786895751947], [135.09310913085903, 34.3116683959961], [135.09330749511702, 34.31460189819344], [135.095901489258, 34.31426620483401], [135.09719848632804, 34.31433486938477], [135.10099792480503, 34.318733215332045], [135.113403320313, 34.32199859619144], [135.11740112304693, 34.3216018676758], [135.11949157714795, 34.3220672607422], [135.12179565429696, 34.31993484497068], [135.12179565429696, 34.321067810058565], [135.12179565429696, 34.324199676513715], [135.12359619140597, 34.32506561279302], [135.12600708007804, 34.32460021972663], [135.13029479980503, 34.32600021362299], [135.13279724121097, 34.32300186157226], [135.12989807128903, 34.320667266845746], [135.13880920410202, 34.31859970092771], [135.13969421386696, 34.31760025024408], [135.14230346679696, 34.319599151611264], [135.14279174804696, 34.32086563110347], [135.14720153808597, 34.32279968261717], [135.15289306640597, 34.3311347961426], [135.161193847656, 34.3311347961426], [135.16920471191398, 34.3354682922363], [135.17300415039097, 34.33653259277342], [135.17500305175798, 34.337535858154325], [135.177795410156, 34.33653259277342], [135.17820739746097, 34.336467742919936], [135.18859863281298, 34.33653259277342], [135.19079589843798, 34.33779907226563], [135.192199707031, 34.33653259277342], [135.19230651855497, 34.336067199707024], [135.193695068359, 34.33639907836909], [135.193695068359, 34.33653259277342], [135.196197509766, 34.33840179443363], [135.20149230957, 34.34206771850594], [135.20329284668, 34.34086608886721], [135.20520019531298, 34.34266662597658], [135.206893920898, 34.342601776123], [135.218200683594, 34.34493255615234], [135.228897094727, 34.353534698486335], [135.24150085449202, 34.36700057983401], [135.241302490234, 34.36780166625983], [135.24679565429702, 34.373733520507805], [135.24839782714804, 34.37673187255862], [135.25039672851602, 34.37680053710938], [135.25419616699202, 34.375999450683565], [135.251892089844, 34.37746810913087], [135.25650024414102, 34.38093185424799], [135.25839233398403, 34.381401062011655], [135.26249694824202, 34.38053131103517], [135.26269531250003, 34.381465911865234], [135.26269531250003, 34.3802642822266], [135.27259826660202, 34.3890686035156], [135.27360534668003, 34.39133453369136], [135.27319335937503, 34.38959884643548], [135.27859497070304, 34.393531799316364], [135.27940368652304, 34.39526748657233], [135.286499023438, 34.40066528320306], [135.28860473632804, 34.403465270996065], [135.29269409179696, 34.40693283081046], [135.29429626464804, 34.41506576538089], [135.30200195312503, 34.415802001953125], [135.30619812011696, 34.41946792602543], [135.30929565429696, 34.41706848144534], [135.31349182128898, 34.41986465454098], [135.31440734863304, 34.4221343994141], [135.31449890136696, 34.421268463134794], [135.31559753417994, 34.42179870605468], [135.31550598144497, 34.41986465454098], [135.31629943847696, 34.41866683959962], [135.31770324706997, 34.41986465454098], [135.31669616699196, 34.42173385620119], [135.31880187988304, 34.420001983642585], [135.31809997558597, 34.4221343994141], [135.32130432128895, 34.42179870605468], [135.31919860839798, 34.4225997924805], [135.31329345703097, 34.426532745361285], [135.31739807128898, 34.430667877197344], [135.32240295410196, 34.427867889404254], [135.32040405273398, 34.42566680908198], [135.32240295410196, 34.424331665039105], [135.32789611816398, 34.42980194091804], [135.32580566406304, 34.431201934814496], [135.32479858398398, 34.43013381958011], [135.32069396972696, 34.43286895751953], [135.32460021972696, 34.436931610107386], [135.33079528808597, 34.4327354431152], [135.33459472656304, 34.43866729736326], [135.33749389648398, 34.441867828369084], [135.33610534667997, 34.444267272949176], [135.34320068359398, 34.44993591308593], [135.34609985351597, 34.44800186157232], [135.349899291992, 34.451801300048785], [135.35169982910196, 34.45786666870118], [135.35310363769497, 34.45713424682621], [135.35150146484398, 34.451801300048785], [135.35310363769497, 34.450801849365234], [135.35929870605497, 34.45986557006837], [135.360900878906, 34.46148681640634], [135.36004638671903, 34.461963653564545], [135.35911560058597, 34.4624862670898], [135.35841369628898, 34.46165466308592], [135.35778808593798, 34.46093750000003], [135.353988647461, 34.46299362182616], [135.35638427734398, 34.46429443359379], [135.36282348632795, 34.472175598144545], [135.36344909668003, 34.471416473388686], [135.36412048339798, 34.47060012817379], [135.363388061523, 34.46977233886718], [135.36244201660202, 34.46860122680661], [135.36233520507804, 34.4684753417969], [135.36233520507804, 34.468288421630895], [135.36224365234403, 34.466548919677656], [135.36372375488304, 34.465766906738274], [135.36555480957003, 34.468097686767614], [135.36691284179696, 34.467987060546896], [135.36833190918003, 34.46774673461911], [135.36918640136702, 34.46746826171882], [135.36946105957003, 34.4673957824707], [135.369873046875, 34.467453002929744], [135.37004089355503, 34.467559814453104], [135.37025451660202, 34.467826843261676], [135.37034606933602, 34.46800231933588], [135.372177124023, 34.4715156555176], [135.37220764160196, 34.4716300964355], [135.37121582031304, 34.471916198730504], [135.36862182617196, 34.471462249755916], [135.36782836914097, 34.47191238403324], [135.36505126953102, 34.47585678100592], [135.363815307617, 34.47761154174797], [135.36614990234403, 34.48065948486329], [135.366683959961, 34.48039627075198], [135.37173461914094, 34.47787857055663], [135.37272644042997, 34.477256774902294], [135.37411499023398, 34.476215362548785], [135.37443542480503, 34.47579574584962], [135.37353515624997, 34.47468948364262], [135.37516784668, 34.473552703857386], [135.37574768066403, 34.47321319580078], [135.3759765625, 34.473274230957], [135.37640380859398, 34.474327087402315], [135.37696838378903, 34.478607177734425], [135.37469482421898, 34.47980117797852], [135.37182617187497, 34.481269836425824], [135.37220764160196, 34.48263168334959], [135.37249755859398, 34.483489990234446], [135.37532043456997, 34.4825668334961], [135.37586975097702, 34.48238754272463], [135.37603759765597, 34.48247528076173], [135.37721252441398, 34.485801696777344], [135.377410888672, 34.48649978637698], [135.37220764160196, 34.4892234802246], [135.37030029296898, 34.49020767211907], [135.37219238281298, 34.49388504028318], [135.37220764160196, 34.4944725036621], [135.37184143066403, 34.494758605957024], [135.370895385742, 34.49550247192381], [135.370880126953, 34.50014114379877], [135.37086486816403, 34.502647399902315], [135.37113952636696, 34.50327301025393], [135.371276855469, 34.50355911254876], [135.37225341796903, 34.504989624023366], [135.37382507324196, 34.507274627685476], [135.37626647949202, 34.50867462158202], [135.37654113769497, 34.5088386535645], [135.37748718261702, 34.50939941406254], [135.37861633300798, 34.51097106933593], [135.37664794921903, 34.51242828369143], [135.37646484375003, 34.51220321655272], [135.3759765625, 34.5114898681641], [135.37550354003898, 34.51091384887698], [135.36715698242202, 34.51711273193362], [135.37829589843798, 34.532005310058636], [135.371368408203, 34.5225410461426], [135.377883911133, 34.51928329467774], [135.378051757813, 34.51915359497068], [135.378082275391, 34.51885604858404], [135.376510620117, 34.516651153564496], [135.37677001953102, 34.51651763916016], [135.37945556640594, 34.51517105102539], [135.37974548339804, 34.51522445678707], [135.3798828125, 34.515289306640554], [135.38043212890597, 34.51570129394527], [135.38063049316398, 34.51597213745121], [135.38075256347702, 34.516139984130874], [135.38211059570298, 34.51913070678707], [135.38215637207003, 34.5193519592285], [135.38221740722696, 34.51962661743161], [135.38224792480503, 34.520111083984446], [135.38223266601597, 34.52042388916016], [135.382080078125, 34.5215377807617], [135.381790161133, 34.522716522216804], [135.38174438476602, 34.52293395996088], [135.381896972656, 34.52416229248049], [135.382125854492, 34.52532577514653], [135.38220214843798, 34.52550888061518], [135.38442993164097, 34.51878356933592], [135.385986328125, 34.517513275146534], [135.38470458984398, 34.51568222045901], [135.381774902344, 34.51169967651372], [135.384155273438, 34.50995635986331], [135.38755798339804, 34.5143547058105], [135.38952636718804, 34.51282882690433], [135.38626098632804, 34.50837326049802], [135.39013671874997, 34.505496978759815], [135.39237976074202, 34.50755691528322], [135.39038085937503, 34.50914764404304], [135.390426635742, 34.509273529052656], [135.392684936523, 34.51222991943361], [135.39302062988298, 34.51213836669923], [135.39505004882804, 34.51153564453133], [135.39666748046903, 34.51083374023442], [135.39605712890597, 34.509815216064524], [135.396392822266, 34.509517669677706], [135.39688110351602, 34.5091667175293], [135.39706420898403, 34.509185791015554], [135.399185180664, 34.5100212097168], [135.40045166015597, 34.51087570190429], [135.39743041992196, 34.51382064819343], [135.39735412597693, 34.5141639709473], [135.39825439453097, 34.51516723632812], [135.40206909179702, 34.518547058105504], [135.403213500977, 34.5173797607422], [135.40135192871097, 34.51418304443356], [135.40257263183602, 34.51296615600594], [135.404403686523, 34.51615524291986], [135.405609130859, 34.514995574951186], [135.40376281738304, 34.51182174682616], [135.405197143555, 34.51041412353516], [135.40983581542997, 34.513648986816406], [135.40641784667997, 34.516895294189545], [135.41032409667997, 34.52296447753913], [135.41815185546895, 34.51938247680656], [135.418411254883, 34.5193519592285], [135.41864013671898, 34.519325256347706], [135.41873168945298, 34.519580841064474], [135.41877746582003, 34.51972961425779], [135.41900634765602, 34.5201797485352], [135.41987609863304, 34.5210342407227], [135.42514038085898, 34.52611923217771], [135.43180847168, 34.53219604492192], [135.43745422363298, 34.540733337402344], [135.43766784667994, 34.54104614257806], [135.43778991699196, 34.541236877441435], [135.442138671875, 34.54778289794921], [135.44387817382804, 34.55115127563479], [135.44407653808597, 34.55176162719732], [135.44566345214798, 34.55693435668953], [135.43965148925798, 34.5585594177246], [135.43608093261696, 34.55952072143546], [135.43132019043, 34.56075668334961], [135.422424316406, 34.56075286865234], [135.42195129394497, 34.5607452392578], [135.41046142578097, 34.56075286865234], [135.409194946289, 34.562885284423764], [135.409790039063, 34.56389617919921], [135.40476989746102, 34.5864906311035], [135.40203857421898, 34.59985351562499], [135.40235900878903, 34.600063323974624], [135.40266418456994, 34.59998321533197], [135.41574096679696, 34.59375], [135.41729736328102, 34.58659744262704], [135.42027282714804, 34.5726127624512], [135.42074584960898, 34.57038497924804], [135.42086791992196, 34.5696487426758], [135.42947387695304, 34.57072067260737], [135.42915344238295, 34.57271575927729], [135.427719116211, 34.58116149902343], [135.42739868164102, 34.581157684326165], [135.42625427246097, 34.58766555786134], [135.42614746093804, 34.589675903320334], [135.43374633789097, 34.586662292480526], [135.43418884277304, 34.586395263671946], [135.43447875976602, 34.58471298217766], [135.43424987792997, 34.58467864990233], [135.435043334961, 34.582679748535234], [135.441543579102, 34.58292388916019], [135.44345092773398, 34.576267242431605], [135.444702148438, 34.56886672973633], [135.44447326660196, 34.568691253662124], [135.44456481933597, 34.56818771362304], [135.444717407227, 34.56735229492189], [135.445007324219, 34.56707763671877], [135.44625854492196, 34.566673278808594], [135.448638916016, 34.565948486328075], [135.452453613281, 34.56486892700196], [135.45298767089804, 34.56575012207034], [135.45338439941403, 34.56644439697271], [135.449447631836, 34.567951202392614], [135.45063781738298, 34.5724487304688], [135.451431274414, 34.574985504150405], [135.45185852050798, 34.575477600097685], [135.45278930664102, 34.575923919677734], [135.45550537109403, 34.575820922851555], [135.45541381835903, 34.574211120605476], [135.45547485351597, 34.573600769043026], [135.45671081543003, 34.57267761230469], [135.45715332031298, 34.57323455810554], [135.457565307617, 34.57386398315433], [135.45767211914097, 34.575687408447315], [135.45668029785196, 34.57642364501947], [135.452743530273, 34.576576232910234], [135.45178222656304, 34.577117919921925], [135.450134277344, 34.583457946777344], [135.450256347656, 34.58365631103516], [135.45056152343804, 34.58377838134769], [135.450805664063, 34.58372497558592], [135.45196533203097, 34.583366394042976], [135.45187377929696, 34.5831871032715], [135.45338439941403, 34.582672119140604], [135.45405578613298, 34.5825843811035], [135.45506286621097, 34.58250427246094], [135.45732116699202, 34.582519531250014], [135.45887756347696, 34.58352279663092], [135.46250915527304, 34.582756042480526], [135.46257019042997, 34.58255386352544], [135.46322631835903, 34.581405639648395], [135.463836669922, 34.58127593994142], [135.46411132812503, 34.58133316040037], [135.46469116210898, 34.58152008056638], [135.465438842773, 34.582092285156314], [135.46571350097702, 34.582679748535234], [135.46638488769497, 34.58462142944338], [135.46507263183597, 34.585029602050824], [135.464447021484, 34.58510971069339], [135.46401977539102, 34.585029602050824], [135.463729858398, 34.58489608764649], [135.46337890624997, 34.58464050292972], [135.463317871094, 34.58429718017577], [135.463455200195, 34.58393859863282], [135.46376037597696, 34.583457946777344], [135.46435546875, 34.58329010009768], [135.46429443359403, 34.583072662353516], [135.45060729980503, 34.58659744262704], [135.44929504394503, 34.586959838867166], [135.44929504394503, 34.58713531494137], [135.452453613281, 34.590015411377024], [135.46061706543, 34.58787536621088], [135.460632324219, 34.587650299072266], [135.462432861328, 34.58733367919919], [135.46278381347696, 34.587928771972734], [135.462753295898, 34.58948135375978], [135.46261596679702, 34.59152984619138], [135.46060180664102, 34.59482955932619], [135.45968627929696, 34.59480285644531], [135.45989990234403, 34.59065628051762], [135.45909118652304, 34.59003829956046], [135.45178222656304, 34.59193420410164], [135.449432373047, 34.59107208251952], [135.44787597656304, 34.59049224853523], [135.443939208984, 34.58934402465818], [135.44378662109403, 34.58961486816411], [135.443344116211, 34.59041976928711], [135.43774414062497, 34.58869934082031], [135.42553710937497, 34.593364715576165], [135.42352294921898, 34.605022430419936], [135.43089294433602, 34.60285186767582], [135.433517456055, 34.602348327636726], [135.43380737304702, 34.60214233398437], [135.43325805664097, 34.600841522216825], [135.43896484374997, 34.59915161132809], [135.444702148438, 34.59765243530272], [135.445358276367, 34.59819793701168], [135.44557189941398, 34.59868621826169], [135.446441650391, 34.600688934326236], [135.44651794433602, 34.600975036621065], [135.44648742675804, 34.60189437866214], [135.437026977539, 34.60478591918951], [135.43714904785196, 34.6066970825195], [135.437091526385, 34.608611775002466], [135.43710327148403, 34.61073303222656], [135.42344665527298, 34.61080169677732], [135.42338562011693, 34.61899566650388], [135.42366027831997, 34.619136810302656], [135.42608642578102, 34.617946624755916], [135.42665100097696, 34.61305618286127], [135.432922363281, 34.61305999755863], [135.43289184570304, 34.61498260498052], [135.43016052246097, 34.61604690551764], [135.43019104003903, 34.61764144897456], [135.43170166015602, 34.61734390258792], [135.43136596679696, 34.620830535888665], [135.431304931641, 34.62134170532229], [135.43128967285202, 34.62180328369141], [135.43418884277304, 34.6233367919922], [135.44125366210898, 34.62611389160159], [135.44149780273403, 34.62517547607417], [135.44285583496097, 34.61811828613276], [135.44367980956997, 34.616596221923785], [135.44624328613298, 34.614669799804716], [135.44715881347696, 34.614719390869126], [135.447525024414, 34.62197113037108], [135.44818115234403, 34.625556945800824], [135.44837951660196, 34.629142761230476], [135.44808959960903, 34.63071823120122], [135.44827270507795, 34.6309852600098], [135.45040893554702, 34.6305465698242], [135.45344543457, 34.62923812866212], [135.45338439941403, 34.63164901733401], [135.45263671875, 34.63488388061517], [135.450927734375, 34.635158538818374], [135.44828796386696, 34.634754180908196], [135.44750976562503, 34.63901519775387], [135.44715881347696, 34.64118576049799], [135.449737548828, 34.64199829101561], [135.44981384277304, 34.64180755615233], [135.44989013671903, 34.64144897460938], [135.44937133789097, 34.64126586914064], [135.449264526367, 34.64144515991212], [135.44839477539102, 34.641330718994126], [135.44775390624997, 34.64111709594732], [135.44848632812503, 34.635524749755945], [135.44853210449202, 34.63541030883787], [135.448638916016, 34.63540267944342], [135.45077514648398, 34.635829925537124], [135.45005798339798, 34.64033508300776], [135.451629638672, 34.64056015014646], [135.45103951579503, 34.64380787439031], [135.45079040527304, 34.64530944824224], [135.450531005859, 34.6459426879883], [135.45010375976602, 34.64671325683587], [135.44827270507795, 34.646060943603466], [135.447647094727, 34.64580154418952], [135.44592285156298, 34.645103454589794], [135.44416809081997, 34.644474029541], [135.443801879883, 34.64455032348629], [135.442230224609, 34.64519500732416], [135.442016601563, 34.64540481567379], [135.44563293457, 34.646720886230504], [135.44352722168, 34.64749526977543], [135.43986511230497, 34.64616394042974], [135.435348510742, 34.64802551269532], [135.43539428710903, 34.648277282714815], [135.437118530273, 34.64891433715824], [135.43885803222696, 34.64953613281249], [135.43733215332, 34.6507148742676], [135.433212280273, 34.64921569824224], [135.43228149414102, 34.649574279785185], [135.42938232421903, 34.65090560913088], [135.42648315429702, 34.6500244140625], [135.42608642578102, 34.649963378906286], [135.42588806152304, 34.650096893310526], [135.42539978027304, 34.65101242065433], [135.425521850586, 34.65122985839841], [135.42674255371097, 34.65172195434569], [135.42730712890602, 34.65191650390633], [135.427917480469, 34.651981353759815], [135.428039550781, 34.65181350708006], [135.42874145507798, 34.65208053588872], [135.428817749023, 34.652362823486285], [135.42799377441403, 34.65480804443361], [135.42622375488298, 34.6557006835938], [135.42352294921898, 34.657127380371136], [135.42294311523398, 34.65713119506841], [135.422424316406, 34.65678405761718], [135.42185974121097, 34.65577697753909], [135.42144775390597, 34.65500259399407], [135.42073059082, 34.65368270874018], [135.41935729980494, 34.653202056884794], [135.41917419433602, 34.65332412719732], [135.41984558105497, 34.65687561035164], [135.420303344727, 34.65940475463871], [135.42041015625, 34.66015625000002], [135.41801452636702, 34.659519195556605], [135.41624450683597, 34.65347290039064], [135.415924072266, 34.65220260620116], [135.41567993164102, 34.6519584655762], [135.41510009765602, 34.65171051025388], [135.41464233398398, 34.65155792236329], [135.41444396972696, 34.65154266357421], [135.414321899414, 34.6515693664551], [135.41426086425804, 34.65179824829098], [135.41435241699196, 34.65223312377931], [135.41464233398398, 34.653488159179716], [135.41645812988304, 34.66150665283198], [135.41764831542997, 34.66183471679686], [135.41773986816398, 34.661666870117195], [135.422607421875, 34.66304779052731], [135.423721313477, 34.66352081298833], [135.42445373535196, 34.6646690368652], [135.426300048828, 34.66785430908203], [135.42605590820298, 34.668277740478466], [135.42575073242196, 34.668159484863295], [135.42512512207, 34.66702651977542], [135.424423217773, 34.66576766967774], [135.41792297363298, 34.66355895996093], [135.41748046875003, 34.663452148437486], [135.416915893555, 34.66385650634766], [135.41693115234398, 34.66605377197266], [135.41702270507798, 34.66864776611331], [135.41714477539097, 34.66898727416991], [135.41734313964798, 34.669189453125], [135.41850280761702, 34.67064666748049], [135.417724609375, 34.673484802246094], [135.412854493637, 34.67176587427822], [135.40986633300804, 34.67081069946289], [135.408203125, 34.671901702880895], [135.40887923016297, 34.67449886791673], [135.41931429678203, 34.67685918060452], [135.41614650870102, 34.68418857263497], [135.41754406226698, 34.6866731123063], [135.423910695174, 34.69319502894363], [135.41381725276003, 34.6866731123063], [135.41241969919398, 34.68776009841258], [135.40807175477002, 34.691021056731245], [135.40279210796797, 34.69319502894363], [135.41029357910202, 34.700599670410185], [135.424194335938, 34.705867767334034], [135.427505493164, 34.7096672058105], [135.43679809570304, 34.71493530273443], [135.44700622558602, 34.71966552734377], [135.44520568847702, 34.72926712036132], [135.446899414063, 34.73326873779296], [135.45610046386696, 34.73473358154299], [135.45989990234403, 34.7332000732422], [135.45869445800804, 34.7346687316895], [135.45930480957003, 34.751399993896484], [135.45700073242202, 34.75113296508791], [135.45579528808602, 34.75320053100594], [135.45620727539102, 34.7597999572754], [135.45320129394503, 34.758598327636676], [135.45109558105503, 34.75839996337894], [135.44920349121102, 34.767398834228494], [135.44439697265602, 34.76839828491213], [135.44529724121102, 34.77479934692377], [135.44270324707003, 34.78419876098632], [135.44140625000003, 34.790931701660206], [135.44059753418003, 34.79173278808593], [135.43870544433602, 34.79180145263669], [135.43409729003903, 34.79713439941411], [135.43269348144503, 34.797733306884844], [135.42919921875003, 34.802467346191364], [135.42340087890602, 34.80193328857421], [135.41569519043, 34.81946563720701], [135.42149353027304, 34.826267242431555], [135.42390441894503, 34.83653259277341], [135.416702270508, 34.85206604003911], [135.420303344727, 34.851531982421875], [135.42990112304702, 34.85546875000002], [135.43040466308602, 34.860000610351634], [135.434204101563, 34.87020111083982], [135.43659973144503, 34.877601623535185], [135.43969726562503, 34.88753128051762], [135.44259643554702, 34.8912010192871], [135.44459533691403, 34.89540100097656], [135.44459533691403, 34.89846801757814], [135.43780517578102, 34.896068572997955], [135.43290710449202, 34.89220046997074], [135.430603027344, 34.892265319824226], [135.43170166015602, 34.8953323364258], [135.42680358886702, 34.90606689453132], [135.420196533203, 34.90660095214839], [135.41819763183602, 34.90879821777339], [135.421905517578, 34.9106674194336], [135.42399597168, 34.91313552856454], [135.43299865722702, 34.91680145263666], [135.43800354003903, 34.91986465454097], [135.45109558105503, 34.91986465454097], [135.45550537109403, 34.9182662963867], [135.45750427246102, 34.9182662963867], [135.45980834960903, 34.91820144653321], [135.46510314941403, 34.91986465454097], [135.46569824218804, 34.92173385620118], [135.46710205078097, 34.925201416015575], [135.46679687500003, 34.928733825683636], [135.46139526367196, 34.926601409912124], [135.45170593261702, 34.930866241455064], [135.44169616699193, 34.93926620483398], [135.43930053710903, 34.93746566772462], [135.43569946289102, 34.937801361084034], [135.42799377441403, 34.93646621704098], [135.42460632324202, 34.93573379516601], [135.41819763183602, 34.93386840820307], [135.417098999023, 34.94106674194343], [135.41209411621102, 34.940067291259794], [135.409194946289, 34.94113159179692], [135.411605834961, 34.942199707031314], [135.410797119141, 34.94319915771477], [135.407699584961, 34.94319915771477], [135.396392822266, 34.94419860839841], [135.392303466797, 34.9413986206055], [135.39050292968798, 34.942932128906286], [135.38720703125, 34.94693374633792], [135.385406494141, 34.95366668701171], [135.382705688477, 34.95539855957032], [135.37629699707, 34.95579910278323], [135.371795654297, 34.9537315368652], [135.36950683593798, 34.954799652099595], [135.36489868164097, 34.95600128173832], [135.36010742187497, 34.95446777343753], [135.354797363281, 34.96160125732423], [135.349197387695, 34.9642677307129], [135.34559631347696, 34.965267181396534], [135.34620666503898, 34.9683990478516], [135.34979248046898, 34.979801177978516], [135.35099792480497, 34.97959899902342], [135.358993530273, 34.98233413696294], [135.35330200195298, 34.988132476806584], [135.35250854492196, 35], [135.35229492187497, 35.00320053100589], [135.35279846191398, 35.005931854247955], [135.35400390624997, 35.00780105590817], [135.3544921875, 35.01380157470699], [135.35420227050798, 35.02406692504884], [135.34910583496097, 35.02653503417969], [135.34539794921898, 35.02613449096678], [135.339401245117, 35.0258674621582], [135.33369445800798, 35.034534454345696], [135.33039855956997, 35.034534454345696], [135.33760070800795, 35.04359817504882], [135.33900451660196, 35.04313278198243], [135.34219360351597, 35.04359817504882], [135.34779357910196, 35.045467376709034], [135.34899902343795, 35.050865173339766], [135.35769653320298, 35.05006790161131], [135.36160278320298, 35.04733276367188], [135.366195678711, 35.044532775878885], [135.37080383300798, 35.0453338623047]]], [[[135.409713745117, 34.65902709960941], [135.408599853516, 34.65920639038089], [135.40180969238298, 34.66031646728524], [135.40180969238298, 34.66046905517583], [135.394683837891, 34.66160202026371], [135.387908935547, 34.66266632080083], [135.387802124023, 34.66246795654301], [135.38674926757804, 34.66265106201167], [135.387908935547, 34.667739868164134], [135.39080810546898, 34.6691017150879], [135.39215087890597, 34.66964340209959], [135.40248107910202, 34.673286437988274], [135.40763854980497, 34.6698913574219], [135.409317016602, 34.66876220703129], [135.41088867187503, 34.665584564209], [135.409713745117, 34.65902709960941]]], [[[135.39208984375, 34.6422500610352], [135.37893676757804, 34.64306640625001], [135.37286376953102, 34.65196228027338], [135.37944030761696, 34.66006088256838], [135.38684082031304, 34.65893936157231], [135.398071289063, 34.65716171264647], [135.399627685547, 34.656887054443445], [135.404495239258, 34.65370559692379], [135.40264892578097, 34.65181350708006], [135.399795532227, 34.64888000488281], [135.39425659179696, 34.645622253417955], [135.394165039063, 34.645671844482365], [135.392196655273, 34.64699935913089], [135.39207458496102, 34.64697265625], [135.391998291016, 34.64690780639651], [135.39198303222702, 34.64656448364264], [135.39204406738304, 34.64578247070308], [135.39225769043003, 34.643898010253885], [135.392196655273, 34.643013000488324], [135.39208984375, 34.6422500610352]]], [[[135.42216491699196, 34.6219177246094], [135.420593261719, 34.62580871582032], [135.41937255859403, 34.62596130371091], [135.41621398925798, 34.626052856445284], [135.41616821289102, 34.625843048095746], [135.41032409667997, 34.62585067749019], [135.40737915039102, 34.62945175170901], [135.41476440429696, 34.63484954833984], [135.412216186523, 34.63714218139648], [135.40443420410196, 34.6314125061035], [135.39860534668, 34.631267547607365], [135.39849853515602, 34.6313743591309], [135.39848327636702, 34.63821792602541], [135.39863586425795, 34.63837432861327], [135.40176391601602, 34.63955307006838], [135.405288696289, 34.640819549560504], [135.41624450683597, 34.64473724365231], [135.416732788086, 34.644599914550795], [135.417602539063, 34.64435958862301], [135.42408752441403, 34.64260101318361], [135.426116943359, 34.64294052124021], [135.43235778808597, 34.64397430419918], [135.433929443359, 34.64346694946291], [135.43934631347696, 34.64122009277341], [135.44166564941398, 34.62925338745119], [135.44184875488298, 34.6283226013184], [135.44166564941398, 34.62818908691407], [135.43180847168, 34.62437820434571], [135.42216491699196, 34.6219177246094]]], [[[135.417526245117, 34.61083602905274], [135.41699218750003, 34.6121215820313], [135.40266418456994, 34.61206054687499], [135.40054321289097, 34.617439270019474], [135.39932250976597, 34.62071990966803], [135.40219116210903, 34.6207008361816], [135.405914306641, 34.61974716186519], [135.41227722168003, 34.61978149414062], [135.414672851563, 34.619483947753885], [135.41699218750003, 34.61953353881839], [135.41699218750003, 34.619758605957], [135.418395996094, 34.61961746215822], [135.42033386230497, 34.61298370361334], [135.41912841796898, 34.61084747314446], [135.417526245117, 34.61083602905274]]], [[[135.42625427246097, 34.54705047607424], [135.43064880371097, 34.55371475219728], [135.434921264648, 34.552742004394524], [135.43676757812497, 34.555454254150426], [135.440734863281, 34.554409027099645], [135.44091796875, 34.55412292480472], [135.44078063964804, 34.54958343505858], [135.44044494628898, 34.5486755371094], [135.440032958984, 34.548107147216825], [135.43637084960898, 34.54253768920898], [135.43119812011702, 34.534820556640625], [135.43075561523398, 34.534187316894474], [135.42236328124997, 34.52571105957027], [135.42147827148403, 34.52487182617194], [135.42120361328102, 34.524734497070334], [135.42106628418003, 34.52463531494143], [135.41999816894503, 34.52442932128907], [135.41769409179702, 34.52423858642579], [135.40476989746102, 34.53004074096679], [135.40466308593804, 34.53012847900389], [135.40473937988295, 34.53035354614259], [135.40719604492202, 34.53499603271483], [135.40437316894503, 34.536052703857415], [135.40104675292994, 34.5341453552246], [135.39910888671898, 34.536437988281335], [135.40527343750003, 34.547294616699205], [135.40603637695298, 34.54858398437503], [135.40928649902304, 34.5544166564941], [135.415802001953, 34.54997634887704], [135.41213989257798, 34.54351043701173], [135.41133117675798, 34.54199600219729], [135.41578674316403, 34.539955139160234], [135.42012023925798, 34.53797149658204], [135.42269897460903, 34.541778564453125], [135.42488098144503, 34.5450592041016], [135.42625427246097, 34.54705047607424]]], [[[135.39373779296895, 34.531379699707024], [135.39465332031304, 34.532611846923814], [135.39634704589798, 34.53271102905273], [135.39965820312503, 34.52920532226564], [135.40112304687497, 34.52742385864262], [135.40267944335903, 34.525581359863295], [135.40109252929702, 34.52057266235348], [135.40045166015597, 34.51929473876946], [135.39976501464804, 34.518928527831974], [135.39675903320304, 34.5182723999023], [135.39518737793, 34.51815032958977], [135.39382934570298, 34.518501281738274], [135.393188476563, 34.51909637451173], [135.39656066894494, 34.52146911621094], [135.395309448242, 34.52259063720701], [135.39205932617193, 34.52033996582033], [135.39068603515602, 34.521724700927706], [135.393890380859, 34.523948669433594], [135.39276123046903, 34.52509689331046], [135.38957214355503, 34.52289581298828], [135.38833618164097, 34.523960113525405], [135.39373779296895, 34.531379699707024]]], [[[135.33410644531304, 34.445732116699205], [135.32789611816398, 34.45000076293951], [135.33779907226597, 34.46340179443361], [135.34010314941398, 34.466400146484425], [135.34690856933597, 34.458667755126996], [135.345504760742, 34.45446777343754], [135.33410644531304, 34.445732116699205]]], [[[135.22940303552497, 34.445980600105855], [135.23562555839197, 34.45028850055209], [135.24136942565397, 34.45531438440598], [135.24519867049503, 34.451485139564944], [135.250104890447, 34.45136547566367], [135.249865562645, 34.44861320593412], [135.252139176769, 34.44681824741488], [135.24029245054194, 34.43868110212762], [135.23203564135298, 34.43305689876734], [135.23311261646498, 34.43186025975448], [135.240997314453, 34.437267303466804], [135.24679565429702, 34.44113540649411], [135.25120544433602, 34.44406890869144], [135.259201049805, 34.44333267211911], [135.264602661133, 34.437667846679716], [135.26319885253903, 34.4368667602539], [135.251495361328, 34.42980194091804], [135.24679565429702, 34.42739868164059], [135.239898681641, 34.42273330688483], [135.235504150391, 34.41986465454098], [135.236602783203, 34.41860198974613], [135.23603820800798, 34.41814804077154], [135.23469543457003, 34.41706848144534], [135.234603881836, 34.41713333129883], [135.236002993617, 34.418188219116104], [135.234893798828, 34.41939926147459], [135.22700500488298, 34.41320037841803], [135.220504760742, 34.41986465454098], [135.218399047852, 34.422065734863345], [135.229995727539, 34.42980194091804], [135.22880471601903, 34.43090294854418], [135.22581311848703, 34.42934731782758], [135.221744545843, 34.43341589047117], [135.205829246972, 34.42336412276338], [135.20128201872402, 34.428270342716], [135.20499159966297, 34.43054395684044], [135.20870118060301, 34.432099587557126], [135.21803496490304, 34.43832211042378], [135.22940303552497, 34.445980600105855]]]]}}, {"type": "Feature", "properties": {"name": "京都府"}, "geometry": {"type": "MultiPolygon", "coordinates": [[[[135.036697387695, 35.537334442138686], [135.035202026367, 35.53973388671878], [135.03010559082, 35.53986740112302], [135.019607543945, 35.53826522827148], [135.00830078124997, 35.533931732177685], [135.00450134277298, 35.535598754882805], [135.00239562988298, 35.53499984741208], [135, 35.535114288330064], [134.996795654297, 35.535266876220746], [134.995895385742, 35.53533172607423], [134.98800659179696, 35.530334472656314], [134.98289489746097, 35.52886581420901], [134.97959899902298, 35.524868011474645], [134.97450256347696, 35.52519989013671], [134.96690368652295, 35.521266937255916], [134.96380615234403, 35.51606750488283], [134.95919799804696, 35.513000488281335], [134.95480346679696, 35.515933990478494], [134.95219421386696, 35.51506805419919], [134.94810485839804, 35.51446533203128], [134.94300842285202, 35.51386642456046], [134.93510437011693, 35.51259994506843], [134.93170166015602, 35.5124664306641], [134.92649841308602, 35.512531280517585], [134.92460632324202, 35.51466751098628], [134.922805786133, 35.52106475830083], [134.91459655761702, 35.527732849121136], [134.91510009765602, 35.52913284301759], [134.91769409179702, 35.53286743164056], [134.91870117187503, 35.537864685058565], [134.91549682617202, 35.541599273681626], [134.91430664062503, 35.544799804687536], [134.90890502929702, 35.54666519165039], [134.903503417969, 35.54946517944339], [134.901000976563, 35.554599761962905], [134.89599609375003, 35.5580673217773], [134.89070129394503, 35.56100082397464], [134.88850402832, 35.56066513061521], [134.881500244141, 35.56359863281246], [134.880706787109, 35.56726837158203], [134.871795654297, 35.576267242431584], [134.86810302734398, 35.575866699218764], [134.86860656738298, 35.578201293945284], [134.863006591797, 35.583999633789105], [134.862197875977, 35.58653259277344], [134.857696533203, 35.58673477172853], [134.85420227050798, 35.588134765624986], [134.85540771484398, 35.593532562255895], [134.85670471191398, 35.59339904785156], [134.862396240234, 35.59693145751954], [134.86560058593798, 35.601665496826236], [134.865997314453, 35.61246490478524], [134.869598388672, 35.61473464965818], [134.871795654297, 35.617733001709], [134.872497558594, 35.6196670532227], [134.871795654297, 35.624534606933636], [134.871200561523, 35.627067565917976], [134.87089538574202, 35.63600158691413], [134.86640930175798, 35.63686752319343], [134.86640930175798, 35.642799377441406], [134.867004394531, 35.648731231689474], [134.864196777344, 35.65113449096683], [134.867095947266, 35.658065795898445], [134.870300292969, 35.65966415405272], [134.871795654297, 35.65966415405272], [134.872909545898, 35.65940093994141], [134.87760925293, 35.660598754882784], [134.88200378418, 35.65893173217766], [134.88000488281298, 35.65713119506839], [134.881301879883, 35.656066894531264], [134.884201049805, 35.65713119506839], [134.884002685547, 35.65026473999017], [134.883407592773, 35.64673233032229], [134.885604858398, 35.64699935913087], [134.886901855469, 35.64786529541017], [134.888198852539, 35.64746475219726], [134.890396118164, 35.648464202880895], [134.894195556641, 35.64586639404298], [134.899307250977, 35.648933410644474], [134.90510559082003, 35.645999908447315], [134.92330932617202, 35.646465301513715], [134.93400573730503, 35.650600433349595], [134.93530273437503, 35.650531768798835], [134.94290161132804, 35.65319824218751], [134.95010375976602, 35.655998229980504], [134.95399475097696, 35.65766525268554], [134.96589660644497, 35.6655311584473], [134.96600341796903, 35.66986846923827], [134.96459960937497, 35.67079925537106], [134.96440124511696, 35.67319869995124], [134.96620178222696, 35.67306518554691], [134.96580505371097, 35.67386627197273], [134.96630859375003, 35.67599868774406], [134.96720886230503, 35.67553329467767], [134.96900939941403, 35.67633438110349], [134.97100830078097, 35.67626571655273], [134.97149658203097, 35.676868438720724], [134.97329711914097, 35.68306732177728], [134.97700500488304, 35.68226623535164], [134.97920227050804, 35.684066772460916], [134.98320007324196, 35.68906402587892], [134.98490905761696, 35.6923332214355], [134.98870849609403, 35.69186401367192], [134.99119567871097, 35.69039916992189], [134.996795654297, 35.6916656494141], [134.99819946289097, 35.69133377075204], [135, 35.69256591796883], [135.00190734863295, 35.693866729736285], [135.00369262695298, 35.693664550781286], [135.006896972656, 35.69333267211913], [135.01139831542997, 35.69346618652337], [135.0126953125, 35.69333267211913], [135.01399230957, 35.691131591796946], [135.017196655273, 35.691200256347706], [135.022201538086, 35.689533233642585], [135.029693603516, 35.6921310424805], [135.029602050781, 35.696800231933615], [135.035400390625, 35.70186614990229], [135.03869628906298, 35.7015991210938], [135.041305541992, 35.70013427734377], [135.046401977539, 35.70286560058592], [135.060699462891, 35.70806503295902], [135.06149291992202, 35.70980072021481], [135.06230163574202, 35.71313476562496], [135.064804077148, 35.71226501464839], [135.06890869140602, 35.71820068359381], [135.06950378418, 35.71839904785163], [135.070404052734, 35.718532562255874], [135.073104858398, 35.71839904785163], [135.08169555664102, 35.72353363037114], [135.086700439453, 35.730201721191364], [135.08389282226602, 35.73693466186524], [135.08569335937503, 35.73979949951173], [135.08749389648403, 35.73986434936522], [135.09230041503903, 35.738067626953125], [135.09219360351602, 35.74066543579104], [135.09249877929702, 35.74100112915037], [135.09379577636693, 35.74280166625982], [135.09579467773403, 35.741600036621094], [135.10319519043003, 35.74206542968749], [135.10429382324196, 35.743732452392614], [135.10560607910202, 35.74366760253913], [135.11000061035202, 35.745933532714794], [135.11180114746102, 35.74406433105467], [135.12179565429696, 35.746334075927706], [135.12350463867193, 35.74580001831046], [135.13459777831997, 35.753200531005916], [135.13369750976594, 35.75353240966798], [135.13349914550804, 35.75546646118159], [135.13830566406304, 35.757667541503864], [135.13990783691403, 35.753200531005916], [135.14410400390597, 35.75026702880859], [135.14979553222696, 35.75253295898443], [135.15179443359398, 35.7523994445801], [135.15469360351597, 35.753200531005916], [135.15510559081997, 35.75393295288089], [135.15669250488298, 35.75360107421883], [135.16369628906304, 35.75499725341801], [135.16510009765597, 35.75920104980474], [135.16699218749997, 35.757801055908196], [135.17239379882798, 35.75793457031253], [135.17399597167997, 35.76039886474611], [135.18020629882798, 35.76020050048829], [135.18530273437497, 35.76273345947271], [135.185394287109, 35.76593399047853], [135.18870544433597, 35.76419830322274], [135.19020080566398, 35.76426696777341], [135.19380187988298, 35.76739883422847], [135.19470214843798, 35.767532348632805], [135.19689941406298, 35.76473236083981], [135.19889831542997, 35.76493453979489], [135.204498291016, 35.763866424560504], [135.221298217773, 35.771934509277266], [135.220001220703, 35.77433395385744], [135.219696044922, 35.77739715576166], [135.223007202148, 35.779197692871115], [135.22509765625, 35.77613449096681], [135.22760009765602, 35.77453231811518], [135.234603881836, 35.76866531372069], [135.236099243164, 35.76653289794917], [135.237197875977, 35.76726531982423], [135.238693237305, 35.76520156860347], [135.243804931641, 35.76020050048829], [135.24679565429702, 35.75733184814453], [135.24949645996102, 35.7571983337402], [135.25030517578102, 35.759532928466804], [135.25180053710903, 35.75939941406247], [135.25309753418, 35.759334564208984], [135.25509643554702, 35.757068634033224], [135.252395629883, 35.75553131103516], [135.25169372558602, 35.753997802734375], [135.25129699707003, 35.753665924072315], [135.25079345703102, 35.753200531005916], [135.250503540039, 35.75213241577153], [135.25700378418, 35.74453353881843], [135.25959777832003, 35.74466705322267], [135.26179504394503, 35.744934082031335], [135.26420593261702, 35.744934082031335], [135.26739501953102, 35.7424659729004], [135.27330017089804, 35.7424659729004], [135.27330017089804, 35.73320007324218], [135.27420043945304, 35.73033142089842], [135.27720642089804, 35.73159790039064], [135.28030395507804, 35.728401184081996], [135.28379821777304, 35.7292671203613], [135.28450012207003, 35.72800064086909], [135.28720092773403, 35.725933074951236], [135.28779602050804, 35.72193145751951], [135.288208007813, 35.71553421020514], [135.286499023438, 35.71006774902338], [135.286499023438, 35.70766830444338], [135.28599548339804, 35.705066680908196], [135.28739929199196, 35.70513153076168], [135.28930664062503, 35.706466674804744], [135.29060363769503, 35.7063980102539], [135.29609680175804, 35.702800750732436], [135.30270385742196, 35.699531555175774], [135.30459594726594, 35.69966506958011], [135.30799865722696, 35.69440078735352], [135.30630493164102, 35.692932128906314], [135.30549621581997, 35.69413375854486], [135.30400085449196, 35.68819808959962], [135.29980468750003, 35.681732177734396], [135.29930114746094, 35.67879867553707], [135.29919433593804, 35.67479705810552], [135.29939270019497, 35.66986846923827], [135.30290222168003, 35.66279983520514], [135.30070495605503, 35.66320037841796], [135.298706054688, 35.66153335571293], [135.29420471191403, 35.65986633300781], [135.29139709472702, 35.664268493652266], [135.28799438476602, 35.66473388671884], [135.28840637207003, 35.66673278808594], [135.28970336914102, 35.66653442382812], [135.292602539063, 35.66986846923827], [135.29319763183594, 35.670131683349574], [135.29389953613304, 35.673664093017635], [135.29209899902304, 35.6741333007813], [135.28840637207003, 35.67473220825203], [135.28739929199196, 35.675598144531335], [135.28129577636696, 35.66986846923827], [135.28030395507804, 35.669601440429695], [135.27980041503903, 35.669601440429695], [135.27969360351602, 35.66973114013667], [135.27949523925804, 35.66986846923827], [135.27520751953102, 35.672065734863274], [135.27499389648403, 35.66986846923827], [135.275100708008, 35.66880035400388], [135.27180480957003, 35.66646575927727], [135.27050781250003, 35.66706848144527], [135.268005371094, 35.66740036010742], [135.263702392578, 35.66213226318357], [135.254302978516, 35.651531219482386], [135.24679565429702, 35.63373184204101], [135.24430847168, 35.620532989502], [135.237503051758, 35.617065429687514], [135.233795166016, 35.613933563232365], [135.22979736328102, 35.60906600952151], [135.225006103516, 35.603332519531264], [135.213104248047, 35.59693145751954], [135.206192016602, 35.58653259277344], [135.205596923828, 35.58473205566408], [135.192596435547, 35.57113265991207], [135.187301635742, 35.55866622924803], [135.1875, 35.548400878906264], [135.18989562988298, 35.5446662902832], [135.193099975586, 35.53826522827148], [135.196502685547, 35.5394668579102], [135.198394775391, 35.53699874877926], [135.201400756836, 35.53766632080084], [135.202301025391, 35.539531707763686], [135.203994750977, 35.53919982910163], [135.208099365234, 35.54266738891602], [135.20989990234398, 35.55153274536133], [135.203506469727, 35.55526733398439], [135.2041015625, 35.558731079101605], [135.208297729492, 35.562801361084], [135.210098266602, 35.562801361084], [135.21350097656298, 35.56386566162112], [135.21960449218798, 35.56753158569343], [135.221694946289, 35.5673980712891], [135.22369384765602, 35.56753158569343], [135.22880554199202, 35.575866699218764], [135.227798461914, 35.58580017089838], [135.229202270508, 35.585464477539134], [135.235702514648, 35.58160018920901], [135.24119567871102, 35.58426666259768], [135.240707397461, 35.58653259277344], [135.240707397461, 35.58779907226556], [135.24299621582003, 35.587734222412074], [135.245391845703, 35.591266632080135], [135.24679565429702, 35.59066772460941], [135.249206542969, 35.59346771240232], [135.251892089844, 35.599334716796896], [135.25469970703102, 35.59886550903323], [135.255493164063, 35.588665008544865], [135.251098632813, 35.5887985229492], [135.24690246582003, 35.58653259277344], [135.249298095703, 35.584331512451165], [135.24679565429702, 35.58333206176762], [135.24679565429702, 35.58160018920901], [135.24760437011702, 35.58013153076171], [135.252105712891, 35.57780075073237], [135.25079345703102, 35.575931549072344], [135.25070190429702, 35.57019805908201], [135.25689697265602, 35.56753158569343], [135.258804321289, 35.56773376464843], [135.26640319824202, 35.567001342773366], [135.26849365234403, 35.56620025634773], [135.27389526367202, 35.560867309570305], [135.26789855957003, 35.55773162841797], [135.26280212402304, 35.554401397705085], [135.254806518555, 35.55666732788094], [135.25399780273403, 35.552734374999964], [135.24989318847702, 35.55426406860349], [135.25, 35.55713272094733], [135.251495361328, 35.55966567993158], [135.24679565429702, 35.56173324584961], [135.244903564453, 35.5613327026367], [135.237808227539, 35.55526733398439], [135.23689270019503, 35.54579925537109], [135.24420166015602, 35.535865783691385], [135.24679565429702, 35.53593444824223], [135.25259399414102, 35.534667968750014], [135.255401611328, 35.53493118286132], [135.26119995117202, 35.53366470336911], [135.263702392578, 35.533733367919865], [135.26730346679702, 35.5338668823242], [135.26950073242202, 35.53160095214844], [135.27180480957003, 35.528999328613345], [135.27149963378903, 35.52519989013671], [135.28810119628903, 35.516265869140554], [135.288208007813, 35.51553344726558], [135.29159545898395, 35.515933990478494], [135.30979919433597, 35.51240158081052], [135.31239318847696, 35.51506805419919], [135.31669616699196, 35.521934509277315], [135.32009887695295, 35.525466918945284], [135.32159423828097, 35.52539825439453], [135.32339477539097, 35.52560043334962], [135.32640075683597, 35.51819992065434], [135.33030700683597, 35.51699829101562], [135.33140563964798, 35.5109977722168], [135.33399963378898, 35.50606536865228], [135.33250427246097, 35.50320053100588], [135.32969665527298, 35.49219894409178], [135.32429504394497, 35.4902000427246], [135.32310485839798, 35.48573303222657], [135.32389831542997, 35.48246765136717], [135.32409667968804, 35.48106765747072], [135.31739807128898, 35.48020172119141], [135.31640624999994, 35.47613143920902], [135.31840515136696, 35.47793197631838], [135.32099914550804, 35.476799011230504], [135.31849670410196, 35.472934722900376], [135.31500244140597, 35.47186660766599], [135.31800842285193, 35.470733642578104], [135.31689453124997, 35.4655342102051], [135.31140136718804, 35.45899963378913], [135.31300354003903, 35.45240020751949], [135.31550598144497, 35.45306777954097], [135.31629943847696, 35.451198577880945], [135.31800842285193, 35.45166397094734], [135.31730651855503, 35.45353317260737], [135.31889343261696, 35.45393371582028], [135.31959533691398, 35.452133178710916], [135.32130432128895, 35.45253372192382], [135.32080078124997, 35.45626449584962], [135.32179260253898, 35.45539855957031], [135.32319641113304, 35.45653152465819], [135.32460021972696, 35.45639801025386], [135.32440185546903, 35.45893096923828], [135.32609558105497, 35.45940017700204], [135.32580566406304, 35.46440124511722], [135.32890319824196, 35.46526718139653], [135.33160400390597, 35.46906661987298], [135.33580017089798, 35.47226715087889], [135.34669494628898, 35.475265502929716], [135.34519958496097, 35.47806549072271], [135.34739685058597, 35.480865478515625], [135.34669494628898, 35.482334136962926], [135.34069824218804, 35.4798011779785], [135.34249877929696, 35.483398437499964], [135.34910583496097, 35.48640060424796], [135.348693847656, 35.49053192138666], [135.34680175781304, 35.493999481201236], [135.34950256347696, 35.49219894409178], [135.35290527343804, 35.49219894409178], [135.35310363769497, 35.491264343261726], [135.353805541992, 35.4887313842773], [135.35679626464798, 35.488933563232386], [135.35980224609398, 35.48759841918951], [135.365493774414, 35.48993301391602], [135.36799621582, 35.4893341064453], [135.369705200195, 35.48993301391602], [135.371795654297, 35.489868164062536], [135.37249755859398, 35.4887313842773], [135.373107910156, 35.491401672363324], [135.378005981445, 35.49079895019533], [135.378692626953, 35.4888687133789], [135.38200378417997, 35.48566436767581], [135.380096435547, 35.4835319519043], [135.376800537109, 35.48180007934569], [135.37220764160196, 35.481464385986264], [135.371795654297, 35.479598999023416], [135.371795654297, 35.477001190185504], [135.37890625, 35.47766494750981], [135.381500244141, 35.47533416748047], [135.382797241211, 35.47686767578126], [135.385101318359, 35.47553253173829], [135.38659667968798, 35.47666549682617], [135.385101318359, 35.47733306884774], [135.386703491211, 35.47999954223632], [135.389099121094, 35.479934692382834], [135.39080810546898, 35.47779846191414], [135.397506713867, 35.478801727294865], [135.394500732422, 35.48453140258793], [135.39570617675798, 35.48966598510736], [135.399993896484, 35.493667602539084], [135.397399902344, 35.49633407592766], [135.400405883789, 35.500598907470696], [135.399002075195, 35.50139999389651], [135.397796630859, 35.5], [135.394104003906, 35.49959945678706], [135.395599365234, 35.50320053100588], [135.394302368164, 35.505664825439545], [135.390396118164, 35.50786590576173], [135.39360046386702, 35.50926589965819], [135.396301269531, 35.51520156860352], [135.391204833984, 35.51726531982419], [135.385299682617, 35.51259994506843], [135.383697509766, 35.50600051879879], [135.38130187988298, 35.50320053100588], [135.37860107421898, 35.50326538085937], [135.371795654297, 35.506267547607365], [135.371597290039, 35.506134033203125], [135.367294311523, 35.50540161132806], [135.36500549316398, 35.50466537475591], [135.35980224609398, 35.50546646118164], [135.35710144042997, 35.50320053100588], [135.35679626464798, 35.5029335021973], [135.354095458984, 35.50320053100588], [135.35150146484398, 35.504268646240185], [135.34449768066398, 35.50413131713867], [135.34449768066398, 35.50546646118164], [135.34260559081997, 35.506931304931584], [135.344696044922, 35.50906753540037], [135.34710693359398, 35.50939941406252], [135.343795776367, 35.51513290405268], [135.347702026367, 35.5163345336914], [135.348693847656, 35.5204658508301], [135.344299316406, 35.5213317871094], [135.34260559081997, 35.52666854858401], [135.34030151367196, 35.525867462158196], [135.34230041503898, 35.52259826660162], [135.33850097656304, 35.523933410644496], [135.33590698242196, 35.533931732177685], [135.33850097656304, 35.546333312988324], [135.34230041503898, 35.55179977416991], [135.34390258789097, 35.545398712158175], [135.34640502929696, 35.54306411743157], [135.34860229492196, 35.543132781982415], [135.356094360352, 35.548931121826236], [135.365097045898, 35.55160140991209], [135.371795654297, 35.55526733398439], [135.378005981445, 35.5613327026367], [135.38330078125, 35.560600280761726], [135.38810729980497, 35.55739974975591], [135.39260864257798, 35.5578651428223], [135.398696899414, 35.5617980957031], [135.397308349609, 35.564399719238274], [135.397796630859, 35.56666564941413], [135.39970397949202, 35.563800811767635], [135.40119934082, 35.56153106689452], [135.41209411621102, 35.57013320922852], [135.426300048828, 35.566532135009794], [135.42619323730503, 35.57046508789058], [135.425003051758, 35.57353210449216], [135.42790222168, 35.57659912109383], [135.42579650878903, 35.580066680908224], [135.42860412597702, 35.579868316650405], [135.429397583008, 35.57966613769531], [135.432800292969, 35.5803337097168], [135.43440246582003, 35.58300018310547], [135.43510437011702, 35.58653259277344], [135.43370056152304, 35.5907325744629], [135.43559265136693, 35.59066772460941], [135.438903808594, 35.5907325744629], [135.43930053710903, 35.59106445312496], [135.440795898438, 35.59053421020508], [135.44169616699193, 35.5911331176758], [135.44300842285202, 35.5911331176758], [135.44590759277304, 35.59299850463874], [135.44790649414102, 35.59273147583008], [135.44999694824196, 35.59899902343748], [135.453002929688, 35.59853363037108], [135.45680236816403, 35.60086441040042], [135.46189880371102, 35.60346603393551], [135.46279907226602, 35.59946823120123], [135.461303710938, 35.59693145751954], [135.46270751953102, 35.59280014038092], [135.45719909668003, 35.59566497802732], [135.45680236816403, 35.59266662597659], [135.45179748535202, 35.591266632080135], [135.45510864257804, 35.58653259277344], [135.45469665527304, 35.584331512451165], [135.44810485839804, 35.57906723022459], [135.449096679688, 35.57653427124016], [135.452102661133, 35.567466735839766], [135.45370483398403, 35.568733215331974], [135.45649719238304, 35.57053375244143], [135.45829772949196, 35.56986618041994], [135.45860290527304, 35.57046508789058], [135.46549987793003, 35.57046508789058], [135.46749877929696, 35.567001342773366], [135.46589660644497, 35.56486511230467], [135.46569824218804, 35.56206512451167], [135.47129821777304, 35.5641326904297], [135.47200012206997, 35.56200027465818], [135.47320556640597, 35.55773162841797], [135.47920227050804, 35.558601379394545], [135.48359680175804, 35.557998657226634], [135.48500061035196, 35.5580673217773], [135.48649597167994, 35.557998657226634], [135.46459960937503, 35.550933837890604], [135.45989990234403, 35.54719924926763], [135.45779418945304, 35.541664123535206], [135.45399475097702, 35.535865783691385], [135.44900512695304, 35.52353286743159], [135.450805664063, 35.5209312438965], [135.46290588378903, 35.51326751708982], [135.46749877929696, 35.509334564209034], [135.47430419921903, 35.50699996948243], [135.47480773925804, 35.50486755371091], [135.47399902343804, 35.50320053100588], [135.47239685058597, 35.500331878662124], [135.47540283203097, 35.48906707763672], [135.47380065918003, 35.488464355468814], [135.47109985351602, 35.48960113525387], [135.467407226563, 35.484134674072294], [135.45880126953094, 35.47253417968747], [135.459106445313, 35.46753311157229], [135.46369934081994, 35.46199798583977], [135.47039794921903, 35.4556007385254], [135.46989440918003, 35.45453262329101], [135.48159790039094, 35.44853210449219], [135.48570251464795, 35.44860076904303], [135.48890686035193, 35.440799713134844], [135.48860168456997, 35.43873214721682], [135.49639892578097, 35.437931060791], [135.49679565429696, 35.43773269653318], [135.49949645996097, 35.43239974975593], [135.49789428710898, 35.43246459960942], [135.49679565429696, 35.431400299072294], [135.49600219726597, 35.428398132324205], [135.49580383300804, 35.42506790161132], [135.49679565429696, 35.42493438720699], [135.50010681152298, 35.42226791381841], [135.50289916992196, 35.420467376708956], [135.51119995117196, 35.424331665039084], [135.516403198242, 35.422199249267564], [135.52160644531304, 35.422199249267564], [135.52529907226597, 35.420665740966776], [135.525695800781, 35.41986465454096], [135.528793334961, 35.410865783691406], [135.52819824218798, 35.40739822387701], [135.52479553222696, 35.40233230590816], [135.52790832519497, 35.39766693115231], [135.53010559081997, 35.3957328796387], [135.529998779297, 35.391532897949155], [135.52639770507798, 35.38546752929694], [135.52850341796898, 35.379734039306605], [135.533996582031, 35.37746429443357], [135.550399780273, 35.37713241577151], [135.557891845703, 35.37693405151369], [135.56559753418, 35.377265930175845], [135.56880187988298, 35.37526702880857], [135.574401855469, 35.37459945678709], [135.579696655273, 35.374198913574176], [135.58770751953102, 35.3682670593262], [135.593902587891, 35.37113189697269], [135.59579467773403, 35.37273406982423], [135.60130310058602, 35.371665954589844], [135.60699462890602, 35.37080001831054], [135.61100769043, 35.36753463745123], [135.61450195312503, 35.370998382568445], [135.62179565429702, 35.369731903076236], [135.63720703125003, 35.364067077636655], [135.64190673828094, 35.3667984008789], [135.65260314941403, 35.35986709594729], [135.65910339355503, 35.358200073242166], [135.66140747070304, 35.35633468627932], [135.66839599609395, 35.35660171508789], [135.67070007324196, 35.354064941406286], [135.67500305175804, 35.3507347106934], [135.68380737304696, 35.34799957275389], [135.69050598144497, 35.34686660766601], [135.70069885253898, 35.343734741210945], [135.70550537109398, 35.34606552124019], [135.71119689941398, 35.34946823120119], [135.714492797852, 35.354064941406286], [135.71690368652298, 35.354064941406286], [135.71850585937497, 35.35526657104492], [135.72509765625, 35.352001190185526], [135.72990417480497, 35.35139846801762], [135.73620605468798, 35.3512001037598], [135.740707397461, 35.35559844970699], [135.740798950195, 35.35826873779301], [135.745498657227, 35.35846710205083], [135.74679565429702, 35.35799789428708], [135.759506225586, 35.35346603393547], [135.76420593261702, 35.35646820068356], [135.766799926758, 35.35559844970699], [135.76840209960903, 35.35606765747074], [135.768096923828, 35.353332519531314], [135.763702392578, 35.344532012939496], [135.77749633789102, 35.34113311767577], [135.77960205078102, 35.34026718139646], [135.782104492188, 35.337734222412124], [135.78179931640602, 35.3365325927734], [135.78799438476602, 35.328933715820305], [135.79049682617202, 35.32519912719733], [135.792602539063, 35.322868347168], [135.79490661621102, 35.321201324462876], [135.80659484863304, 35.317001342773416], [135.80900573730503, 35.31613540649411], [135.81069946289102, 35.30979919433587], [135.81150817871102, 35.30793380737302], [135.81460571289102, 35.305931091308565], [135.81599426269497, 35.30013275146484], [135.82029724121097, 35.29786682128908], [135.82060241699196, 35.289531707763736], [135.82519531249997, 35.2829322814941], [135.83129882812497, 35.27613449096682], [135.83509826660196, 35.27426528930661], [135.83999633789097, 35.275867462158246], [135.84210205078097, 35.27826690673834], [135.84930419921903, 35.28046798706052], [135.85319519042997, 35.28680038452149], [135.85810852050804, 35.28913497924801], [135.860397338867, 35.28300094604494], [135.85580444335898, 35.27700042724612], [135.85470581054696, 35.27266693115234], [135.84910583496097, 35.26786804199224], [135.84460449218804, 35.26073455810554], [135.84469604492196, 35.25640106201166], [135.84199523925804, 35.25320053100593], [135.84359741210898, 35.25139999389648], [135.83920288085898, 35.24526596069341], [135.83610534668003, 35.24113464355471], [135.83419799804696, 35.24113464355471], [135.83729553222696, 35.234668731689496], [135.83680725097693, 35.22579956054692], [135.82910156249994, 35.22073364257807], [135.83099365234403, 35.214668273925845], [135.83180236816403, 35.209800720214815], [135.83520507812494, 35.2046661376953], [135.83990478515597, 35.19099807739263], [135.84109497070298, 35.18733215332032], [135.84080505371097, 35.1795349121094], [135.84240722656304, 35.1780662536621], [135.84390258789097, 35.16986846923828], [135.84809875488304, 35.16133499145512], [135.85580444335898, 35.159465789794915], [135.85569763183597, 35.15333557128912], [135.85200500488304, 35.146865844726634], [135.84849548339798, 35.14126586914063], [135.85070800781304, 35.13499832153323], [135.85139465331997, 35.13100051879878], [135.84970092773398, 35.124000549316406], [135.84829711914097, 35.11899948120122], [135.84620666503895, 35.1136665344238], [135.84429931640597, 35.11380004882813], [135.84150695800804, 35.10146713256842], [135.83740234374997, 35.09479904174803], [135.83529663085898, 35.09086608886724], [135.83949279785196, 35.08653259277336], [135.83740234374997, 35.07893371582026], [135.83149719238304, 35.07126617431641], [135.83549499511696, 35.05899810791019], [135.83270263671903, 35.0529327392578], [135.83050537109403, 35.052799224853466], [135.82530212402304, 35.053268432617216], [135.82040405273403, 35.04933166503907], [135.81500244140597, 35.04613494873052], [135.81680297851602, 35.039932250976605], [135.82310485839804, 35.03586578369139], [135.82749938964795, 35.02759933471681], [135.82679748535196, 35.02233123779296], [135.83340454101602, 35.02233123779296], [135.83470153808597, 35.01279830932617], [135.82470703125003, 35.012134552002045], [135.82040405273403, 35.014999389648445], [135.81990051269497, 35.01286697387702], [135.82519531249997, 35.00839996337889], [135.83259582519497, 35.009265899658196], [135.83509826660196, 35.00320053100589], [135.83502197265602, 35], [135.83500671386696, 34.99926757812501], [135.833435058594, 35], [135.83200073242196, 35.00066757202146], [135.83163452148403, 35], [135.82679748535196, 34.99113464355467], [135.84379577636696, 34.99026870727537], [135.84930419921903, 34.991001129150426], [135.84989929199196, 34.98453140258794], [135.85540771484403, 34.98386764526373], [135.85549926757798, 34.97826766967773], [135.85450744628898, 34.9750671386719], [135.85250854492196, 34.97073364257812], [135.85609436035196, 34.96853256225593], [135.85980224609398, 34.96319961547851], [135.86320495605497, 34.95993423461911], [135.86520385742196, 34.9571342468262], [135.871795654297, 34.95560073852541], [135.87510681152298, 34.95326614379881], [135.87820434570298, 34.94746780395507], [135.87620544433597, 34.942535400390554], [135.87879943847696, 34.93413162231446], [135.871795654297, 34.9267311096191], [135.87100219726597, 34.92513275146482], [135.86849975585898, 34.91986465454097], [135.870895385742, 34.91053390502927], [135.86639404296898, 34.90653228759772], [135.86250305175795, 34.90293502807617], [135.86720275878898, 34.89366531372068], [135.86639404296898, 34.892265319824226], [135.871795654297, 34.88880157470701], [135.87420654296898, 34.888198852539105], [135.87680053710898, 34.886531829833984], [135.88200378417997, 34.88420104980474], [135.88659667968798, 34.883064270019496], [135.888000488281, 34.87979888916019], [135.884994506836, 34.87639999389646], [135.887298583984, 34.875534057617244], [135.89599609375, 34.872600555419915], [135.897994995117, 34.871200561523366], [135.906997680664, 34.8741340637207], [135.907897949219, 34.876533508300795], [135.912994384766, 34.88333511352543], [135.92060852050798, 34.884067535400405], [135.923294067383, 34.883800506591825], [135.930603027344, 34.88846588134768], [135.93359375000003, 34.88846588134768], [135.938705444336, 34.8931350708008], [135.94050598144503, 34.89319992065429], [135.940704345703, 34.885467529296946], [135.94039916992202, 34.879932403564524], [135.943008422852, 34.87813186645507], [135.94169616699202, 34.868999481201186], [135.94140625, 34.86306762695312], [135.94660949707003, 34.85333251953133], [135.94569396972702, 34.85173416137696], [135.95539855957003, 34.85366821289057], [135.95860290527304, 34.85440063476563], [135.96139526367202, 34.853733062744055], [135.96319580078102, 34.85020065307617], [135.96679687500003, 34.84820175170899], [135.96839904785202, 34.846801757812536], [135.971801757813, 34.84573364257814], [135.97070312500003, 34.838397979736264], [135.98280334472702, 34.83993530273441], [135.986206054688, 34.84159851074217], [135.99020385742193, 34.84199905395508], [135.99549865722693, 34.843067169189474], [135.99679565429696, 34.843734741210866], [136.00149536132804, 34.84493255615232], [136.00500488281304, 34.84273529052732], [136.00230407714804, 34.83653259277341], [136.00469970703097, 34.82820129394534], [136.00680541992196, 34.826267242431555], [136.01249694824196, 34.825401306152344], [136.01579284667997, 34.827934265136676], [136.01730346679696, 34.82820129394534], [136.02719116210898, 34.821800231933615], [136.02810668945295, 34.81919860839843], [136.02690124511696, 34.81480026245124], [136.02520751953097, 34.81446838378909], [136.01849365234398, 34.81266784667973], [136.01040649414102, 34.80073165893548], [136.01130676269497, 34.795600891113324], [136.01589965820295, 34.79740142822269], [136.01800537109403, 34.79320144653323], [136.02180480956997, 34.79153442382811], [136.02029418945298, 34.7891998291016], [136.02110290527298, 34.78440093994141], [136.02479553222696, 34.78139877319341], [136.02960205078097, 34.780200958252045], [136.033493041992, 34.778865814208984], [136.03190612792997, 34.77066802978516], [136.02960205078097, 34.7641334533691], [136.02960205078097, 34.7606658935547], [136.02850341796895, 34.75719833374022], [136.03120422363304, 34.755798339843764], [136.03779602050798, 34.756332397460916], [136.03790283203097, 34.75320053100594], [136.04060363769497, 34.74846649169924], [136.04769897460898, 34.74266815185551], [136.05169677734398, 34.74006652832033], [136.05520629882798, 34.738399505615206], [136.05259704589798, 34.738399505615206], [136.042694091797, 34.73606872558587], [136.03950500488295, 34.72159957885738], [136.03579711914097, 34.71833419799798], [136.03340148925795, 34.71599960327147], [136.02899169921898, 34.71366882324222], [136.02850341796895, 34.7061996459961], [136.01939392089798, 34.708400726318374], [136.01399230956997, 34.70773315429689], [136.01319885253898, 34.71039962768547], [136.01109313964798, 34.71493530273443], [136.00550842285202, 34.71693420410162], [136.00019836425804, 34.71353149414062], [135.99679565429696, 34.71326828002931], [135.99259948730503, 34.712268829345675], [135.99150085449196, 34.714401245117195], [135.98590087890597, 34.715133666992166], [135.98489379882804, 34.727668762207045], [135.98320007324196, 34.733135223388715], [135.98069763183602, 34.73573303222663], [135.97930908203102, 34.73673248291018], [135.97540283203102, 34.74093246459963], [135.97270202636693, 34.74153137207027], [135.96949768066403, 34.74046707153324], [135.96630859375003, 34.74240112304693], [135.96319580078102, 34.74093246459963], [135.95880126953102, 34.740200042724574], [135.955001831055, 34.74766540527342], [135.944702148438, 34.74173355102536], [135.942794799805, 34.7379989624023], [135.936904907227, 34.739933013915994], [135.932998657227, 34.737934112548814], [135.925399780273, 34.74026870727542], [135.92340087890602, 34.743865966796875], [135.928207397461, 34.75320053100594], [135.927993774414, 34.75339889526367], [135.928497314453, 34.75640106201167], [135.925399780273, 34.75753402709964], [135.92170715332, 34.75473403930664], [135.9208984375, 34.75320053100594], [135.919296264648, 34.75320053100594], [135.915603637695, 34.75320053100594], [135.913101196289, 34.747467041015604], [135.904403686523, 34.736534118652266], [135.901397705078, 34.73166656494141], [135.898193359375, 34.731468200683594], [135.895599365234, 34.72499847412111], [135.889999389648, 34.70866775512704], [135.88600158691398, 34.712665557861314], [135.881805419922, 34.71360015869138], [135.87840270996097, 34.71239852905274], [135.87649536132798, 34.71360015869138], [135.871795654297, 34.711399078369105], [135.87020874023398, 34.711132049560526], [135.86380004882798, 34.70759963989264], [135.86389160156298, 34.706798553466825], [135.86180114746097, 34.706867218017585], [135.84860229492196, 34.70593261718752], [135.84880065917997, 34.70740127563482], [135.84390258789097, 34.7089996337891], [135.83909606933597, 34.71146774291986], [135.83230590820304, 34.71300125122074], [135.82929992675804, 34.712734222412074], [135.82659912109403, 34.71346664428713], [135.82080078125003, 34.71186828613277], [135.81620788574196, 34.71406555175777], [135.81059265136696, 34.714733123779254], [135.81069946289102, 34.71486663818359], [135.81179809570304, 34.71633148193362], [135.80619812011696, 34.71793365478516], [135.80340576171903, 34.721668243408224], [135.79949951171903, 34.722400665283196], [135.79660034179702, 34.72079849243156], [135.79280090332003, 34.724132537841804], [135.78390502929702, 34.724201202392564], [135.77789306640602, 34.72340011596683], [135.774597167969, 34.724132537841804], [135.773803710938, 34.72506713867187], [135.764999389648, 34.72546768188477], [135.75779724121102, 34.72800064086911], [135.75509643554702, 34.727466583252045], [135.754501342773, 34.727931976318445], [135.756698608398, 34.73506546020514], [135.748794555664, 34.74153137207027], [135.74679565429702, 34.7463989257813], [135.736297607422, 34.749668121337876], [135.736297607422, 34.751667022705064], [135.73620605468798, 34.75320053100594], [135.736297607422, 34.75479888916021], [135.7333984375, 34.75466537475588], [135.731094360352, 34.76480102539058], [135.72839355468798, 34.77786636352544], [135.72900390625, 34.77920150756841], [135.738998413086, 34.78766632080081], [135.739608764648, 34.7902679443359], [135.74150085449202, 34.7935333251953], [135.745407104492, 34.79833221435548], [135.744705200195, 34.804332733154304], [135.738800048828, 34.811466217041], [135.735595703125, 34.81753540039058], [135.730804443359, 34.82266616821292], [135.724502563477, 34.82299804687498], [135.722900390625, 34.826267242431555], [135.718399047852, 34.83166503906247], [135.715301513672, 34.83653259277341], [135.712295532227, 34.84026718139647], [135.70979309082, 34.84659957885744], [135.70330810546898, 34.85146713256839], [135.69549560546898, 34.84820175170899], [135.69050598144497, 34.85606765747066], [135.69430541992196, 34.860733032226605], [135.69189453124997, 34.86126708984384], [135.69079589843795, 34.86819839477537], [135.68229675292997, 34.872131347656335], [135.68299865722696, 34.87773513793952], [135.67959594726597, 34.8812675476074], [135.68229675292997, 34.88779830932619], [135.67570495605494, 34.89506530761723], [135.67489624023398, 34.898666381835866], [135.66670227050804, 34.90413284301763], [135.66439819335898, 34.90313339233399], [135.66360473632804, 34.9048652648926], [135.66250610351602, 34.90393447875981], [135.65390014648398, 34.90913391113281], [135.64860534668003, 34.909400939941385], [135.64790344238304, 34.91680145263666], [135.64920043945304, 34.91666793823242], [135.65220642089804, 34.91680145263666], [135.65060424804696, 34.91986465454097], [135.65029907226602, 34.92306518554688], [135.64280700683602, 34.929798126220675], [135.64039611816403, 34.931266784667976], [135.63690185546903, 34.93140029907231], [135.63070678710903, 34.93526840209961], [135.62770080566403, 34.93399810791022], [135.623901367188, 34.93526840209961], [135.62179565429702, 34.933666229247976], [135.61599731445304, 34.92853164672846], [135.606704711914, 34.92813491821291], [135.59989929199202, 34.92800140380858], [135.602905273438, 34.93600082397458], [135.60530090332003, 34.93526840209961], [135.60710144043, 34.936668395996065], [135.60929870605503, 34.93993377685546], [135.611694335938, 34.94206619262698], [135.611694335938, 34.94486618041989], [135.61239624023403, 34.94680023193359], [135.61630249023403, 34.95753097534184], [135.61759948730503, 34.95753097534184], [135.61709594726602, 34.96139907836914], [135.61289978027304, 34.97133255004884], [135.60850524902304, 34.970001220703054], [135.60569763183602, 34.97006607055663], [135.603393554688, 34.97113418579102], [135.595001220703, 34.9694671630859], [135.59210205078102, 34.96673202514648], [135.589996337891, 34.967334747314474], [135.583099365234, 34.97626876831054], [135.573303222656, 34.971668243408175], [135.570693969727, 34.96739959716796], [135.573104858398, 34.960933685302656], [135.576995849609, 34.960800170898416], [135.578308105469, 34.955734252929744], [135.569107055664, 34.95413208007811], [135.566299438477, 34.952865600585895], [135.56359863281298, 34.953598022460866], [135.56170654296898, 34.944999694824226], [135.556793212891, 34.938068389892614], [135.557708740234, 34.932998657226584], [135.558700561523, 34.93439865112304], [135.56329345703102, 34.942199707031314], [135.56530761718798, 34.94020080566413], [135.562194824219, 34.93353271484382], [135.564605712891, 34.93373489379882], [135.571197509766, 34.93906784057616], [135.580001831055, 34.93700027465822], [135.580703735352, 34.92359924316412], [135.576507568359, 34.91986465454097], [135.572692871094, 34.91680145263666], [135.572204589844, 34.91653442382809], [135.5625, 34.917667388915966], [135.553695678711, 34.91600036621094], [135.55070495605497, 34.91793441772463], [135.548400878906, 34.91759872436521], [135.544494628906, 34.917133331298814], [135.541793823242, 34.91533279418954], [135.535995483398, 34.91986465454097], [135.53750610351597, 34.924865722656335], [135.52479553222696, 34.928798675537124], [135.52090454101597, 34.932800292968764], [135.51690673828097, 34.933467864990156], [135.51319885253898, 34.94386672973634], [135.50469970703097, 34.946067810058615], [135.50279235839798, 34.94533538818364], [135.49679565429696, 34.940666198730526], [135.49000549316403, 34.9417991638184], [135.48849487304696, 34.94586563110353], [135.48429870605503, 34.94739913940432], [135.48100280761696, 34.949466705322344], [135.48629760742196, 34.95639801025387], [135.48460388183597, 34.958332061767564], [135.48089599609403, 34.96246719360354], [135.48229980468804, 34.96506500244136], [135.48660278320304, 34.96673202514648], [135.48539733886696, 34.96453475952148], [135.49009704589798, 34.96766662597663], [135.48890686035193, 34.967533111572294], [135.48649597167994, 34.97439956665042], [135.48320007324196, 34.98139953613279], [135.48480224609403, 34.983734130859396], [135.49279785156304, 34.98773574829103], [135.49139404296895, 34.989334106445305], [135.48739624023398, 34.99193191528322], [135.48410034179696, 34.9925994873047], [135.48199462890597, 34.9947357177734], [135.47230529785202, 34.99459838867189], [135.461624145508, 35], [135.46069335937503, 35.00046539306638], [135.45219421386696, 35.002201080322344], [135.44970703125003, 35.00320053100589], [135.44200134277304, 35.00626754760738], [135.43609619140602, 35.00826644897456], [135.424194335938, 35.00320053100589], [135.423004150391, 35.00226593017583], [135.41769409179702, 35.00320053100589], [135.40989685058602, 35.01093292236332], [135.403106689453, 35.006668090820284], [135.397201538086, 35.0107345581055], [135.39489746093798, 35.009132385253864], [135.389205932617, 35.011066436767564], [135.382095336914, 35.01013565063477], [135.379699707031, 35.01546859741211], [135.377899169922, 35.02106857299802], [135.380294799805, 35.02553558349614], [135.381805419922, 35.03093338012697], [135.38020324707, 35.03633499145506], [135.376205444336, 35.04280090332028], [135.371795654297, 35.04520034790037], [135.37080383300798, 35.0453338623047], [135.36880493164097, 35.05360031127928], [135.371795654297, 35.05906677246086], [135.376693725586, 35.06073379516598], [135.376205444336, 35.064933776855526], [135.38720703125, 35.07239913940429], [135.393707275391, 35.07373428344726], [135.397705078125, 35.076133728027266], [135.399200439453, 35.076133728027266], [135.39889526367202, 35.08113479614263], [135.40069580078102, 35.08653259277336], [135.401596069336, 35.087799072265575], [135.403106689453, 35.08940124511721], [135.40069580078102, 35.09306716918951], [135.391296386719, 35.09806442260743], [135.390396118164, 35.09840011596676], [135.38850402832, 35.09713363647464], [135.388702392578, 35.10720062255858], [135.39300537109398, 35.11086654663089], [135.38960266113298, 35.11460113525386], [135.38610839843798, 35.11899948120122], [135.38969421386702, 35.12593460083011], [135.389404296875, 35.12879943847659], [135.372894287109, 35.12913513183592], [135.371795654297, 35.13040161132814], [135.36979675292997, 35.132198333740234], [135.36840820312497, 35.131801605224595], [135.36070251464798, 35.132133483886655], [135.356094360352, 35.13600158691414], [135.34350585937497, 35.135734558105476], [135.33929443359398, 35.13866806030272], [135.33720397949196, 35.143798828124964], [135.33900451660196, 35.144866943359446], [135.34049987792997, 35.14993286132812], [135.32839965820298, 35.1491317749023], [135.32299804687497, 35.14659881591797], [135.30639648437497, 35.14426803588872], [135.30039978027304, 35.14279937744142], [135.298706054688, 35.143466949462905], [135.29460144043003, 35.14193344116212], [135.28959655761696, 35.142131805419936], [135.28599548339804, 35.144199371337876], [135.28219604492193, 35.14493179321293], [135.27799987793003, 35.151065826416], [135.28280639648403, 35.150733947753935], [135.287307739258, 35.15746688842773], [135.29089355468804, 35.15966796875], [135.28979492187503, 35.16986846923828], [135.28889465331997, 35.172332763671946], [135.28469848632804, 35.17133331298831], [135.28080749511702, 35.17399978637698], [135.27729797363304, 35.17473220825204], [135.273803710938, 35.177066802978466], [135.265808105469, 35.17546463012701], [135.25790405273403, 35.177131652832045], [135.25489807128903, 35.17666625976556], [135.251007080078, 35.177532196044865], [135.24679565429702, 35.17699813842771], [135.236602783203, 35.177066802978466], [135.232696533203, 35.17740249633789], [135.228698730469, 35.16986846923828], [135.228302001953, 35.16740036010743], [135.224502563477, 35.16393280029303], [135.214904785156, 35.16213226318358], [135.206695556641, 35.16086578369137], [135.20460510253898, 35.16299819946288], [135.20080566406298, 35.165599822997976], [135.19599914550798, 35.16986846923828], [135.194396972656, 35.17126846313482], [135.18690490722696, 35.17179870605471], [135.18910217285196, 35.18220138549798], [135.18629455566398, 35.18980026245117], [135.19250488281298, 35.19406509399411], [135.195404052734, 35.194000244140625], [135.19900512695298, 35.194000244140625], [135.19670104980497, 35.20286560058594], [135.19250488281298, 35.20446777343748], [135.188095092773, 35.208198547363274], [135.18190002441398, 35.21593475341797], [135.18069458007798, 35.215667724609396], [135.17500305175798, 35.214599609375], [135.17030334472696, 35.22026824951167], [135.16510009765597, 35.219398498535185], [135.15559387206997, 35.22620010375982], [135.15570068359395, 35.22919845581047], [135.15939331054696, 35.229999542236285], [135.16619873046898, 35.24020004272456], [135.16200256347696, 35.25320053100593], [135.16130065917997, 35.2574005126953], [135.15829467773398, 35.25993347167972], [135.14810180664097, 35.263599395752024], [135.14300537109403, 35.26240158081048], [135.13609313964798, 35.264999389648395], [135.13040161132804, 35.261135101318445], [135.12179565429696, 35.2630004882813], [135.11549377441403, 35.26326751708979], [135.10899353027304, 35.266265869140604], [135.09869384765594, 35.258998870849574], [135.09399414062503, 35.26006698608396], [135.090606689453, 35.25640106201166], [135.08500671386702, 35.25320053100593], [135.08079528808602, 35.24499893188484], [135.07699584960903, 35.24446868896477], [135.07380676269503, 35.24140167236329], [135.06750488281298, 35.23720169067383], [135.065795898438, 35.24013137817381], [135.064102172852, 35.24499893188484], [135.060195922852, 35.24933242797854], [135.05940246582, 35.25320053100593], [135.056594848633, 35.25799942016602], [135.056503295898, 35.263999938964844], [135.055099487305, 35.26459884643548], [135.051300048828, 35.262466430664055], [135.042694091797, 35.26353454589836], [135.038192749023, 35.26073455810554], [135.03640747070298, 35.261867523193416], [135.025695800781, 35.26520156860348], [135.01679992675798, 35.26900100708012], [135.009994506836, 35.26979827880858], [135.01139831542997, 35.277400970459034], [135.00950622558597, 35.28366851806643], [135.00070190429696, 35.28726577758789], [135, 35.28866577148443], [134.99879455566398, 35.291065216064524], [134.996795654297, 35.2904663085938], [134.99569702148398, 35.289531707763736], [134.99160766601597, 35.290000915527315], [134.97560119628898, 35.29506683349607], [134.96679687499997, 35.29693222045901], [134.96020507812503, 35.297931671142564], [134.94889831543003, 35.30339813232423], [134.94639587402304, 35.30546569824217], [134.94290161132804, 35.30826568603517], [134.93719482421903, 35.307598114013686], [134.92559814453102, 35.311199188232415], [134.92080688476602, 35.316333770752024], [134.92539978027304, 35.3218002319336], [134.92469787597702, 35.32566833496091], [134.927200317383, 35.329265594482365], [134.92530822753903, 35.3365325927734], [134.91909790039102, 35.338733673095675], [134.917007446289, 35.33993148803713], [134.91850280761702, 35.349334716796946], [134.92260742187503, 35.3527336120605], [134.91850280761702, 35.36446762084957], [134.92640686035202, 35.37753295898442], [134.92509460449196, 35.385864257812486], [134.92300415039102, 35.394332885742244], [134.92449951171903, 35.39406585693358], [134.92700195312503, 35.39786529541022], [134.93099975585903, 35.401668548584034], [134.93380737304702, 35.40739822387701], [134.94480895996102, 35.41320037841801], [134.95390319824196, 35.40879821777338], [134.95860290527304, 35.409065246582045], [134.96870422363304, 35.40033340454098], [134.97630310058597, 35.39826583862304], [134.97889709472696, 35.39839935302728], [134.98719787597696, 35.39446640014649], [134.98680114746097, 35.39073181152343], [134.98950195312497, 35.38626861572266], [134.996795654297, 35.387065887451215], [134.99969482421898, 35.38673400878906], [135, 35.386917114257805], [135.00439453124997, 35.38959884643546], [135.00950622558597, 35.39179992675782], [135.012496948242, 35.39360046386719], [135.015106201172, 35.39326477050776], [135.019195556641, 35.39446640014649], [135.021697998047, 35.39806747436522], [135.02799987792997, 35.40499877929692], [135.029098510742, 35.4095993041992], [135.04089355468798, 35.40879821777338], [135.045806884766, 35.407199859619105], [135.048294067383, 35.40739822387701], [135.049896240234, 35.41986465454096], [135.048095703125, 35.42200088500984], [135.047500610352, 35.42686843872069], [135.048202514648, 35.432933807373], [135.050399780273, 35.44193267822273], [135.049499511719, 35.45106506347661], [135.047500610352, 35.45206832885743], [135.043197631836, 35.46233367919919], [135.042694091797, 35.466934204101555], [135.040496826172, 35.47346878051762], [135.035797119141, 35.47533416748047], [135.035293579102, 35.48020172119141], [135.03840637207, 35.480667114257805], [135.04170227050798, 35.49340057373051], [135.032806396484, 35.497264862060455], [135.039901733398, 35.50320053100588], [135.044692993164, 35.50853347778322], [135.04389953613298, 35.509334564209034], [135.041900634766, 35.5204658508301], [135.039703369141, 35.52646636962892], [135.036193847656, 35.53006744384774], [135.036697387695, 35.537334442138686]]], [[[135.42309570312503, 35.67646408081046], [135.421401977539, 35.679733276367216], [135.42340087890602, 35.683731079101584], [135.42430114746102, 35.68819808959962], [135.42730712890602, 35.68246841430664], [135.42309570312503, 35.67646408081046]]], [[[135.47819519043003, 35.593200683593835], [135.47489929199196, 35.595600128173835], [135.47610473632804, 35.59913253784181], [135.47700500488304, 35.60306549072269], [135.47790527343804, 35.60593414306636], [135.47959899902295, 35.60419845581048], [135.48089599609403, 35.594333648681626], [135.47819519043003, 35.593200683593835]]], [[[135.33889770507798, 35.49359893798833], [135.33880615234395, 35.49679946899406], [135.34040832519497, 35.498600006103516], [135.34739685058597, 35.4971313476563], [135.34719848632798, 35.495933532714844], [135.33889770507798, 35.49359893798833]]]]}}, {"type": "Feature", "properties": {"name": "兵庫県"}, "geometry": {"type": "MultiPolygon", "coordinates": [[[[134.867095947266, 35.658065795898445], [134.864196777344, 35.65113449096683], [134.867004394531, 35.648731231689474], [134.86640930175798, 35.642799377441406], [134.86640930175798, 35.63686752319343], [134.87089538574202, 35.63600158691413], [134.871200561523, 35.627067565917976], [134.871795654297, 35.624534606933636], [134.872497558594, 35.6196670532227], [134.871795654297, 35.617733001709], [134.869598388672, 35.61473464965818], [134.865997314453, 35.61246490478524], [134.86560058593798, 35.601665496826236], [134.862396240234, 35.59693145751954], [134.85670471191398, 35.59339904785156], [134.85540771484398, 35.593532562255895], [134.85420227050798, 35.588134765624986], [134.857696533203, 35.58673477172853], [134.862197875977, 35.58653259277344], [134.863006591797, 35.583999633789105], [134.86860656738298, 35.578201293945284], [134.86810302734398, 35.575866699218764], [134.871795654297, 35.576267242431584], [134.880706787109, 35.56726837158203], [134.881500244141, 35.56359863281246], [134.88850402832, 35.56066513061521], [134.89070129394503, 35.56100082397464], [134.89599609375003, 35.5580673217773], [134.901000976563, 35.554599761962905], [134.903503417969, 35.54946517944339], [134.90890502929702, 35.54666519165039], [134.91430664062503, 35.544799804687536], [134.91549682617202, 35.541599273681626], [134.91870117187503, 35.537864685058565], [134.91769409179702, 35.53286743164056], [134.91510009765602, 35.52913284301759], [134.91459655761702, 35.527732849121136], [134.922805786133, 35.52106475830083], [134.92460632324202, 35.51466751098628], [134.92649841308602, 35.512531280517585], [134.93170166015602, 35.5124664306641], [134.93510437011693, 35.51259994506843], [134.94300842285202, 35.51386642456046], [134.94810485839804, 35.51446533203128], [134.95219421386696, 35.51506805419919], [134.95480346679696, 35.515933990478494], [134.95919799804696, 35.513000488281335], [134.96380615234403, 35.51606750488283], [134.96690368652295, 35.521266937255916], [134.97450256347696, 35.52519989013671], [134.97959899902298, 35.524868011474645], [134.98289489746097, 35.52886581420901], [134.98800659179696, 35.530334472656314], [134.995895385742, 35.53533172607423], [134.996795654297, 35.535266876220746], [135, 35.535114288330064], [135.00239562988298, 35.53499984741208], [135.00450134277298, 35.535598754882805], [135.00830078124997, 35.533931732177685], [135.019607543945, 35.53826522827148], [135.03010559082, 35.53986740112302], [135.035202026367, 35.53973388671878], [135.036697387695, 35.537334442138686], [135.036193847656, 35.53006744384774], [135.039703369141, 35.52646636962892], [135.041900634766, 35.5204658508301], [135.04389953613298, 35.509334564209034], [135.044692993164, 35.50853347778322], [135.039901733398, 35.50320053100588], [135.032806396484, 35.497264862060455], [135.04170227050798, 35.49340057373051], [135.03840637207, 35.480667114257805], [135.035293579102, 35.48020172119141], [135.035797119141, 35.47533416748047], [135.040496826172, 35.47346878051762], [135.042694091797, 35.466934204101555], [135.043197631836, 35.46233367919919], [135.047500610352, 35.45206832885743], [135.049499511719, 35.45106506347661], [135.050399780273, 35.44193267822273], [135.048202514648, 35.432933807373], [135.047500610352, 35.42686843872069], [135.048095703125, 35.42200088500984], [135.049896240234, 35.41986465454096], [135.048294067383, 35.40739822387701], [135.045806884766, 35.407199859619105], [135.04089355468798, 35.40879821777338], [135.029098510742, 35.4095993041992], [135.02799987792997, 35.40499877929692], [135.021697998047, 35.39806747436522], [135.019195556641, 35.39446640014649], [135.015106201172, 35.39326477050776], [135.012496948242, 35.39360046386719], [135.00950622558597, 35.39179992675782], [135.00439453124997, 35.38959884643546], [135, 35.386917114257805], [134.99969482421898, 35.38673400878906], [134.996795654297, 35.387065887451215], [134.98950195312497, 35.38626861572266], [134.98680114746097, 35.39073181152343], [134.98719787597696, 35.39446640014649], [134.97889709472696, 35.39839935302728], [134.97630310058597, 35.39826583862304], [134.96870422363304, 35.40033340454098], [134.95860290527304, 35.409065246582045], [134.95390319824196, 35.40879821777338], [134.94480895996102, 35.41320037841801], [134.93380737304702, 35.40739822387701], [134.93099975585903, 35.401668548584034], [134.92700195312503, 35.39786529541022], [134.92449951171903, 35.39406585693358], [134.92300415039102, 35.394332885742244], [134.92509460449196, 35.385864257812486], [134.92640686035202, 35.37753295898442], [134.91850280761702, 35.36446762084957], [134.92260742187503, 35.3527336120605], [134.91850280761702, 35.349334716796946], [134.917007446289, 35.33993148803713], [134.91909790039102, 35.338733673095675], [134.92530822753903, 35.3365325927734], [134.927200317383, 35.329265594482365], [134.92469787597702, 35.32566833496091], [134.92539978027304, 35.3218002319336], [134.92080688476602, 35.316333770752024], [134.92559814453102, 35.311199188232415], [134.93719482421903, 35.307598114013686], [134.94290161132804, 35.30826568603517], [134.94639587402304, 35.30546569824217], [134.94889831543003, 35.30339813232423], [134.96020507812503, 35.297931671142564], [134.96679687499997, 35.29693222045901], [134.97560119628898, 35.29506683349607], [134.99160766601597, 35.290000915527315], [134.99569702148398, 35.289531707763736], [134.996795654297, 35.2904663085938], [134.99879455566398, 35.291065216064524], [135, 35.28866577148443], [135.00070190429696, 35.28726577758789], [135.00950622558597, 35.28366851806643], [135.01139831542997, 35.277400970459034], [135.009994506836, 35.26979827880858], [135.01679992675798, 35.26900100708012], [135.025695800781, 35.26520156860348], [135.03640747070298, 35.261867523193416], [135.038192749023, 35.26073455810554], [135.042694091797, 35.26353454589836], [135.051300048828, 35.262466430664055], [135.055099487305, 35.26459884643548], [135.056503295898, 35.263999938964844], [135.056594848633, 35.25799942016602], [135.05940246582, 35.25320053100593], [135.060195922852, 35.24933242797854], [135.064102172852, 35.24499893188484], [135.065795898438, 35.24013137817381], [135.06750488281298, 35.23720169067383], [135.07380676269503, 35.24140167236329], [135.07699584960903, 35.24446868896477], [135.08079528808602, 35.24499893188484], [135.08500671386702, 35.25320053100593], [135.090606689453, 35.25640106201166], [135.09399414062503, 35.26006698608396], [135.09869384765594, 35.258998870849574], [135.10899353027304, 35.266265869140604], [135.11549377441403, 35.26326751708979], [135.12179565429696, 35.2630004882813], [135.13040161132804, 35.261135101318445], [135.13609313964798, 35.264999389648395], [135.14300537109403, 35.26240158081048], [135.14810180664097, 35.263599395752024], [135.15829467773398, 35.25993347167972], [135.16130065917997, 35.2574005126953], [135.16200256347696, 35.25320053100593], [135.16619873046898, 35.24020004272456], [135.15939331054696, 35.229999542236285], [135.15570068359395, 35.22919845581047], [135.15559387206997, 35.22620010375982], [135.16510009765597, 35.219398498535185], [135.17030334472696, 35.22026824951167], [135.17500305175798, 35.214599609375], [135.18069458007798, 35.215667724609396], [135.18190002441398, 35.21593475341797], [135.188095092773, 35.208198547363274], [135.19250488281298, 35.20446777343748], [135.19670104980497, 35.20286560058594], [135.19900512695298, 35.194000244140625], [135.195404052734, 35.194000244140625], [135.19250488281298, 35.19406509399411], [135.18629455566398, 35.18980026245117], [135.18910217285196, 35.18220138549798], [135.18690490722696, 35.17179870605471], [135.194396972656, 35.17126846313482], [135.19599914550798, 35.16986846923828], [135.20080566406298, 35.165599822997976], [135.20460510253898, 35.16299819946288], [135.206695556641, 35.16086578369137], [135.214904785156, 35.16213226318358], [135.224502563477, 35.16393280029303], [135.228302001953, 35.16740036010743], [135.228698730469, 35.16986846923828], [135.232696533203, 35.17740249633789], [135.236602783203, 35.177066802978466], [135.24679565429702, 35.17699813842771], [135.251007080078, 35.177532196044865], [135.25489807128903, 35.17666625976556], [135.25790405273403, 35.177131652832045], [135.265808105469, 35.17546463012701], [135.273803710938, 35.177066802978466], [135.27729797363304, 35.17473220825204], [135.28080749511702, 35.17399978637698], [135.28469848632804, 35.17133331298831], [135.28889465331997, 35.172332763671946], [135.28979492187503, 35.16986846923828], [135.29089355468804, 35.15966796875], [135.287307739258, 35.15746688842773], [135.28280639648403, 35.150733947753935], [135.27799987793003, 35.151065826416], [135.28219604492193, 35.14493179321293], [135.28599548339804, 35.144199371337876], [135.28959655761696, 35.142131805419936], [135.29460144043003, 35.14193344116212], [135.298706054688, 35.143466949462905], [135.30039978027304, 35.14279937744142], [135.30639648437497, 35.14426803588872], [135.32299804687497, 35.14659881591797], [135.32839965820298, 35.1491317749023], [135.34049987792997, 35.14993286132812], [135.33900451660196, 35.144866943359446], [135.33720397949196, 35.143798828124964], [135.33929443359398, 35.13866806030272], [135.34350585937497, 35.135734558105476], [135.356094360352, 35.13600158691414], [135.36070251464798, 35.132133483886655], [135.36840820312497, 35.131801605224595], [135.36979675292997, 35.132198333740234], [135.371795654297, 35.13040161132814], [135.372894287109, 35.12913513183592], [135.389404296875, 35.12879943847659], [135.38969421386702, 35.12593460083011], [135.38610839843798, 35.11899948120122], [135.38960266113298, 35.11460113525386], [135.39300537109398, 35.11086654663089], [135.388702392578, 35.10720062255858], [135.38850402832, 35.09713363647464], [135.390396118164, 35.09840011596676], [135.391296386719, 35.09806442260743], [135.40069580078102, 35.09306716918951], [135.403106689453, 35.08940124511721], [135.401596069336, 35.087799072265575], [135.40069580078102, 35.08653259277336], [135.39889526367202, 35.08113479614263], [135.399200439453, 35.076133728027266], [135.397705078125, 35.076133728027266], [135.393707275391, 35.07373428344726], [135.38720703125, 35.07239913940429], [135.376205444336, 35.064933776855526], [135.376693725586, 35.06073379516598], [135.371795654297, 35.05906677246086], [135.36880493164097, 35.05360031127928], [135.37080383300798, 35.0453338623047], [135.366195678711, 35.044532775878885], [135.36160278320298, 35.04733276367188], [135.35769653320298, 35.05006790161131], [135.34899902343795, 35.050865173339766], [135.34779357910196, 35.045467376709034], [135.34219360351597, 35.04359817504882], [135.33900451660196, 35.04313278198243], [135.33760070800795, 35.04359817504882], [135.33039855956997, 35.034534454345696], [135.33369445800798, 35.034534454345696], [135.339401245117, 35.0258674621582], [135.34539794921898, 35.02613449096678], [135.34910583496097, 35.02653503417969], [135.35420227050798, 35.02406692504884], [135.3544921875, 35.01380157470699], [135.35400390624997, 35.00780105590817], [135.35279846191398, 35.005931854247955], [135.35229492187497, 35.00320053100589], [135.35250854492196, 35], [135.35330200195298, 34.988132476806584], [135.358993530273, 34.98233413696294], [135.35099792480497, 34.97959899902342], [135.34979248046898, 34.979801177978516], [135.34620666503898, 34.9683990478516], [135.34559631347696, 34.965267181396534], [135.349197387695, 34.9642677307129], [135.354797363281, 34.96160125732423], [135.36010742187497, 34.95446777343753], [135.36489868164097, 34.95600128173832], [135.36950683593798, 34.954799652099595], [135.371795654297, 34.9537315368652], [135.37629699707, 34.95579910278323], [135.382705688477, 34.95539855957032], [135.385406494141, 34.95366668701171], [135.38720703125, 34.94693374633792], [135.39050292968798, 34.942932128906286], [135.392303466797, 34.9413986206055], [135.396392822266, 34.94419860839841], [135.407699584961, 34.94319915771477], [135.410797119141, 34.94319915771477], [135.411605834961, 34.942199707031314], [135.409194946289, 34.94113159179692], [135.41209411621102, 34.940067291259794], [135.417098999023, 34.94106674194343], [135.41819763183602, 34.93386840820307], [135.42460632324202, 34.93573379516601], [135.42799377441403, 34.93646621704098], [135.43569946289102, 34.937801361084034], [135.43930053710903, 34.93746566772462], [135.44169616699193, 34.93926620483398], [135.45170593261702, 34.930866241455064], [135.46139526367196, 34.926601409912124], [135.46679687500003, 34.928733825683636], [135.46710205078097, 34.925201416015575], [135.46569824218804, 34.92173385620118], [135.46510314941403, 34.91986465454097], [135.45980834960903, 34.91820144653321], [135.45750427246102, 34.9182662963867], [135.45550537109403, 34.9182662963867], [135.45109558105503, 34.91986465454097], [135.43800354003903, 34.91986465454097], [135.43299865722702, 34.91680145263666], [135.42399597168, 34.91313552856454], [135.421905517578, 34.9106674194336], [135.41819763183602, 34.90879821777339], [135.420196533203, 34.90660095214839], [135.42680358886702, 34.90606689453132], [135.43170166015602, 34.8953323364258], [135.430603027344, 34.892265319824226], [135.43290710449202, 34.89220046997074], [135.43780517578102, 34.896068572997955], [135.44459533691403, 34.89846801757814], [135.44459533691403, 34.89540100097656], [135.44259643554702, 34.8912010192871], [135.43969726562503, 34.88753128051762], [135.43659973144503, 34.877601623535185], [135.434204101563, 34.87020111083982], [135.43040466308602, 34.860000610351634], [135.42990112304702, 34.85546875000002], [135.420303344727, 34.851531982421875], [135.416702270508, 34.85206604003911], [135.42390441894503, 34.83653259277341], [135.42149353027304, 34.826267242431555], [135.41569519043, 34.81946563720701], [135.42340087890602, 34.80193328857421], [135.42919921875003, 34.802467346191364], [135.43269348144503, 34.797733306884844], [135.43409729003903, 34.79713439941411], [135.43870544433602, 34.79180145263669], [135.44059753418003, 34.79173278808593], [135.44140625000003, 34.790931701660206], [135.44270324707003, 34.78419876098632], [135.44529724121102, 34.77479934692377], [135.44439697265602, 34.76839828491213], [135.44920349121102, 34.767398834228494], [135.45109558105503, 34.75839996337894], [135.45320129394503, 34.758598327636676], [135.45620727539102, 34.7597999572754], [135.45579528808602, 34.75320053100594], [135.45700073242202, 34.75113296508791], [135.45930480957003, 34.751399993896484], [135.45869445800804, 34.7346687316895], [135.45989990234403, 34.7332000732422], [135.45610046386696, 34.73473358154299], [135.446899414063, 34.73326873779296], [135.44520568847702, 34.72926712036132], [135.44700622558602, 34.71966552734377], [135.43679809570304, 34.71493530273443], [135.427505493164, 34.7096672058105], [135.424194335938, 34.705867767334034], [135.41029357910202, 34.700599670410185], [135.40279210796797, 34.69319502894363], [135.39215087890597, 34.680038452148416], [135.376174926758, 34.67657089233402], [135.37384033203097, 34.67858505249019], [135.375595092773, 34.67990875244144], [135.38197326660202, 34.68223953247069], [135.38223266601597, 34.68226623535157], [135.39006042480503, 34.68264389038087], [135.39201354980497, 34.68165206909177], [135.39218139648403, 34.68174743652341], [135.39270019531298, 34.682144165039134], [135.394195556641, 34.68393707275387], [135.39421081542997, 34.68583297729488], [135.39381408691398, 34.6863441467285], [135.39251708984398, 34.68699645996091], [135.392684936523, 34.6882019042969], [135.39356994628903, 34.68911361694344], [135.39993286132798, 34.6972961425781], [135.40126037597702, 34.699180603027294], [135.399719238281, 34.699909210205085], [135.397979736328, 34.70053100585943], [135.39317321777304, 34.70100402832028], [135.393081665039, 34.698989868164105], [135.39344787597696, 34.69845962524413], [135.39360046386702, 34.69820785522463], [135.393981933594, 34.69713592529297], [135.39204406738304, 34.694736480712876], [135.38954162597696, 34.691913604736264], [135.38891601562497, 34.69172286987298], [135.388092041016, 34.691833496093786], [135.386520385742, 34.69231796264653], [135.38525390625003, 34.69289779663091], [135.383392333984, 34.693607330322266], [135.382904052734, 34.69357681274411], [135.38265991210903, 34.69348907470701], [135.38253784179696, 34.69335556030268], [135.381988525391, 34.692497253418004], [135.38116455078102, 34.69124603271478], [135.38104248046903, 34.69116973876948], [135.380783081055, 34.69110870361327], [135.37907409668, 34.69157409667966], [135.37739562988298, 34.6921463012695], [135.377182006836, 34.69162750244143], [135.37532043456997, 34.68718338012701], [135.37672424316398, 34.685634613037145], [135.37123107910196, 34.68077087402339], [135.37103271484403, 34.68093872070314], [135.36845397949193, 34.68324279785159], [135.37220764160196, 34.689640045165966], [135.37376403808602, 34.69309997558591], [135.37251281738298, 34.693580627441385], [135.37219238281298, 34.693729400634794], [135.37104797363304, 34.69423675537106], [135.368789672852, 34.696372985839844], [135.36840820312497, 34.696372985839844], [135.36503601074196, 34.69384765624996], [135.36503601074196, 34.69359588623046], [135.36585998535202, 34.69280242919918], [135.36599731445298, 34.69278717041019], [135.367279052734, 34.69376373291021], [135.36859130859398, 34.69243240356452], [135.365097045898, 34.68966674804694], [135.36357116699202, 34.68852615356452], [135.36320495605497, 34.688339233398416], [135.35394287109403, 34.69681930541989], [135.35964965820304, 34.70114898681641], [135.36366271972702, 34.704875946044936], [135.36372375488304, 34.705024719238345], [135.36372375488304, 34.705169677734396], [135.363586425781, 34.70552444458008], [135.36322021484395, 34.70629119873047], [135.36274719238304, 34.70615386962887], [135.36184692382804, 34.70588684082029], [135.36134338378903, 34.70584106445306], [135.36103820800804, 34.705867767334034], [135.36073303222693, 34.70591354370118], [135.36047363281298, 34.706020355224624], [135.36021423339798, 34.7061996459961], [135.35697937011702, 34.70929718017583], [135.35498046875, 34.711235046386705], [135.351974487305, 34.71386718750004], [135.35102844238304, 34.71469116210938], [135.35078430175798, 34.71481323242191], [135.35052490234403, 34.71488189697266], [135.349594116211, 34.715019226074176], [135.34941101074196, 34.71500396728519], [135.349060058594, 34.71467208862304], [135.34831237792997, 34.715213775634815], [135.34375, 34.71854782104488], [135.34413146972702, 34.71908569335939], [135.34320068359398, 34.71967697143549], [135.33894348144503, 34.72225952148442], [135.33885192871102, 34.723953247070334], [135.33625793457003, 34.72556304931641], [135.33587646484398, 34.72578811645512], [135.33534240722702, 34.72578811645512], [135.33493041992202, 34.725181579589766], [135.33430480956997, 34.72408294677731], [135.334655761719, 34.723949432372976], [135.332046508789, 34.72322463989263], [135.32630920410196, 34.72515869140633], [135.324356079102, 34.72592544555663], [135.32423400878903, 34.7259292602539], [135.32250976562494, 34.725917816162095], [135.32232666015602, 34.72574996948243], [135.32385253906298, 34.724720001220724], [135.32385253906298, 34.72423553466798], [135.32383728027304, 34.71797943115231], [135.306365966797, 34.71441650390627], [135.305938720703, 34.71461486816409], [135.30587768554696, 34.715065002441406], [135.305969238281, 34.715290069580114], [135.3056640625, 34.71867370605467], [135.30538940429696, 34.71873855590816], [135.30357360839798, 34.718807220459006], [135.30339050292994, 34.71889114379884], [135.30311584472702, 34.71896362304687], [135.30271911621102, 34.719074249267585], [135.30139160156304, 34.71943283081053], [135.300537109375, 34.719604492187464], [135.29452514648403, 34.71950531005864], [135.29418945312497, 34.7193984985352], [135.29386901855497, 34.71927642822267], [135.292739868164, 34.718837738037074], [135.29130554199196, 34.71772003173827], [135.29122924804702, 34.7171630859375], [135.29158020019497, 34.71650314331047], [135.28947448730497, 34.715023040771534], [135.28561401367202, 34.71404647827151], [135.28427124023398, 34.71355438232423], [135.283264160156, 34.71311569213872], [135.28189086914102, 34.712371826171946], [135.282760620117, 34.71118164062503], [135.28349304199196, 34.71155548095696], [135.286834716797, 34.711971282959034], [135.28808593749997, 34.704013824462905], [135.272094726563, 34.70221710205081], [135.27171325683602, 34.702423095703075], [135.27119445800804, 34.70593261718752], [135.268524169922, 34.706912994384815], [135.268142700195, 34.70696640014649], [135.26785278320298, 34.70662307739262], [135.267837524414, 34.7059478759766], [135.26855468749997, 34.702072143554666], [135.26820373535202, 34.70178222656248], [135.25508117675804, 34.70041656494144], [135.25447082519497, 34.70033264160161], [135.25334167480497, 34.700157165527315], [135.247207641602, 34.69948196411129], [135.24510192871102, 34.69929885864264], [135.23974609374997, 34.7015151977539], [135.23475646972696, 34.70092391967771], [135.22795104980503, 34.7000961303711], [135.228118896484, 34.69881439208981], [135.23468017578102, 34.69858169555657], [135.23803710937497, 34.69324874877932], [135.22406005859403, 34.6915550231934], [135.218994140625, 34.69555664062504], [135.216293334961, 34.694107055664084], [135.21525573730503, 34.69348144531247], [135.21437072753903, 34.69268417358401], [135.21835327148395, 34.69005203247068], [135.211288452148, 34.686275482177656], [135.20753479003898, 34.68426513671884], [135.20407104492202, 34.68700027465818], [135.20312, 34.6862182617188], [135.20176696777304, 34.68498229980474], [135.203475952148, 34.67932510375979], [135.20286560058602, 34.67895126342768], [135.20233154296903, 34.67868041992192], [135.20068359375, 34.683815002441435], [135.198989868164, 34.683448791503864], [135.19955444335903, 34.68005752563476], [135.19842529296895, 34.67990875244144], [135.19784545898403, 34.683132171630874], [135.19641113281295, 34.68296813964839], [135.196884155273, 34.67975997924803], [135.195785522461, 34.679634094238324], [135.19522094726597, 34.68285751342767], [135.19371032714798, 34.68271636962889], [135.19416809082003, 34.679485321044915], [135.193084716797, 34.6793746948242], [135.19218444824202, 34.684616088867166], [135.19311523437497, 34.684741973877045], [135.19316101074202, 34.6856536865234], [135.189971923828, 34.685543060302685], [135.19030761718795, 34.6813468933105], [135.18962097167997, 34.67942047119143], [135.18872070312497, 34.678939819335866], [135.18701171874997, 34.680999755859446], [135.18632507324196, 34.68264389038087], [135.184295654297, 34.68205642700203], [135.18421936035196, 34.681541442871136], [135.184448242188, 34.68099212646482], [135.18501281738295, 34.68038177490229], [135.18598937988298, 34.678005218505895], [135.185577392578, 34.677875518798835], [135.18536376953102, 34.67787170410156], [135.18373107910193, 34.677856445312486], [135.18229675292997, 34.67730712890626], [135.182266235352, 34.67699813842772], [135.18466186523403, 34.67675781250003], [135.18679809570298, 34.676853179931584], [135.18922424316398, 34.67286300659184], [135.18939208984398, 34.67231750488279], [135.18855285644503, 34.67091369628907], [135.187591552734, 34.6701927185059], [135.18501281738295, 34.67012786865233], [135.18325805664102, 34.6701049804688], [135.18313598632804, 34.67011642456052], [135.18234252929702, 34.67041015624998], [135.18080139160196, 34.67078018188482], [135.177673339844, 34.67044830322267], [135.177581787109, 34.67008972167972], [135.17762756347693, 34.66839218139654], [135.17791748046903, 34.66485977172848], [135.178680419922, 34.66490173339844], [135.17887878418, 34.6651458740234], [135.18049621582, 34.6678581237793], [135.18243408203097, 34.66806030273439], [135.18702697753895, 34.66687011718747], [135.185775756836, 34.66348266601564], [135.18272399902298, 34.66173553466804], [135.182556152344, 34.661685943603544], [135.18232727050804, 34.66174697875976], [135.17988586425798, 34.662357330322294], [135.17863464355503, 34.66382217407233], [135.17736816406298, 34.66378021240228], [135.17736816406298, 34.663486480712905], [135.177383422852, 34.6630363464355], [135.17861938476597, 34.66073226928714], [135.18052673339795, 34.65559387207026], [135.18069458007798, 34.655422210693416], [135.18261718749997, 34.65557098388673], [135.18302917480503, 34.655414581298785], [135.18405151367202, 34.6549606323242], [135.18688964843798, 34.65311431884769], [135.186965942383, 34.65258789062499], [135.18644714355503, 34.652019500732415], [135.18330383300798, 34.64937973022463], [135.16717529296898, 34.64778518676763], [135.14959716796895, 34.645866394043004], [135.13929748535196, 34.64239883422852], [135.13769531249997, 34.641868591308636], [135.13560485839804, 34.64213180541994], [135.13169860839795, 34.64120101928707], [135.13169860839795, 34.64239883422852], [135.12179565429696, 34.64213180541994], [135.11109924316403, 34.6413345336914], [135.10220336914102, 34.63740158081052], [135.09269714355503, 34.63460159301761], [135.074005126953, 34.630867004394545], [135.07429504394503, 34.628532409668026], [135.059600830078, 34.625465393066364], [135.058807373047, 34.62699890136724], [135.055099487305, 34.62699890136724], [135.04040527343798, 34.62839889526369], [135.018295288086, 34.64326858520509], [135.01460266113298, 34.64373397827149], [135, 34.6426391601563], [134.996795654297, 34.64239883422852], [134.99250793456997, 34.64179992675779], [134.99490356445298, 34.64426803588873], [134.99340820312497, 34.644401550292976], [134.99279785156304, 34.64446640014646], [134.98980712890597, 34.64513397216803], [134.98980712890597, 34.64239883422852], [134.98150634765597, 34.641399383544886], [134.97290039062497, 34.64366531372073], [134.96650695800804, 34.64733123779304], [134.96549987793003, 34.646465301513736], [134.96200561523395, 34.649265289306555], [134.93769836425804, 34.66593551635741], [134.931106567383, 34.66986846923829], [134.92820739746102, 34.671600341796896], [134.90950012207003, 34.675998687744084], [134.908706665039, 34.675998687744084], [134.90980529785202, 34.67446899414057], [134.90780639648403, 34.67626571655266], [134.89750671386702, 34.68680191040036], [134.887802124023, 34.693000793457], [134.88591003418, 34.69486618041994], [134.886306762695, 34.69359970092773], [134.88619995117202, 34.69206619262703], [134.886001586914, 34.69306564331049], [134.88499450683602, 34.69400024414064], [134.871795654297, 34.70226669311522], [134.869598388672, 34.70306777954104], [134.867202758789, 34.704933166503885], [134.868194580078, 34.70579910278319], [134.867004394531, 34.70513534545898], [134.863998413086, 34.70913314819343], [134.86340332031298, 34.708332061767614], [134.860397338867, 34.71039962768547], [134.85810852050798, 34.71366882324222], [134.856597900391, 34.712268829345675], [134.852798461914, 34.71373367309571], [134.849700927734, 34.71593475341798], [134.84899902343798, 34.7146644592285], [134.846694946289, 34.7152671813965], [134.847702026367, 34.72033309936517], [134.846694946289, 34.71879959106447], [134.84289550781298, 34.720401763916016], [134.83619689941398, 34.70719909667974], [134.82820129394497, 34.70993423461907], [134.82629394531298, 34.70633316040043], [134.80909729003898, 34.718067169189496], [134.81320190429696, 34.730598449707024], [134.81210327148398, 34.7323341369629], [134.81069946289097, 34.731800079345746], [134.811589129669, 34.73901769277196], [134.81005377401996, 34.74228032352624], [134.80897133298902, 34.742448967922904], [134.808278519051, 34.74252022284629], [134.807654780818, 34.74031314910093], [134.80631134462604, 34.73997729005271], [134.803768411832, 34.73455556541706], [134.79925830461303, 34.7355631425618], [134.79729113018797, 34.73306818963213], [134.78709411621097, 34.74000167846684], [134.79150390624994, 34.74453353881836], [134.78810119628903, 34.7470664978027], [134.78649902343804, 34.746200561523395], [134.78829956054696, 34.744998931884844], [134.78529357910196, 34.74106597900388], [134.76840209960903, 34.750133514404276], [134.76910400390594, 34.75133132934573], [134.76620483398403, 34.7526664733887], [134.76319885253903, 34.74853134155273], [134.75680541992202, 34.751731872558636], [134.75759887695304, 34.75320053100594], [134.76170349121102, 34.758934020996094], [134.76400756835903, 34.758598327636676], [134.76539611816403, 34.75986862182624], [134.76080322265602, 34.76206588745116], [134.74679565429702, 34.76819992065431], [134.74319458007804, 34.76919937133786], [134.74099731445304, 34.76800155639649], [134.733901977539, 34.76940155029304], [134.733108520508, 34.76760101318359], [134.73199462890602, 34.76900100708013], [134.723999023438, 34.77153396606447], [134.707107543945, 34.777000427246136], [134.704299926758, 34.775466918945256], [134.70300292968798, 34.7753982543945], [134.701507568359, 34.777133941650376], [134.70080566406298, 34.77753448486329], [134.699005126953, 34.77619934082032], [134.701599121094, 34.77280044555659], [134.694595336914, 34.77033233642583], [134.687301635742, 34.771198272705135], [134.689102172852, 34.77740097045904], [134.685104370117, 34.7781982421875], [134.682998657227, 34.77213287353519], [134.67750549316398, 34.773200988769496], [134.67329406738298, 34.77646636962889], [134.665100097656, 34.76793289184574], [134.66079711914097, 34.7697334289551], [134.662399291992, 34.77253341674801], [134.65919494628898, 34.77373123168947], [134.66120910644497, 34.77693176269529], [134.665100097656, 34.776866912841804], [134.66889953613298, 34.77953338623047], [134.66400146484398, 34.78426742553708], [134.66140747070298, 34.783466339111264], [134.65220642089798, 34.7705993652344], [134.65000915527298, 34.770534515380916], [134.64959716796898, 34.774398803710866], [134.65750122070298, 34.787132263183565], [134.65539550781298, 34.78846740722663], [134.65490722656304, 34.78540039062496], [134.64979553222696, 34.779598236083956], [134.64570617675804, 34.77953338623047], [134.64500427246097, 34.76733398437501], [134.63290405273398, 34.76726531982416], [134.63290405273398, 34.77253341674801], [134.63150024414097, 34.77253341674801], [134.63150024414097, 34.77746582031253], [134.63380432128898, 34.779266357421896], [134.643600463867, 34.78026580810553], [134.64349365234398, 34.78340148925778], [134.62210083007804, 34.78373336791993], [134.62210083007804, 34.779800415039134], [134.62600708007804, 34.77953338623047], [134.62820434570304, 34.77766799926762], [134.62820434570304, 34.773200988769496], [134.62359619140597, 34.77313232421883], [134.62350463867196, 34.76940155029304], [134.62319946289097, 34.77159881591804], [134.62179565429696, 34.77153396606447], [134.61109924316403, 34.76773452758792], [134.60820007324196, 34.774932861328104], [134.61270141601602, 34.77793502807619], [134.609008789063, 34.77840042114259], [134.60610961914102, 34.777198791503864], [134.60490417480503, 34.77939987182623], [134.60310363769494, 34.778732299804744], [134.60430908203094, 34.77646636962889], [134.60260009765597, 34.77613449096683], [134.60260009765597, 34.774398803710866], [134.60040283203097, 34.775001525878864], [134.59480285644503, 34.773468017578075], [134.59330749511693, 34.77066802978516], [134.60090637207003, 34.77140045166022], [134.60270690918003, 34.76633453369137], [134.59530639648403, 34.763999938964766], [134.59320068359403, 34.76993560791019], [134.59170532226602, 34.770534515380916], [134.58369445800804, 34.77093505859383], [134.58590698242202, 34.76186752319343], [134.57087415182204, 34.75811367865661], [134.57073021222996, 34.761184389954565], [134.57413678257595, 34.76171216845902], [134.574280722169, 34.7646389401649], [134.57168980951099, 34.76473489989297], [134.57087415182204, 34.77044450371267], [134.57130597059904, 34.77217177881792], [134.570442333046, 34.77322733582657], [134.56698778283604, 34.7706364231689], [134.56564434664298, 34.76780561119101], [134.56479761792997, 34.760516682039025], [134.55790710449202, 34.76419830322268], [134.55889892578102, 34.76919937133786], [134.548294067383, 34.772998809814496], [134.54069519043, 34.770401000976584], [134.539199829102, 34.77280044555659], [134.533096313477, 34.77573394775392], [134.529800415039, 34.78039932250977], [134.52799987793, 34.78273391723629], [134.523696899414, 34.77920150756841], [134.51899719238298, 34.77393341064447], [134.512908935547, 34.76893234252928], [134.511306762695, 34.768135070800824], [134.50820922851597, 34.763999938964766], [134.50309753417997, 34.7612686157227], [134.502197265625, 34.76253128051764], [134.50100708007798, 34.76620101928713], [134.50430297851597, 34.76573181152337], [134.50430297851597, 34.76666641235352], [134.50149536132798, 34.76833343505864], [134.502899169922, 34.77280044555659], [134.500595092773, 34.7745323181152], [134.496795654297, 34.77206802368162], [134.49609375, 34.771198272705135], [134.49380493164097, 34.77159881591804], [134.49099731445298, 34.766132354736285], [134.48840332031295, 34.76753234863283], [134.48640441894497, 34.76900100708013], [134.48089599609398, 34.765533447265554], [134.48010253906304, 34.7606658935547], [134.47390747070298, 34.75519943237303], [134.47120666503898, 34.76620101928713], [134.46940612792997, 34.76826858520507], [134.47180175781304, 34.77653121948238], [134.46910095214798, 34.77833175659183], [134.46920776367196, 34.78419876098632], [134.477996826172, 34.78586578369144], [134.47630310058597, 34.78573226928711], [134.47540283203097, 34.78739929199223], [134.46830749511696, 34.7915992736816], [134.46980285644497, 34.79706573486327], [134.47160339355497, 34.79706573486327], [134.46470642089798, 34.80360031127933], [134.46580505371097, 34.808467864990185], [134.46490478515597, 34.80540084838869], [134.45919799804696, 34.80373382568357], [134.46240234374997, 34.802532196044936], [134.46740722656304, 34.798465728759815], [134.46560668945295, 34.79166793823244], [134.46310424804696, 34.79186630249018], [134.46609497070298, 34.79080200195314], [134.46430969238304, 34.787868499755895], [134.46110534667994, 34.78839874267578], [134.45809936523398, 34.78613281250002], [134.45780944824196, 34.78066635131844], [134.45620727539094, 34.78026580810553], [134.45950317382795, 34.76986694335943], [134.45939636230497, 34.76746749877934], [134.46330261230497, 34.765132904052734], [134.46000671386696, 34.76146697998052], [134.45700073242196, 34.75733566284182], [134.45030212402298, 34.75366592407234], [134.45010375976594, 34.7569999694824], [134.45060729980503, 34.759666442871065], [134.45520019531304, 34.76746749877934], [134.45089721679696, 34.76853179931638], [134.44779968261696, 34.76793289184574], [134.44619750976597, 34.76833343505864], [134.44059753418003, 34.76666641235352], [134.43380737304693, 34.76679992675777], [134.42990112304696, 34.76406860351561], [134.43099975585895, 34.76146697998052], [134.432006835938, 34.756465911865156], [134.42810058593804, 34.75726699829097], [134.42579650878903, 34.75320053100594], [134.43330383300804, 34.748065948486335], [134.42739868164102, 34.74539947509766], [134.42480468750003, 34.74060058593748], [134.41610717773403, 34.732398986816385], [134.412307739258, 34.72926712036132], [134.41050720214804, 34.72779846191411], [134.40699768066403, 34.72653579711908], [134.40560913085903, 34.73033523559572], [134.40440368652304, 34.72959899902339], [134.39340209960903, 34.728733062744084], [134.39160156250003, 34.73326873779296], [134.38839721679702, 34.734333038330085], [134.384704589844, 34.72613143920899], [134.375106811523, 34.73133468627926], [134.379302978516, 34.73699951171884], [134.373794555664, 34.73326873779296], [134.37179565429702, 34.73493576049799], [134.37350463867202, 34.736534118652266], [134.37179565429702, 34.73933410644527], [134.367904663086, 34.74473571777336], [134.358306884766, 34.751201629638665], [134.35820007324202, 34.74566650390633], [134.361099243164, 34.745998382568395], [134.36259460449202, 34.74606704711906], [134.363204956055, 34.740665435790966], [134.358596801758, 34.74013519287109], [134.351898193359, 34.73706817626951], [134.344299316406, 34.735401153564474], [134.34240722656298, 34.73626708984378], [134.34309387207, 34.738666534423785], [134.341201782227, 34.73673248291018], [134.339294433594, 34.73893356323236], [134.330902099609, 34.732067108154325], [134.32130432128898, 34.72180175781247], [134.32070922851597, 34.72773361206053], [134.322998046875, 34.7308654785156], [134.320297241211, 34.73533248901372], [134.31680297851597, 34.73506546020514], [134.31370544433597, 34.737667083740234], [134.31399536132798, 34.74046707153324], [134.31750488281295, 34.75320053100594], [134.319793701172, 34.75913238525391], [134.32409667968798, 34.76353454589837], [134.325500488281, 34.763465881347706], [134.32690429687497, 34.765933990478466], [134.329498291016, 34.76699829101559], [134.332107543945, 34.765865325927706], [134.333801269531, 34.76819992065431], [134.331695556641, 34.77033233642583], [134.32920837402298, 34.77373123168947], [134.32350158691398, 34.774600982666044], [134.32009887695298, 34.77653121948238], [134.31750488281295, 34.77786636352544], [134.315399169922, 34.780799865722685], [134.318496704102, 34.785133361816385], [134.31640624999997, 34.792400360107415], [134.316497802734, 34.801601409912145], [134.31170654296898, 34.80266571044918], [134.30700683593804, 34.80733108520512], [134.30659484863298, 34.810333251953125], [134.30250549316398, 34.813999176025426], [134.29780578613304, 34.81346511840819], [134.29499816894497, 34.81806564331046], [134.28790283203097, 34.8213996887207], [134.28739929199196, 34.82773208618159], [134.28320312499997, 34.829467773437464], [134.27270507812494, 34.82713317871086], [134.26989746093804, 34.82733154296877], [134.26800537109403, 34.826065063476555], [134.26319885253903, 34.82666778564447], [134.26130676269494, 34.83139801025389], [134.26249694824196, 34.83653259277341], [134.26499938964795, 34.83866500854493], [134.26260375976602, 34.841464996337926], [134.26229858398398, 34.845264434814474], [134.25599670410193, 34.84840011596681], [134.25309753418003, 34.851268768310476], [134.25469970703097, 34.85966491699221], [134.25799560546903, 34.862735748290966], [134.25860595703097, 34.86966705322267], [134.26119995117196, 34.871200561523366], [134.26620483398395, 34.87480163574219], [134.26300048828097, 34.87946701049804], [134.26289367675804, 34.88493347167971], [134.26670837402304, 34.88346862792967], [134.26850891113304, 34.88366699218749], [134.26820373535193, 34.887733459472706], [134.27230834960895, 34.891334533691435], [134.27929687499997, 34.895732879638715], [134.28160095214798, 34.895465850830135], [134.28320312499997, 34.896465301513686], [134.28829956054696, 34.89759826660156], [134.28770446777298, 34.89953231811517], [134.29269409179696, 34.90273284912108], [134.29440307617196, 34.90753555297854], [134.29249572753898, 34.908134460449176], [134.29229736328097, 34.91059875488284], [134.29000854492196, 34.91073226928709], [134.28689575195298, 34.9143333435059], [134.28379821777298, 34.91680145263666], [134.28410339355494, 34.91986465454097], [134.28419494628898, 34.92033386230472], [134.27839660644497, 34.921531677246094], [134.27510070800804, 34.923934936523366], [134.27549743652298, 34.929134368896456], [134.26690673828097, 34.93600082397458], [134.26370239257804, 34.936534881591825], [134.26249694824196, 34.937332153320284], [134.25889587402295, 34.93420028686522], [134.25430297851602, 34.93773269653319], [134.25360107421903, 34.94606399536126], [134.25540161132804, 34.94680023193359], [134.25920104980503, 34.9513320922852], [134.26330566406304, 34.95280075073241], [134.26640319824196, 34.95639801025387], [134.27540588378903, 34.96286773681644], [134.27360534668003, 34.965999603271506], [134.27650451660196, 34.975799560546875], [134.27510070800804, 34.97719955444342], [134.27290344238304, 34.97806549072273], [134.27020263671903, 34.9783325195313], [134.27020263671903, 34.98253250122067], [134.27259826660196, 34.985466003418004], [134.27529907226597, 34.98626708984382], [134.27830505371097, 34.990535736084034], [134.28610229492196, 34.995933532714766], [134.28230285644497, 34.9965324401855], [134.279266357422, 35], [134.27839660644497, 35.000999450683615], [134.27700805664102, 35.00093460083013], [134.27090454101602, 35.00320053100589], [134.26580810546903, 35.00506591796883], [134.26550292968804, 35.00786590576174], [134.26380920410202, 35.0107345581055], [134.26440429687503, 35.012733459472685], [134.26660156249994, 35.012664794921925], [134.26409912109403, 35.01566696166993], [134.26770019531304, 35.018001556396534], [134.26710510253903, 35.0215339660645], [134.27160644531304, 35.02360153198244], [134.27470397949196, 35.023399353027266], [134.28059387206997, 35.03499984741209], [134.28289794921895, 35.03799819946291], [134.28500366210898, 35.03680038452154], [134.29040527343804, 35.03739929199218], [134.29670715331997, 35.04313278198243], [134.30380249023398, 35.04046630859376], [134.30650329589798, 35.04233169555661], [134.30720520019497, 35.04553222656252], [134.310104370117, 35.04513168334961], [134.31579589843798, 35.04326629638667], [134.31610107421898, 35.04326629638667], [134.31509399414097, 35.04826736450203], [134.31440734863298, 35.057865142822315], [134.31660461425798, 35.0656661987305], [134.32049560546898, 35.06753158569344], [134.318496704102, 35.082866668701236], [134.329406738281, 35.08653259277336], [134.329895019531, 35.086997985839844], [134.332107543945, 35.08653259277336], [134.332992553711, 35.08653259277336], [134.33670043945298, 35.090400695800845], [134.33830261230497, 35.089332580566364], [134.34489440918, 35.090400695800845], [134.348602294922, 35.09033203125], [134.34989929199202, 35.09360122680658], [134.353408813477, 35.09799957275394], [134.353500366211, 35.1002655029297], [134.352493286133, 35.1136665344238], [134.35920715332, 35.119400024414134], [134.359909057617, 35.122001647949226], [134.356399536133, 35.124465942382805], [134.358596801758, 35.127201080322315], [134.359603881836, 35.133666992187536], [134.361709594727, 35.13439941406251], [134.361404418945, 35.137599945068416], [134.366302490234, 35.1454010009766], [134.368804931641, 35.14726638793954], [134.37179565429702, 35.14926528930663], [134.374206542969, 35.15093231201167], [134.377395629883, 35.1491317749023], [134.38119506835903, 35.15179824829097], [134.38679504394503, 35.15179824829097], [134.39360046386702, 35.152667999267635], [134.40640258789102, 35.147399902343786], [134.40820312500003, 35.14786529541018], [134.409606933594, 35.15086746215818], [134.41200256347702, 35.15673446655267], [134.41070556640602, 35.160934448242216], [134.40699768066403, 35.165134429931584], [134.40660095214804, 35.16986846923828], [134.41119384765597, 35.17580032348634], [134.41140747070304, 35.186134338378864], [134.40080261230503, 35.18746566772457], [134.390899658203, 35.192398071289084], [134.38240051269503, 35.194465637207024], [134.38310241699202, 35.19540023803708], [134.380004882813, 35.20806503295903], [134.38099670410202, 35.216064453125036], [134.380493164063, 35.218132019042976], [134.38490295410202, 35.223598480224645], [134.38639831543, 35.223533630371065], [134.39639282226602, 35.22833251953134], [134.40220642089804, 35.241001129150376], [134.40820312500003, 35.23966598510741], [134.42129516601602, 35.23699951171883], [134.42739868164102, 35.231666564941406], [134.43400573730503, 35.22946548461913], [134.43840026855503, 35.2308006286621], [134.44270324706997, 35.23580169677729], [134.44830322265597, 35.2379341125488], [134.45260620117196, 35.2379341125488], [134.46240234374997, 35.23666763305659], [134.46240234374997, 35.24413299560553], [134.47079467773398, 35.249198913574205], [134.47540283203097, 35.249198913574205], [134.48030090331997, 35.25320053100593], [134.48190307617196, 35.25619888305657], [134.48550415039097, 35.26219940185548], [134.489593505859, 35.26179885864257], [134.496795654297, 35.26760101318357], [134.501602172852, 35.26906585693361], [134.51460266113298, 35.27733230590819], [134.511795043945, 35.284664154052706], [134.50930786132798, 35.29560089111332], [134.510299682617, 35.30286788940426], [134.514007568359, 35.307064056396534], [134.51040649414097, 35.311267852783175], [134.504898071289, 35.31593322753911], [134.502197265625, 35.32540130615233], [134.503997802734, 35.3365325927734], [134.506408691406, 35.33853149414058], [134.50830078125, 35.341667175293004], [134.509994506836, 35.349334716796946], [134.51139831543, 35.3512001037598], [134.51330566406298, 35.353931427002045], [134.51190185546898, 35.35440063476562], [134.50520324707, 35.35906600952147], [134.50239562988298, 35.36600112915044], [134.496795654297, 35.367267608642564], [134.493698120117, 35.367599487304716], [134.48880004882798, 35.36800003051763], [134.48519897460898, 35.37113189697269], [134.47579956054696, 35.37473297119142], [134.47219848632798, 35.37799835205082], [134.47190856933597, 35.382999420166], [134.47459411621097, 35.392467498779304], [134.47830200195298, 35.400932312011705], [134.481002807617, 35.41019821166992], [134.47689819335898, 35.41386413574223], [134.47770690917997, 35.41986465454096], [134.47560119628898, 35.423267364502045], [134.47950744628898, 35.42526626586914], [134.47689819335898, 35.429134368896534], [134.47309875488298, 35.429866790771506], [134.46969604492196, 35.432933807373], [134.46679687499997, 35.432933807373], [134.46279907226597, 35.436466217040966], [134.45420837402295, 35.43666839599614], [134.44929504394497, 35.438064575195334], [134.44610595703097, 35.441333770751996], [134.43980407714804, 35.44279861450203], [134.43760681152304, 35.45846557617189], [134.43609619140597, 35.462867736816435], [134.43339538574196, 35.46666717529298], [134.43409729003903, 35.47106552124017], [134.43719482421903, 35.475601196289134], [134.42709350585898, 35.495933532714844], [134.42990112304696, 35.50320053100588], [134.42790222168003, 35.50746536254882], [134.42460632324196, 35.50880050659179], [134.41870117187503, 35.51373291015631], [134.41600036621102, 35.51373291015631], [134.412307739258, 35.5153312683105], [134.41819763183602, 35.525333404541044], [134.41960144043003, 35.531532287597685], [134.42160034179693, 35.53453445434568], [134.42219543456997, 35.53633117675778], [134.42500305175804, 35.541866302490206], [134.42039489746094, 35.54486465454102], [134.42430114746102, 35.55133438110351], [134.42080688476602, 35.56293106079097], [134.41580200195304, 35.56353378295897], [134.41050720214804, 35.562866210937486], [134.40589904785202, 35.5684661865234], [134.40570068359403, 35.57373428344734], [134.40550231933602, 35.58300018310547], [134.40679931640602, 35.58653259277344], [134.40780639648403, 35.58766555786132], [134.40609741210903, 35.58926773071286], [134.40299987793003, 35.59346771240232], [134.393997192383, 35.59780120849611], [134.392700195313, 35.60086441040042], [134.38720703125, 35.60306549072269], [134.38200378418, 35.603534698486264], [134.37530517578102, 35.607532501220724], [134.37179565429702, 35.60833358764654], [134.36950683593798, 35.61459732055658], [134.37040710449202, 35.61453247070309], [134.37179565429702, 35.61459732055658], [134.37310791015602, 35.61439895629876], [134.373306274414, 35.61159896850594], [134.37789916992202, 35.613933563232365], [134.380798339844, 35.61246490478524], [134.38240051269503, 35.613334655761726], [134.38369750976602, 35.61339950561521], [134.385604858398, 35.6140670776367], [134.38699340820304, 35.61380004882812], [134.386108398438, 35.61766815185551], [134.388107299805, 35.617599487304666], [134.39059448242202, 35.6190643310547], [134.39239501953102, 35.61980056762703], [134.39590454101602, 35.618534088134815], [134.401306152344, 35.6162643432617], [134.404006958008, 35.61619949340821], [134.40670776367202, 35.61753463745118], [134.41009521484403, 35.6192016601563], [134.41220092773403, 35.6190643310547], [134.41650390625003, 35.61946868896479], [134.41589355468804, 35.62153244018546], [134.42030334472702, 35.62439727783204], [134.42330932617202, 35.6218643188477], [134.42750549316403, 35.6240005493164], [134.42779541015597, 35.62220001220703], [134.43119812011696, 35.62020111083976], [134.43490600585903, 35.62326431274407], [134.43260192871094, 35.6248664855957], [134.43359374999997, 35.62779998779303], [134.432006835938, 35.628932952880916], [134.43389892578097, 35.63280105590822], [134.43499755859403, 35.632534027099645], [134.43890380859403, 35.63586425781253], [134.44030761718804, 35.63000106811522], [134.44189453124997, 35.62826538085943], [134.44270324706997, 35.62886428833007], [134.44160461425804, 35.63073348999019], [134.44500732421903, 35.6289978027344], [134.44599914550804, 35.628932952880916], [134.45089721679696, 35.6289978027344], [134.45640563964798, 35.63520050048831], [134.45840454101597, 35.63439941406249], [134.46080017089798, 35.63993453979492], [134.46220397949196, 35.63966751098634], [134.46549987792997, 35.63999938964841], [134.46690368652298, 35.63986587524408], [134.46890258789097, 35.6404647827148], [134.47070312499997, 35.63926696777344], [134.47250366210898, 35.63953399658201], [134.47259521484398, 35.6419334411621], [134.47579956054696, 35.640201568603494], [134.47889709472696, 35.64546585083008], [134.48530578613298, 35.650600433349595], [134.48669433593798, 35.650600433349595], [134.49090576171898, 35.65406417846681], [134.49340820312497, 35.65359878540041], [134.49499511718798, 35.65633392333984], [134.496795654297, 35.65633392333984], [134.49720764160196, 35.65586471557617], [134.49800109863298, 35.65526580810553], [134.498107910156, 35.655998229980504], [134.499801635742, 35.65753173828129], [134.50140380859398, 35.655998229980504], [134.503997802734, 35.65800094604487], [134.504501342773, 35.6613998413086], [134.511001586914, 35.658531188964844], [134.516403198242, 35.66133117675784], [134.517196655273, 35.66113281250002], [134.516494750977, 35.666599273681605], [134.52070617675798, 35.664665222168], [134.523300170898, 35.66693115234384], [134.527496337891, 35.66759872436524], [134.52990722656298, 35.666198730468786], [134.53120422363298, 35.666198730468786], [134.536895751953, 35.66986846923827], [134.538803100586, 35.66986846923827], [134.53910827636702, 35.66986846923827], [134.539703369141, 35.66986846923827], [134.541000366211, 35.66893386840821], [134.550903320313, 35.658664703369084], [134.55490112304702, 35.656734466552656], [134.55810546875, 35.65106582641599], [134.561706542969, 35.65113449096683], [134.56330871582003, 35.656532287597656], [134.56500244140602, 35.65560150146478], [134.567504882813, 35.65593338012702], [134.567901611328, 35.65753173828129], [134.56860351562503, 35.65686416625981], [134.569107055664, 35.65760040283196], [134.57020568847702, 35.656932830810476], [134.57620239257804, 35.65219879150387], [134.57569885253903, 35.655200958252045], [134.57769775390602, 35.66073226928712], [134.57969665527304, 35.659801483154325], [134.58129882812503, 35.65973281860348], [134.58180236816403, 35.65933227539057], [134.58340454101602, 35.65966415405272], [134.58520507812503, 35.65973281860348], [134.58729553222702, 35.658798217773416], [134.591506958008, 35.65553283691411], [134.59780883789102, 35.65873336791993], [134.60260009765597, 35.655998229980504], [134.60459899902304, 35.656066894531264], [134.60699462890597, 35.65406417846681], [134.60499572753903, 35.6523323059082], [134.60540771484403, 35.651531219482386], [134.60670471191403, 35.651531219482386], [134.60639953613304, 35.649131774902294], [134.60879516601594, 35.650001525878864], [134.61080932617193, 35.64839935302732], [134.61230468750003, 35.64853286743156], [134.61349487304696, 35.64126586914062], [134.62179565429696, 35.63926696777344], [134.62780761718804, 35.64086532592771], [134.63029479980497, 35.64753341674802], [134.62800598144497, 35.64753341674802], [134.62710571289094, 35.64920043945314], [134.63299560546898, 35.65126419067381], [134.63330078124997, 35.64739990234377], [134.63949584960898, 35.64993286132811], [134.64250183105497, 35.65166473388672], [134.64419555664097, 35.65553283691411], [134.64669799804696, 35.658466339111264], [134.64840698242196, 35.6609344482422], [134.65699768066398, 35.6655311584473], [134.65910339355497, 35.664066314697266], [134.66360473632798, 35.66686630249018], [134.665603637695, 35.66339874267578], [134.66340637206997, 35.658065795898445], [134.65730285644497, 35.658134460449205], [134.66050720214798, 35.656066894531264], [134.65870666503898, 35.65166473388672], [134.66200256347696, 35.64839935302732], [134.66580200195298, 35.653533935546925], [134.66749572753898, 35.65499877929687], [134.668197631836, 35.655998229980504], [134.66870117187497, 35.65760040283196], [134.67030334472696, 35.65739822387696], [134.670700073242, 35.658531188964844], [134.672103881836, 35.65973281860348], [134.673904418945, 35.661064147949176], [134.678298950195, 35.65506744384771], [134.68130493164097, 35.65766525268554], [134.68400573730497, 35.655998229980504], [134.685302734375, 35.656066894531264], [134.687194824219, 35.6650657653809], [134.688705444336, 35.66500091552733], [134.692199707031, 35.66513442993157], [134.695693969727, 35.66266632080081], [134.69189453125, 35.659534454345746], [134.69450378418, 35.65459823608396], [134.697692871094, 35.65526580810553], [134.701599121094, 35.65546798706053], [134.703399658203, 35.65319824218751], [134.70690917968798, 35.65359878540041], [134.70930480957, 35.65986633300781], [134.70829772949202, 35.66126632690427], [134.709503173828, 35.665466308593814], [134.711807250977, 35.6652679443359], [134.71530151367202, 35.666133880615206], [134.717300415039, 35.6650657653809], [134.71980285644503, 35.66666412353518], [134.72270202636702, 35.66653442382812], [134.724807739258, 35.66713333129884], [134.728393554688, 35.66193389892584], [134.730499267578, 35.66233444213866], [134.73240661621102, 35.658332824707024], [134.733901977539, 35.658134460449205], [134.73460388183602, 35.660598754882784], [134.73849487304702, 35.65966415405272], [134.74020385742202, 35.659801483154325], [134.741897583008, 35.65959930419923], [134.74319458007804, 35.65959930419923], [134.743606567383, 35.662998199462876], [134.743103027344, 35.665199279785234], [134.744995117188, 35.6657333374023], [134.74679565429702, 35.66460037231451], [134.74679565429702, 35.663734436035206], [134.74679565429702, 35.66166687011717], [134.748001098633, 35.66026687622072], [134.75120544433602, 35.66146469116209], [134.75149536132804, 35.66399765014651], [134.75489807128903, 35.66173171997066], [134.75639343261696, 35.66173171997066], [134.75830078125003, 35.66320037841796], [134.76119995117202, 35.66986846923827], [134.76170349121102, 35.67293167114258], [134.76390075683602, 35.674667358398366], [134.76409912109403, 35.66986846923827], [134.76220703125003, 35.66773223876948], [134.76170349121102, 35.66253280639648], [134.76899719238304, 35.65940093994141], [134.771606445313, 35.66006469726563], [134.77290344238304, 35.65926742553708], [134.77520751953094, 35.66153335571293], [134.77740478515597, 35.66166687011717], [134.77870178222702, 35.66173171997066], [134.78250122070304, 35.66126632690427], [134.78320312500003, 35.665466308593814], [134.78959655761696, 35.66746520996091], [134.79170227050804, 35.66740036010742], [134.79539489746097, 35.66986846923827], [134.79919433593804, 35.66986846923827], [134.79809570312497, 35.668464660644545], [134.80320739746097, 35.66460037231451], [134.80700683593804, 35.6650657653809], [134.80960083007798, 35.663532257080114], [134.8125, 35.663734436035206], [134.81590270996097, 35.660331726074205], [134.82090759277298, 35.65959930419923], [134.820602416992, 35.65700149536132], [134.82240295410196, 35.65706634521481], [134.82609558105497, 35.65553283691411], [134.82899475097696, 35.65560150146478], [134.83479309082, 35.656398773193416], [134.83760070800798, 35.65553283691411], [134.838104248047, 35.653999328613324], [134.833297729492, 35.64886474609381], [134.83580017089798, 35.64586639404298], [134.84060668945298, 35.64273452758792], [134.84350585937497, 35.645065307617166], [134.848297119141, 35.65280151367187], [134.847900390625, 35.655998229980504], [134.84980773925798, 35.655998229980504], [134.852096557617, 35.658866882324176], [134.853805541992, 35.658264160156264], [134.85670471191398, 35.65940093994141], [134.860900878906, 35.658134460449205], [134.864608764648, 35.65893173217766], [134.867095947266, 35.658065795898445]]], [[[134.670501708984, 35.66126632690427], [134.671295166016, 35.66600036621087], [134.672698974609, 35.66493225097657], [134.67260742187497, 35.66193389892584], [134.670501708984, 35.66126632690427]]], [[[134.697601318359, 34.75986862182624], [134.689300537109, 34.76006698608398], [134.692199707031, 34.76826858520507], [134.700698852539, 34.770732879638736], [134.697601318359, 34.75986862182624]]], [[[135.329971313477, 34.71023178100589], [135.32484436035202, 34.71031951904299], [135.32492065429693, 34.71530914306637], [135.32490539550804, 34.71697235107422], [135.33021545410193, 34.721679687500036], [135.33471679687494, 34.72126388549796], [135.34074401855503, 34.71800231933592], [135.34109497070298, 34.71574783325197], [135.33879089355497, 34.71091079711909], [135.33441162109403, 34.71043014526371], [135.33100891113304, 34.71027755737303], [135.329971313477, 34.71023178100589]]], [[[135.294052124023, 34.7046546936035], [135.29353332519503, 34.704788208007834], [135.29270935058602, 34.70984268188479], [135.292419433594, 34.71187591552731], [135.29345703125, 34.71476745605468], [135.29516601562497, 34.71548843383793], [135.29397583007798, 34.71759033203129], [135.29393005371102, 34.71824645996088], [135.29452514648403, 34.71857452392577], [135.29704284668, 34.71854019165043], [135.29849243164094, 34.717491149902294], [135.30328369140597, 34.7167358398438], [135.304351806641, 34.7060356140137], [135.304061889648, 34.705673217773395], [135.294052124023, 34.7046546936035]]], [[[135.32119750976597, 34.70482254028317], [135.31201171875003, 34.705642700195334], [135.311660766602, 34.708374023437486], [135.30677795410196, 34.70826721191413], [135.306259155273, 34.71204757690433], [135.30619812011696, 34.713123321533175], [135.30778503417997, 34.713539123535156], [135.31184387207003, 34.7143630981445], [135.316040039063, 34.715213775634815], [135.322143554688, 34.71638107299803], [135.32209777831997, 34.714580535888665], [135.32223510742202, 34.7057228088379], [135.32119750976597, 34.70482254028317]]], [[[135.34716796875, 34.70289993286128], [135.345275878906, 34.704582214355476], [135.34239196777298, 34.71367645263667], [135.34324645996102, 34.715332031249986], [135.34530639648398, 34.71474838256842], [135.34759521484398, 34.71406936645513], [135.34796142578102, 34.713737487792976], [135.34761047363304, 34.712749481201236], [135.350173950195, 34.71057128906249], [135.35186767578102, 34.709236145019524], [135.35232543945304, 34.70882415771481], [135.352600097656, 34.708522796630895], [135.35307312011702, 34.707294464111285], [135.34716796875, 34.70289993286128]]], [[[134.852996826172, 34.69400024414064], [134.83970642089798, 34.69639968872073], [134.845596313477, 34.708133697509794], [134.85220336914097, 34.70579910278319], [134.853897094727, 34.70806884765631], [134.849899291992, 34.70953369140634], [134.848602294922, 34.70993423461907], [134.84759521484398, 34.712135314941435], [134.85639953613298, 34.70980072021483], [134.857803344727, 34.7105331420898], [134.861709594727, 34.70733261108398], [134.852996826172, 34.69400024414064]]], [[[134.867599487305, 34.699333190917976], [134.863693237305, 34.700599670410185], [134.864196777344, 34.70206451416022], [134.868804931641, 34.70159912109382], [134.871795654297, 34.700599670410185], [134.883697509766, 34.692001342773366], [134.877395629883, 34.68486785888666], [134.871795654297, 34.68680191040036], [134.86250305175798, 34.690067291259844], [134.856994628906, 34.692001342773366], [134.861404418945, 34.69713592529297], [134.86590576171898, 34.696468353271484], [134.86869812011702, 34.69580078125], [134.870101928711, 34.69839859008791], [134.867599487305, 34.699333190917976]]], [[[135.25479125976602, 34.6778678894043], [135.25228881835903, 34.69323348999024], [135.26405334472696, 34.697814941406264], [135.26533508300798, 34.69575881958013], [135.27238464355503, 34.696483612060476], [135.27282714843798, 34.69869232177729], [135.275634765625, 34.69831466674799], [135.281433105469, 34.69757461547848], [135.28330993652304, 34.6973571777344], [135.288146972656, 34.69677352905266], [135.28909301757804, 34.690849304199226], [135.27850341796903, 34.692424774169886], [135.27880859375003, 34.689567565918026], [135.28567504882798, 34.68851852416989], [135.289443969727, 34.68793869018551], [135.290573120117, 34.6819229125977], [135.27505493164097, 34.6802024841309], [135.26657104492196, 34.67931747436516], [135.25479125976602, 34.6778678894043]]], [[[134.63940429687497, 34.68333435058587], [134.63690185546895, 34.68546676635739], [134.63580322265597, 34.686866760253935], [134.63850402831997, 34.6867332458496], [134.63990783691398, 34.685600280761726], [134.63940429687497, 34.68333435058587]]], [[[134.541900634766, 34.65879821777344], [134.53520202636702, 34.65900039672853], [134.527801513672, 34.66486740112302], [134.52630615234398, 34.666267395019474], [134.524002075195, 34.665466308593835], [134.522399902344, 34.6668663024902], [134.518493652344, 34.66820144653317], [134.516098022461, 34.66986846923829], [134.51310729980497, 34.67073440551759], [134.513595581055, 34.673599243164084], [134.507705688477, 34.677135467529325], [134.51190185546898, 34.67980194091799], [134.515396118164, 34.680999755859446], [134.517501831055, 34.680866241455114], [134.518905639648, 34.680866241455114], [134.520904541016, 34.680667877197294], [134.527908325195, 34.68553161621088], [134.531005859375, 34.68386840820312], [134.534805297852, 34.68646621704103], [134.536605834961, 34.685268402099574], [134.530807495117, 34.67993545532232], [134.528793334961, 34.68120193481454], [134.527603149414, 34.67700195312499], [134.528900146484, 34.67706680297848], [134.53120422363298, 34.67706680297848], [134.530899047852, 34.67280197143553], [134.532302856445, 34.67306900024411], [134.533203125, 34.6759338378906], [134.535293579102, 34.67813491821287], [134.539306640625, 34.67753219604487], [134.54460144043, 34.67993545532232], [134.544799804688, 34.67446899414057], [134.542495727539, 34.66986846923829], [134.545501708984, 34.66293334960941], [134.541900634766, 34.65879821777344]]], [[[135.21731567382798, 34.65015792846683], [135.21485900878903, 34.651470184326186], [135.20654296874994, 34.65692520141596], [135.20414733886696, 34.65924072265631], [135.20358276367202, 34.65924072265631], [135.20254516601602, 34.65921020507807], [135.20225524902304, 34.65919876098626], [135.20132446289097, 34.673534393310504], [135.20429992675798, 34.675811767578075], [135.20645141601602, 34.67671585083007], [135.210800170898, 34.678852081298764], [135.21046447753903, 34.68058776855473], [135.21040344238298, 34.68124771118159], [135.21995544433594, 34.682697296142635], [135.22532653808597, 34.67833709716796], [135.22554016113304, 34.67784118652341], [135.21636962890602, 34.67501449584962], [135.21774291992196, 34.67262649536133], [135.21784973144497, 34.67264938354494], [135.227920532227, 34.67573165893551], [135.23155212402298, 34.67377471923829], [135.23176574706994, 34.6734085083008], [135.21957397460903, 34.669738769531314], [135.220916748047, 34.66717910766601], [135.233276367188, 34.67105102539058], [135.23585510253895, 34.66568374633791], [135.23617553710903, 34.66493225097659], [135.231307983398, 34.66326904296883], [135.22596740722702, 34.661560058593835], [135.226211547852, 34.66107559204101], [135.22654724121097, 34.660446166992216], [135.22804260253898, 34.657829284667955], [135.23884582519497, 34.661136627197315], [135.245025634766, 34.65060424804688], [135.21731567382798, 34.65015792846683]]], [[[134.61030578613304, 34.67573165893551], [134.60830688476602, 34.67706680297848], [134.60720825195304, 34.6767997741699], [134.60639953613304, 34.67860031127927], [134.60800170898395, 34.67853164672851], [134.60890197753903, 34.67866516113284], [134.61030578613304, 34.67573165893551]]], [[[134.572708129883, 34.6512680053711], [134.56869506835903, 34.656200408935526], [134.564895629883, 34.66106796264647], [134.561798095703, 34.66740036010744], [134.56129455566403, 34.66806793212893], [134.563903808594, 34.66986846923829], [134.56379699707003, 34.669933319091776], [134.56809997558602, 34.671867370605476], [134.56939697265602, 34.674068450927656], [134.57029724121102, 34.6767997741699], [134.57310485839804, 34.67673492431641], [134.57350158691403, 34.67693328857423], [134.57690429687503, 34.67446899414057], [134.58099365234403, 34.671066284179744], [134.58197021484395, 34.66985321044921], [134.58419799804702, 34.66986846923829], [134.58399963378903, 34.67066574096684], [134.58729553222702, 34.66986846923829], [134.58940124511696, 34.668869018554744], [134.59060668945304, 34.66320037841798], [134.58760070800804, 34.6597328186035], [134.58439636230503, 34.655532836914134], [134.57879638671903, 34.65639877319344], [134.57730102539102, 34.65193176269531], [134.572708129883, 34.6512680053711]]], [[[134.46769714355497, 34.640800476074155], [134.46430969238304, 34.6413345336914], [134.45829772949196, 34.64506530761719], [134.45989990234395, 34.646266937255916], [134.46029663085898, 34.6512680053711], [134.46070861816395, 34.65879821777344], [134.46330261230497, 34.65686798095701], [134.46260070800804, 34.661865234375014], [134.46569824218804, 34.66573333740232], [134.46960449218804, 34.666934967041044], [134.46650695800804, 34.66279983520508], [134.47059631347696, 34.660202026367166], [134.47180175781304, 34.66026687622074], [134.47399902343804, 34.65806579589838], [134.47590637206997, 34.661666870117195], [134.47869873046898, 34.663600921630895], [134.48069763183597, 34.65879821777344], [134.48420715331997, 34.660598754882805], [134.486297607422, 34.66460037231453], [134.485397338867, 34.66986846923829], [134.483703613281, 34.67126846313484], [134.48699951171898, 34.67140197753908], [134.49000549316398, 34.66986846923829], [134.49110412597696, 34.669799804687536], [134.492401123047, 34.669799804687536], [134.492401123047, 34.66806793212893], [134.49360656738298, 34.66899871826172], [134.49499511718798, 34.668869018554744], [134.48970031738298, 34.658733367919865], [134.49409484863298, 34.65946578979492], [134.49340820312497, 34.65253448486331], [134.495407104492, 34.652866363525376], [134.496795654297, 34.65280151367189], [134.49800109863298, 34.64973449707031], [134.500305175781, 34.64540100097661], [134.496795654297, 34.643600463867244], [134.49360656738298, 34.64519882202152], [134.49040222167997, 34.64286804199219], [134.48350524902298, 34.64120101928707], [134.48750305175798, 34.64406585693364], [134.48970031738298, 34.64906692504883], [134.48620605468804, 34.6484680175781], [134.482498168945, 34.646335601806584], [134.48210144042997, 34.64899826049798], [134.47900390624997, 34.64920043945307], [134.46769714355497, 34.640800476074155]]], [[[134.51550292968798, 34.63586425781246], [134.509506225586, 34.63886642456046], [134.506698608398, 34.640666961669915], [134.501205444336, 34.64346694946291], [134.50140380859398, 34.64533233642577], [134.502502441406, 34.64733123779304], [134.50239562988298, 34.648132324218764], [134.50309753417997, 34.650932312011676], [134.50360107421898, 34.65033340454104], [134.507293701172, 34.651866912841825], [134.509002685547, 34.651866912841825], [134.512603759766, 34.653934478759766], [134.511795043945, 34.65480041503907], [134.512802124023, 34.655666351318374], [134.514404296875, 34.659400939941435], [134.516006469727, 34.65546798706047], [134.517807006836, 34.65466690063483], [134.516098022461, 34.650398254394524], [134.513595581055, 34.65060043334962], [134.510803222656, 34.64939880371089], [134.50920104980497, 34.647731781005945], [134.51139831543, 34.64746856689446], [134.511199951172, 34.644332885742216], [134.516906738281, 34.64473342895513], [134.51490783691398, 34.64239883422852], [134.517303466797, 34.64113235473631], [134.51530456542997, 34.639266967773366], [134.51550292968798, 34.63586425781246]]], [[[134.43359374999997, 34.64766693115228], [134.43389892578097, 34.650932312011676], [134.43739318847696, 34.65266799926764], [134.43949890136696, 34.65386581420901], [134.44070434570304, 34.650199890136705], [134.44110107421903, 34.64953231811522], [134.43719482421903, 34.64899826049798], [134.43600463867196, 34.648399353027344], [134.43359374999997, 34.64766693115228]]], [[[134.531005859375, 34.642467498779276], [134.528594970703, 34.64333343505858], [134.532302856445, 34.646335601806584], [134.533905029297, 34.64319992065434], [134.531005859375, 34.642467498779276]]], [[[134.58779907226602, 34.63759994506842], [134.584106445313, 34.64279937744143], [134.58380126953102, 34.64473342895513], [134.58760070800804, 34.638534545898395], [134.58779907226602, 34.63759994506842]]], [[[135.21225348294604, 34.62834578653464], [135.20903080206202, 34.63040830230037], [135.208772987591, 34.63504896277351], [135.21624960724196, 34.64136541730644], [135.22604655713002, 34.642525582424724], [135.23700367213598, 34.64329902583689], [135.23885107717498, 34.63945186001293], [135.239195095137, 34.637111478539424], [135.24112870366798, 34.63724038577471], [135.24112870366798, 34.633630983184474], [135.22823798013104, 34.63247081806628], [135.21715195789002, 34.63092393124187], [135.21225348294604, 34.62834578653464]]], [[[134.496795654297, 34.62953186035158], [134.496795654297, 34.633331298828125], [134.49929809570298, 34.636665344238274], [134.499603271484, 34.6309356689453], [134.496795654297, 34.62953186035158]]], [[[134.78709411621097, 34.42720031738277], [134.78849792480503, 34.428066253662074], [134.79739379882798, 34.448734283447294], [134.79870605468804, 34.44866561889654], [134.80059814453097, 34.44853210449221], [134.80799865722696, 34.45780181884769], [134.81300354003898, 34.46093368530267], [134.81800842285196, 34.469131469726584], [134.82209777831997, 34.467601776122976], [134.82679748535196, 34.46773147583013], [134.82659912109398, 34.466468811035185], [134.82699584960898, 34.4658012390137], [134.828094482422, 34.46780014038088], [134.82929992675798, 34.466667175293004], [134.83551025390597, 34.466865539550824], [134.84449768066398, 34.47546768188482], [134.86250305175798, 34.5032005310059], [134.86930847167997, 34.51346588134766], [134.871795654297, 34.51453399658197], [134.874496459961, 34.517398834228544], [134.879806518555, 34.52393341064452], [134.886001586914, 34.5287322998047], [134.89509582519503, 34.52999877929692], [134.895294189453, 34.528934478759794], [134.909606933594, 34.5349998474121], [134.91099548339804, 34.534934997558615], [134.91940307617202, 34.545131683349624], [134.92640686035202, 34.54759979248047], [134.92860412597702, 34.54753494262698], [134.93280029296903, 34.548599243164105], [134.93780517578102, 34.5535354614258], [134.94369506835895, 34.55886840820314], [134.95600891113304, 34.571933746337905], [134.96569824218804, 34.58653259277337], [134.97680664062497, 34.59820175170904], [134.98260498046903, 34.60273361206047], [134.99659729003898, 34.60800170898441], [134.996795654297, 34.607933044433565], [135, 34.6085433959961], [135.00239562988298, 34.609001159667955], [135.01040649414097, 34.59926605224607], [135.01789855957, 34.589866638183615], [135.020492553711, 34.59073257446292], [135.02209472656298, 34.587932586669915], [135.02229309082, 34.58653259277337], [135.023498535156, 34.58073425292973], [135.02540588378898, 34.576267242431605], [135.015594482422, 34.562400817871115], [135.00849914550798, 34.55653381347663], [135.00140380859398, 34.55039978027338], [135, 34.55125427246088], [134.99909973144497, 34.55179977416993], [134.99819946289097, 34.551132202148445], [134.99949645996097, 34.54913330078126], [135, 34.54943466186517], [135.00050354003898, 34.54973220825199], [135, 34.549144744872976], [134.996795654297, 34.545398712158196], [134.99450683593804, 34.54546737670904], [134.99310302734398, 34.525535583496065], [134.98860168456997, 34.51699829101564], [134.98420715331997, 34.511001586914084], [134.97909545898398, 34.5032005310059], [134.97470092773398, 34.499198913574176], [134.96339416503898, 34.49253463745123], [134.95410156250003, 34.483867645263736], [134.94309997558602, 34.466667175293004], [134.932006835938, 34.45800018310551], [134.920608520508, 34.44846725463872], [134.90850830078102, 34.43646621704099], [134.90780639648403, 34.43326568603517], [134.90660095214804, 34.4333992004395], [134.90380859375, 34.43113327026374], [134.90429687500003, 34.429534912109375], [134.90820312500003, 34.43133163452147], [134.91099548339804, 34.430000305175774], [134.902603149414, 34.420932769775376], [134.899505615234, 34.422466278076165], [134.897308349609, 34.420532226562464], [134.895294189453, 34.41986465454098], [134.89469909668, 34.41813278198237], [134.897705078125, 34.410335540771456], [134.894302368164, 34.398933410644545], [134.89669799804702, 34.37606811523441], [134.89630126953102, 34.366668701171946], [134.895401000977, 34.36233139038089], [134.89360046386702, 34.35419845581046], [134.89639282226602, 34.34766769409176], [134.895202636719, 34.34426498413094], [134.89680480957003, 34.34500122070309], [134.89799499511702, 34.343933105468786], [134.899200439453, 34.34713363647461], [134.90049743652304, 34.34693145751952], [134.899597167969, 34.34546661376949], [134.90339660644503, 34.34093475341797], [134.90879821777304, 34.341201782226634], [134.91020202636702, 34.34113311767579], [134.91419982910202, 34.33653259277342], [134.91329956054702, 34.33119964599609], [134.91409301757804, 34.3311347961426], [134.91500854492202, 34.33146667480466], [134.91769409179702, 34.318065643310476], [134.921997070313, 34.310268402099645], [134.93240356445304, 34.3036689758301], [134.94169616699196, 34.29859924316407], [134.94400024414102, 34.29513168334958], [134.94480895996102, 34.29339981079097], [134.94830322265597, 34.284198760986335], [134.94770812988304, 34.279998779296875], [134.94880676269503, 34.274333953857386], [134.95260620117193, 34.27373504638666], [134.95449829101602, 34.2769317626953], [134.95469665527295, 34.27579879760742], [134.95190429687503, 34.26706695556644], [134.92649841308602, 34.25893402099611], [134.902297973633, 34.25320053100586], [134.901000976563, 34.252731323242195], [134.89019775390602, 34.247264862060526], [134.871795654297, 34.23993301391601], [134.870498657227, 34.239799499511676], [134.841400146484, 34.2282676696777], [134.828094482422, 34.22033309936518], [134.81530761718804, 34.20899963378911], [134.80670166015597, 34.20466613769532], [134.79570007324196, 34.19933319091798], [134.78880310058597, 34.19960021972656], [134.77340698242202, 34.200065612792955], [134.74679565429702, 34.19266891479486], [134.740005493164, 34.19033432006843], [134.72930908203102, 34.18886566162113], [134.730895996094, 34.195335388183615], [134.730407714844, 34.20660018920902], [134.71740722656298, 34.21533203124999], [134.701400756836, 34.216999053955114], [134.69970703125, 34.22086715698242], [134.703598022461, 34.22999954223631], [134.710098266602, 34.23933410644528], [134.714294433594, 34.2403984069824], [134.714996337891, 34.242401123046946], [134.71630859375, 34.243000030517585], [134.72100830078102, 34.241531372070284], [134.720306396484, 34.24586868286134], [134.719909667969, 34.25320053100586], [134.72140502929702, 34.254867553710895], [134.71879577636702, 34.256534576416016], [134.715698242188, 34.25586700439453], [134.709396362305, 34.25320053100586], [134.706604003906, 34.25013351440428], [134.70300292968798, 34.24773406982419], [134.707107543945, 34.2459983825684], [134.701400756836, 34.24160003662113], [134.700103759766, 34.242931365966825], [134.695205688477, 34.247333526611285], [134.687194824219, 34.24739837646477], [134.681198120117, 34.24833297729492], [134.67480468749997, 34.2453346252441], [134.67179870605497, 34.246734619140554], [134.66450500488298, 34.244068145751974], [134.66270446777298, 34.24306869506843], [134.65769958496097, 34.241333007812464], [134.66120910644497, 34.24440002441413], [134.66979980468798, 34.24893188476556], [134.673400878906, 34.25320053100586], [134.674697875977, 34.254665374755895], [134.674606323242, 34.25713348388674], [134.672698974609, 34.25920104980468], [134.67140197753898, 34.2669982910156], [134.66839599609398, 34.26906585693363], [134.66799926757798, 34.2712669372559], [134.660202026367, 34.27106857299799], [134.65930175781295, 34.274799346923785], [134.66250610351597, 34.28760147094733], [134.65910339355497, 34.2922668457031], [134.65669250488298, 34.293533325195305], [134.65539550781298, 34.29246902465818], [134.65429687499997, 34.29433441162112], [134.65950012207, 34.29513168334958], [134.672897338867, 34.31679916381844], [134.677307128906, 34.31800079345699], [134.684097290039, 34.32353210449223], [134.686294555664, 34.330467224121115], [134.69270324707, 34.324466705322294], [134.700103759766, 34.32453155517578], [134.706497192383, 34.32086563110347], [134.717697143555, 34.324466705322294], [134.716903686523, 34.32793426513669], [134.721801757813, 34.33013153076169], [134.72320556640602, 34.32786560058593], [134.726501464844, 34.33100128173827], [134.726501464844, 34.32960128784181], [134.727005004883, 34.32960128784181], [134.729202270508, 34.32960128784181], [134.72880554199202, 34.332267761230476], [134.73179626464804, 34.33653259277342], [134.74020385742202, 34.352401733398366], [134.74679565429702, 34.367134094238345], [134.74940490722702, 34.37326431274414], [134.74819946289102, 34.375068664550774], [134.75059509277304, 34.375], [134.75169372558602, 34.37799835205084], [134.75570678710903, 34.385532379150355], [134.757202148438, 34.38473129272463], [134.76249694824196, 34.38600158691411], [134.77580261230503, 34.41346740722661], [134.77729797363304, 34.41300201416021], [134.77909851074196, 34.41320037841803], [134.78439331054696, 34.41986465454098], [134.78709411621097, 34.42720031738277]]], [[[134.47579956054696, 34.59313583374019], [134.47700500488295, 34.59673309326174], [134.478805541992, 34.59953308105474], [134.48109436035196, 34.599399566650405], [134.48489379882798, 34.59893417358401], [134.48109436035196, 34.59426879882807], [134.48089599609398, 34.59446716308589], [134.47970581054696, 34.59406661987298], [134.47579956054696, 34.59313583374019]]], [[[134.95660400390597, 34.276466369628906], [134.95600891113304, 34.27659988403324], [134.95689392089798, 34.28020095825197], [134.95410156250003, 34.285266876220724], [134.95069885253903, 34.29119873046879], [134.94689941406304, 34.29299926757807], [134.94500732421903, 34.29753494262703], [134.94689941406304, 34.29800033569343], [134.95050048828097, 34.29413223266604], [134.95800781250003, 34.279998779296875], [134.95660400390597, 34.276466369628906]]], [[[134.81159973144497, 34.15646743774411], [134.81150817871097, 34.16293334960942], [134.81300354003898, 34.167400360107365], [134.81600952148398, 34.16726684570312], [134.81710815429696, 34.16706466674803], [134.81930541992196, 34.16986465454103], [134.81930541992196, 34.170333862304695], [134.82090759277298, 34.170135498046875], [134.81930541992196, 34.17373275756842], [134.81959533691398, 34.179065704345675], [134.82409667968795, 34.178001403808636], [134.82540893554696, 34.175132751464794], [134.82830810546898, 34.17353439331052], [134.83039855957, 34.16986465454103], [134.83030700683597, 34.16573333740233], [134.82510375976597, 34.16040039062499], [134.82330322265597, 34.15753555297851], [134.81649780273398, 34.1571350097656], [134.81159973144497, 34.15646743774411]]]]}}, {"type": "Feature", "properties": {"name": "奈良県"}, "geometry": {"type": "Polygon", "coordinates": [[[135.71159362792997, 34.78126525878908], [135.71670532226597, 34.77786636352544], [135.720993041992, 34.774398803710866], [135.72839355468798, 34.77786636352544], [135.731094360352, 34.76480102539058], [135.7333984375, 34.75466537475588], [135.736297607422, 34.75479888916021], [135.73620605468798, 34.75320053100594], [135.736297607422, 34.751667022705064], [135.736297607422, 34.749668121337876], [135.74679565429702, 34.7463989257813], [135.748794555664, 34.74153137207027], [135.756698608398, 34.73506546020514], [135.754501342773, 34.727931976318445], [135.75509643554702, 34.727466583252045], [135.75779724121102, 34.72800064086911], [135.764999389648, 34.72546768188477], [135.773803710938, 34.72506713867187], [135.774597167969, 34.724132537841804], [135.77789306640602, 34.72340011596683], [135.78390502929702, 34.724201202392564], [135.79280090332003, 34.724132537841804], [135.79660034179702, 34.72079849243156], [135.79949951171903, 34.722400665283196], [135.80340576171903, 34.721668243408224], [135.80619812011696, 34.71793365478516], [135.81179809570304, 34.71633148193362], [135.81069946289102, 34.71486663818359], [135.81059265136696, 34.714733123779254], [135.81620788574196, 34.71406555175777], [135.82080078125003, 34.71186828613277], [135.82659912109403, 34.71346664428713], [135.82929992675804, 34.712734222412074], [135.83230590820304, 34.71300125122074], [135.83909606933597, 34.71146774291986], [135.84390258789097, 34.7089996337891], [135.84880065917997, 34.70740127563482], [135.84860229492196, 34.70593261718752], [135.86180114746097, 34.706867218017585], [135.86389160156298, 34.706798553466825], [135.86380004882798, 34.70759963989264], [135.87020874023398, 34.711132049560526], [135.871795654297, 34.711399078369105], [135.87649536132798, 34.71360015869138], [135.87840270996097, 34.71239852905274], [135.881805419922, 34.71360015869138], [135.88600158691398, 34.712665557861314], [135.889999389648, 34.70866775512704], [135.895599365234, 34.72499847412111], [135.898193359375, 34.731468200683594], [135.901397705078, 34.73166656494141], [135.904403686523, 34.736534118652266], [135.913101196289, 34.747467041015604], [135.915603637695, 34.75320053100594], [135.919296264648, 34.75320053100594], [135.9208984375, 34.75320053100594], [135.92170715332, 34.75473403930664], [135.925399780273, 34.75753402709964], [135.928497314453, 34.75640106201167], [135.927993774414, 34.75339889526367], [135.928207397461, 34.75320053100594], [135.92340087890602, 34.743865966796875], [135.925399780273, 34.74026870727542], [135.932998657227, 34.737934112548814], [135.936904907227, 34.739933013915994], [135.942794799805, 34.7379989624023], [135.944702148438, 34.74173355102536], [135.955001831055, 34.74766540527342], [135.95880126953102, 34.740200042724574], [135.96319580078102, 34.74093246459963], [135.96630859375003, 34.74240112304693], [135.96949768066403, 34.74046707153324], [135.97270202636693, 34.74153137207027], [135.97540283203102, 34.74093246459963], [135.97930908203102, 34.73673248291018], [135.98069763183602, 34.73573303222663], [135.98320007324196, 34.733135223388715], [135.98489379882804, 34.727668762207045], [135.98590087890597, 34.715133666992166], [135.99150085449196, 34.714401245117195], [135.99259948730503, 34.712268829345675], [135.99679565429696, 34.71326828002931], [136.00019836425804, 34.71353149414062], [136.00550842285202, 34.71693420410162], [136.01109313964798, 34.71493530273443], [136.01319885253898, 34.71039962768547], [136.01399230956997, 34.70773315429689], [136.01939392089798, 34.708400726318374], [136.02850341796895, 34.7061996459961], [136.02899169921898, 34.71366882324222], [136.03340148925795, 34.71599960327147], [136.03579711914097, 34.71833419799798], [136.03950500488295, 34.72159957885738], [136.042694091797, 34.73606872558587], [136.05259704589798, 34.738399505615206], [136.05520629882798, 34.738399505615206], [136.062301635742, 34.728733062744084], [136.06379699707, 34.72613143920899], [136.067794799805, 34.72273254394526], [136.06730651855497, 34.71879959106447], [136.068099975586, 34.71739959716801], [136.06999206543, 34.71366882324222], [136.063201904297, 34.708465576171946], [136.053298950195, 34.70513534545898], [136.05459594726597, 34.702934265136705], [136.05780029296898, 34.70199966430664], [136.05999755859398, 34.69966888427731], [136.07170104980497, 34.69800186157227], [136.074691772461, 34.69760131835937], [136.080703735352, 34.6826019287109], [136.08230590820298, 34.68000030517581], [136.083099365234, 34.6787338256836], [136.08549499511702, 34.67626571655266], [136.081802368164, 34.66986846923829], [136.082107543945, 34.666000366210895], [136.077499389648, 34.662132263183594], [136.076705932617, 34.65900039672853], [136.069396972656, 34.65639877319344], [136.06350708007798, 34.652133941650405], [136.04330444335898, 34.66113281250004], [136.04029846191398, 34.663333892822315], [136.04019165039097, 34.659999847412074], [136.051895141602, 34.652133941650405], [136.058395385742, 34.652465820312464], [136.063293457031, 34.650665283203104], [136.06460571289097, 34.65133285522459], [136.07009887695298, 34.6407318115234], [136.072494506836, 34.63660049438479], [136.072006225586, 34.632865905761726], [136.070404052734, 34.62906646728518], [136.06910705566398, 34.62526702880863], [136.067398071289, 34.62173461914057], [136.062103271484, 34.619598388671875], [136.060607910156, 34.6160659790039], [136.05169677734398, 34.607532501220746], [136.04629516601597, 34.60020065307622], [136.050094604492, 34.59406661987298], [136.051498413086, 34.591865539550795], [136.04969787597696, 34.58706665039061], [136.04769897460898, 34.5871315002441], [136.04699707031298, 34.58653259277337], [136.04780578613298, 34.58333206176764], [136.04949951171898, 34.580066680908246], [136.05119323730497, 34.58053207397464], [136.05290222167997, 34.57826614379879], [136.05789184570298, 34.57699966430658], [136.06030273437497, 34.57279968261721], [136.061004638672, 34.569000244140575], [136.066192626953, 34.56726837158197], [136.073501586914, 34.566665649414055], [136.0791015625, 34.56320190429693], [136.08270263671898, 34.56040191650393], [136.08410644531298, 34.55926895141596], [136.089096069336, 34.558601379394474], [136.092803955078, 34.556865692138686], [136.096298217773, 34.55739974975593], [136.100204467773, 34.556400299072294], [136.101303100586, 34.556598663330114], [136.102203369141, 34.556201934814474], [136.105895996094, 34.557132720947266], [136.106796264648, 34.556400299072294], [136.11059570312503, 34.555934906005895], [136.114196777344, 34.54593276977544], [136.118591308594, 34.54713439941408], [136.12179565429702, 34.5481986999512], [136.12359619140602, 34.549064636230504], [136.13589477539102, 34.55813598632808], [136.138305664063, 34.560733795165994], [136.13989257812503, 34.55913162231454], [136.14799499511696, 34.55566787719732], [136.15109252929696, 34.55553436279299], [136.15179443359403, 34.55913162231454], [136.15559387206997, 34.55873489379881], [136.15600585937503, 34.55540084838874], [136.15769958496102, 34.55393218994144], [136.16020202636696, 34.54953384399408], [136.16149902343804, 34.548267364502045], [136.16009521484403, 34.5462646484375], [136.16819763183597, 34.53946685791022], [136.17149353027298, 34.5341339111328], [136.16830444335903, 34.5263977050781], [136.16709899902304, 34.52000045776373], [136.17810058593804, 34.51726531982421], [136.18209838867196, 34.51706695556639], [136.18989562988304, 34.523799896240185], [136.19729614257798, 34.524532318115156], [136.21159362792997, 34.52880096435546], [136.216293334961, 34.52806472778322], [136.21600341796898, 34.52280044555664], [136.21919250488298, 34.51279830932618], [136.21670532226597, 34.508399963378906], [136.21470642089798, 34.5032005310059], [136.21640014648398, 34.49873352050778], [136.22019958496097, 34.496398925781264], [136.22900390624997, 34.494064331054744], [136.22740173339798, 34.488666534423835], [136.21800231933597, 34.48400115966798], [136.21510314941398, 34.478065490722734], [136.21260070800798, 34.470932006835945], [136.20930480956997, 34.4658012390137], [136.20770263671898, 34.458065032959], [136.20590209960898, 34.44853210449221], [136.18800354003895, 34.45033264160157], [136.17759704589798, 34.4453315734863], [136.16569519043003, 34.44800186157232], [136.15769958496102, 34.44820022583014], [136.15179443359403, 34.44300079345696], [136.14889526367193, 34.44153213500984], [136.14559936523403, 34.441600799560504], [136.143005371094, 34.441467285156264], [136.13330078125003, 34.44440078735351], [136.131301879883, 34.44433212280266], [136.12789916992202, 34.444934844970746], [136.12440490722702, 34.44319915771478], [136.12179565429702, 34.44319915771478], [136.11650085449202, 34.44133377075202], [136.110794067383, 34.43560028076168], [136.107299804688, 34.435733795166016], [136.10400390625, 34.43566513061517], [136.101196289063, 34.43546676635744], [136.098007202148, 34.43553161621093], [136.095794677734, 34.43519973754878], [136.08850097656298, 34.428199768066406], [136.090194702148, 34.4206657409668], [136.089996337891, 34.41986465454098], [136.088302612305, 34.41406631469734], [136.082504272461, 34.40959930419922], [136.08020019531298, 34.40966796874997], [136.0751953125, 34.403133392334], [136.072891235352, 34.396800994873026], [136.068695068359, 34.393531799316364], [136.070297241211, 34.38806533813478], [136.078598022461, 34.38546752929687], [136.08610534668, 34.37826538085941], [136.087997436523, 34.37486648559568], [136.091293334961, 34.36786651611332], [136.09039306640602, 34.36246490478522], [136.095199584961, 34.35953140258789], [136.097503662109, 34.35093307495124], [136.09770202636702, 34.345531463622976], [136.101699829102, 34.34099960327154], [136.101699829102, 34.33653259277342], [136.111099243164, 34.328334808349595], [136.11790466308602, 34.32613372802732], [136.12130737304702, 34.32600021362299], [136.12179565429702, 34.32546615600593], [136.12919616699202, 34.315933227539134], [136.12179565429702, 34.3101997375488], [136.11889648437503, 34.31039810180662], [136.111602783203, 34.30573272705077], [136.10530090332003, 34.305000305175795], [136.09959411621102, 34.305267333984375], [136.09469604492202, 34.30099868774407], [136.098495483398, 34.28853225708012], [136.11009216308602, 34.28073501586912], [136.113204956055, 34.277732849121115], [136.119003295898, 34.269866943359446], [136.12089538574202, 34.26639938354487], [136.118103027344, 34.263134002685476], [136.11830139160202, 34.260265350341804], [136.12179565429702, 34.2593994140625], [136.12770080566403, 34.25546646118162], [136.12989807128903, 34.25320053100586], [136.13110351562503, 34.25166702270507], [136.130004882813, 34.24800109863277], [136.12890625000003, 34.242733001709006], [136.12179565429702, 34.23866653442379], [136.116104125977, 34.231067657470696], [136.112899780273, 34.228931427002], [136.11019897460903, 34.22919845581049], [136.11019897460903, 34.22386550903324], [136.116897583008, 34.222999572753935], [136.11750793457003, 34.21626663208014], [136.11650085449202, 34.212333679199176], [136.11399841308602, 34.21060180664057], [136.11210632324202, 34.210399627685476], [136.107803344727, 34.21053314208981], [136.104904174805, 34.206066131591776], [136.09689331054702, 34.20186614990232], [136.095397949219, 34.197601318359375], [136.09309387207003, 34.19559860229492], [136.09260559082, 34.18999862670901], [136.100296020508, 34.18626785278322], [136.108596801758, 34.184333801269524], [136.10600280761702, 34.17520141601564], [136.104507446289, 34.17286682128912], [136.107803344727, 34.16986465454103], [136.11180114746102, 34.167400360107365], [136.111694335938, 34.1640663146973], [136.114105224609, 34.159332275390604], [136.1083984375, 34.15380096435553], [136.10710144043, 34.15386581420902], [136.105499267578, 34.150264739990206], [136.105392456055, 34.143665313720746], [136.101699829102, 34.14059829711908], [136.10380554199202, 34.13693237304686], [136.108108520508, 34.1266670227051], [136.102493286133, 34.122398376464794], [136.09899902343798, 34.11873245239258], [136.103302001953, 34.11520004272461], [136.104202270508, 34.114067077636726], [136.104202270508, 34.10873413085939], [136.10530090332003, 34.10459899902342], [136.107406616211, 34.10273361206048], [136.103302001953, 34.09780120849614], [136.10299682617202, 34.09546661376954], [136.112503051758, 34.08653259277338], [136.118194580078, 34.08219909667968], [136.11479187011702, 34.08213424682619], [136.101303100586, 34.08506774902344], [136.097900390625, 34.08653259277338], [136.097091674805, 34.08653259277338], [136.092697143555, 34.08259963989259], [136.096405029297, 34.07633209228519], [136.09370422363298, 34.071865081787074], [136.09379577636702, 34.06420135498049], [136.09599304199202, 34.05613327026373], [136.092391967773, 34.04780197143548], [136.098098754883, 34.04353332519527], [136.102005004883, 34.033401489257834], [136.103302001953, 34.02553176879881], [136.100997924805, 34.02553176879881], [136.09899902343798, 34.023666381835866], [136.09680175781298, 34.02253341674798], [136.090194702148, 34.02533340454099], [136.086807250977, 34.028331756591804], [136.082504272461, 34.027801513671925], [136.08149719238298, 34.02966690063477], [136.07929992675798, 34.028865814208956], [136.078399658203, 34.03079986572274], [136.07319641113298, 34.03333282470699], [136.067199707031, 34.03386688232423], [136.06340026855497, 34.0328674316406], [136.05509948730497, 34.03493499755862], [136.05430603027298, 34.035331726074176], [136.052795410156, 34.03200149536129], [136.043792724609, 34.03526687622069], [136.04359436035196, 34.04046630859378], [136.04069519042997, 34.03860092163093], [136.03900146484398, 34.03633499145508], [136.03770446777298, 34.04033279418954], [136.03179931640597, 34.03253555297853], [136.02940368652298, 34.032264709472685], [136.02389526367196, 34.03553390502926], [136.01860046386696, 34.03586578369141], [136.01469421386696, 34.02486801147459], [136.00889587402298, 34.02086639404304], [136.00430297851602, 34.01393127441407], [136.00320434570304, 34.00966644287113], [136.00250244140597, 34.00733566284179], [135.99679565429696, 34.005264282226584], [135.99020385742193, 34.00320053100591], [135.98629760742196, 33.99660110473627], [135.98480224609403, 33.992202758789084], [135.97929382324196, 33.99053573608396], [135.97549438476602, 33.98666763305657], [135.96330261230503, 33.985134124755874], [135.95689392089804, 33.981067657470746], [135.94749450683602, 33.980598449706996], [135.94120788574202, 33.97520065307617], [135.94000244140602, 33.979866027832024], [135.935501098633, 33.98026657104493], [135.92680358886702, 33.981067657470746], [135.915298461914, 33.972465515136655], [135.914993286133, 33.97013473510741], [135.914108276367, 33.96559906005862], [135.90710449218798, 33.96353530883786], [135.906494140625, 33.96006774902337], [135.902801513672, 33.95493316650386], [135.897705078125, 33.95373535156249], [135.895797729492, 33.95206832885737], [135.893402099609, 33.948066711425824], [135.891998291016, 33.94173431396476], [135.896392822266, 33.934867858886726], [135.89790344238298, 33.92686843872072], [135.90100097656298, 33.92433166503911], [135.903900146484, 33.9252014160156], [135.90840148925798, 33.923133850097656], [135.908996582031, 33.91986846923826], [135.908599853516, 33.91839981079096], [135.904205322266, 33.91986846923826], [135.896301269531, 33.921333312988295], [135.893295288086, 33.91986846923826], [135.89739990234398, 33.912132263183565], [135.894195556641, 33.9059982299805], [135.881408691406, 33.908000946044865], [135.88040161132798, 33.909133911132834], [135.88079833984398, 33.91406631469726], [135.88040161132798, 33.9169998168945], [135.876998901367, 33.917133331298835], [135.871795654297, 33.919067382812536], [135.86860656738295, 33.91986846923826], [135.86610412597696, 33.921134948730476], [135.86509704589798, 33.91986846923826], [135.86810302734398, 33.915065765380895], [135.863098144531, 33.90686798095698], [135.85980224609398, 33.9031982421875], [135.85910034179696, 33.89813232421883], [135.86070251464798, 33.88700103759767], [135.86390686035196, 33.88873291015628], [135.87069702148398, 33.8884658813477], [135.871795654297, 33.88660049438476], [135.87440490722696, 33.88380050659176], [135.87649536132798, 33.884067535400426], [135.882293701172, 33.878734588623], [135.87660217285196, 33.87346649169924], [135.87330627441398, 33.870334625244084], [135.87440490722696, 33.8614654541016], [135.87269592285196, 33.859802246093835], [135.871795654297, 33.858798980712926], [135.86480712890597, 33.860801696777294], [135.860397338867, 33.86553573608399], [135.86109924316398, 33.876132965087905], [135.85760498046895, 33.87286758422851], [135.85350036621097, 33.87626647949224], [135.85299682617196, 33.88253402709964], [135.85400390624997, 33.8886680603027], [135.85180664062497, 33.892398834228494], [135.84790039062497, 33.8955993652344], [135.84249877929696, 33.89693450927728], [135.83709716796903, 33.895332336425824], [135.82730102539102, 33.899467468261705], [135.81689453124994, 33.90499877929686], [135.80819702148403, 33.90646743774408], [135.80439758300804, 33.9038009643555], [135.80130004882804, 33.895732879638736], [135.78770446777304, 33.8927993774414], [135.77890014648403, 33.8884658813477], [135.77409362793003, 33.88933563232418], [135.76739501953102, 33.89080047607422], [135.76249694824202, 33.88733291625982], [135.755706787109, 33.88506698608397], [135.75169372558602, 33.88919830322267], [135.748504638672, 33.88813400268546], [135.74679565429702, 33.88833236694337], [135.74450683593798, 33.89033508300782], [135.74250793457, 33.889934539794915], [135.738494873047, 33.89373397827146], [135.73649597168, 33.89453125], [135.733703613281, 33.895668029785156], [135.727996826172, 33.901134490966825], [135.722396850586, 33.90253448486328], [135.71650695800798, 33.90259933471677], [135.710296630859, 33.903598785400405], [135.68659973144497, 33.903865814208984], [135.683395385742, 33.90106582641598], [135.67900085449196, 33.89813232421883], [135.66949462890597, 33.899932861328104], [135.66119384765597, 33.897800445556584], [135.66169738769497, 33.890132904052734], [135.65879821777298, 33.88619995117194], [135.65550231933597, 33.88219833374021], [135.65269470214798, 33.880733489990185], [135.64750671386696, 33.87680053710939], [135.64230346679693, 33.876335144043], [135.63900756835903, 33.877334594726634], [135.629104614258, 33.87353515624999], [135.62179565429702, 33.87286758422851], [135.61830139160202, 33.87186813354487], [135.617706298828, 33.87313461303709], [135.62179565429702, 33.87793350219727], [135.62309265136696, 33.87986755371088], [135.625, 33.88293457031254], [135.62559509277304, 33.88740158081049], [135.62179565429702, 33.89806747436516], [135.62040710449202, 33.89866638183589], [135.60690307617202, 33.8990669250488], [135.600708007813, 33.90253448486328], [135.601104736328, 33.90313339233401], [135.599609375, 33.90806579589844], [135.60929870605503, 33.91253280639647], [135.61129760742202, 33.91986846923826], [135.61349487304702, 33.926734924316385], [135.609802246094, 33.931133270263665], [135.61100769043, 33.93680191040042], [135.61529541015602, 33.93680191040042], [135.618103027344, 33.94133377075203], [135.615600585938, 33.94720077514652], [135.61729431152304, 33.95426559448237], [135.61970520019503, 33.95299911499016], [135.62179565429702, 33.95299911499016], [135.62350463867202, 33.95173263549804], [135.62840270996102, 33.94933319091803], [135.63619995117193, 33.950332641601584], [135.63580322265594, 33.95920181274407], [135.63969421386696, 33.96580123901371], [135.63780212402304, 33.97453308105469], [135.63810729980503, 33.98173141479487], [135.63560485839804, 33.99079895019527], [135.63070678710903, 33.9909324645996], [135.62879943847702, 33.99639892578127], [135.62400817871102, 33.99986648559567], [135.624206542969, 34.00320053100591], [135.62489318847702, 34.005466461181584], [135.62179565429702, 34.009399414062464], [135.61399841308602, 34.00946426391604], [135.60879516601602, 34.01286697387704], [135.59550476074202, 34.01153182983398], [135.591094970703, 34.01906585693359], [135.594100952148, 34.02213287353516], [135.594497680664, 34.026866912841776], [135.598907470703, 34.03153228759771], [135.594497680664, 34.040199279785206], [135.592300415039, 34.04546737670896], [135.58749389648403, 34.04666519165042], [135.580001831055, 34.056934356689545], [135.57719421386702, 34.05813217163091], [135.56669616699202, 34.05733489990227], [135.56329345703102, 34.06299972534176], [135.553497314453, 34.06473159790037], [135.55090332031298, 34.0683326721191], [135.547698974609, 34.068065643310526], [135.539596557617, 34.075000762939496], [135.54260253906298, 34.08113479614256], [135.547698974609, 34.083332061767564], [135.548797607422, 34.08653259277338], [135.548599243164, 34.09466552734381], [135.5458984375, 34.09780120849614], [135.54670715332, 34.09993362426757], [135.550201416016, 34.10100173950196], [135.557098388672, 34.10306549072272], [135.556900024414, 34.107734680175845], [135.566497802734, 34.11280059814452], [135.576599121094, 34.11500167846679], [135.582397460938, 34.12946701049801], [135.585098266602, 34.13913345336913], [135.587799072266, 34.1456680297852], [135.59049987793, 34.14899826049799], [135.59210205078102, 34.1489334106445], [135.604202270508, 34.15426635742193], [135.61509704589804, 34.15593338012696], [135.62179565429702, 34.159599304199176], [135.62179565429702, 34.16313171386724], [135.62030029296903, 34.16706466674803], [135.62179565429702, 34.16873168945306], [135.623001098633, 34.16986465454103], [135.627807617188, 34.17606735229494], [135.63560485839804, 34.17900085449219], [135.63940429687503, 34.18213272094734], [135.64450073242196, 34.18840026855474], [135.64340209960903, 34.1906661987305], [135.63470458984403, 34.19753265380862], [135.63429260253903, 34.20373153686517], [135.63980102539102, 34.208667755127045], [135.640502929688, 34.21273422241208], [135.64750671386696, 34.218666076660234], [135.65370178222693, 34.21653366088872], [135.66000366210898, 34.21826553344733], [135.66130065918003, 34.21820068359384], [135.66780090331997, 34.22413253784182], [135.67309570312497, 34.223266601562514], [135.67550659179696, 34.223266601562514], [135.68159484863298, 34.22146606445306], [135.68589782714798, 34.21879959106448], [135.689498901367, 34.217201232910206], [135.69290161132798, 34.21726608276369], [135.697494506836, 34.21173477172854], [135.69990539550798, 34.21220016479493], [135.70730590820298, 34.208198547363295], [135.70930480957, 34.20873260498053], [135.71159362792997, 34.211601257324205], [135.714492797852, 34.21433258056636], [135.725692749023, 34.22046661376951], [135.729705810547, 34.2282676696777], [135.72900390625, 34.23379898071294], [135.72480773925798, 34.237331390380916], [135.719802856445, 34.25320053100586], [135.71890258789097, 34.26013565063483], [135.714996337891, 34.26546859741208], [135.70870971679696, 34.2684669494629], [135.708297729492, 34.2712669372559], [135.704803466797, 34.27146530151372], [135.700500488281, 34.275268554687536], [135.69250488281304, 34.277801513671875], [135.68870544433597, 34.271400451660234], [135.68240356445298, 34.270000457763686], [135.68049621581997, 34.271400451660234], [135.67900085449196, 34.2725982666016], [135.67790222167997, 34.274333953857386], [135.67300415039097, 34.28066635131836], [135.67460632324196, 34.28813552856448], [135.67109680175804, 34.295467376709006], [135.67030334472696, 34.29633331298831], [135.66790771484403, 34.300868988037095], [135.66740417480503, 34.30446624755864], [135.66760253906304, 34.30720138549798], [135.66619873046903, 34.31226730346683], [135.66760253906304, 34.31433486938477], [135.66760253906304, 34.325401306152266], [135.66049194335898, 34.32713317871087], [135.65939331054696, 34.330001831054716], [135.65989685058597, 34.33653259277342], [135.66110229492196, 34.342731475830064], [135.66130065918003, 34.34606552124021], [135.66209411621097, 34.35686492919922], [135.65530395507804, 34.36780166625983], [135.65069580078097, 34.38320159912111], [135.65490722656304, 34.38479995727538], [135.66169738769497, 34.39260101318357], [135.66310119628895, 34.39653396606454], [135.67539978027298, 34.399532318115185], [135.67689514160196, 34.40633392333982], [135.67990112304696, 34.408267974853516], [135.67610168456997, 34.413734436035185], [135.67089843749997, 34.41320037841803], [135.66610717773398, 34.41913223266601], [135.66619873046903, 34.41986465454098], [135.66470336914094, 34.42399978637704], [135.66960144042994, 34.426334381103466], [135.67199707031304, 34.426399230957045], [135.67979431152298, 34.43566894531253], [135.68240356445298, 34.44433212280266], [135.68640136718804, 34.450866699218814], [135.68270874023398, 34.4567337036133], [135.68190002441398, 34.464801788330064], [135.68190002441398, 34.465133666992216], [135.68170166015597, 34.477134704589766], [135.68200683593804, 34.48146820068364], [135.68420410156304, 34.485401153564524], [135.67970275878898, 34.490268707275376], [135.67799377441398, 34.49773406982423], [135.67449951171895, 34.50133514404296], [135.67300415039097, 34.5032005310059], [135.675094604492, 34.505798339843814], [135.67669677734398, 34.51353454589842], [135.67660522460898, 34.524600982666], [135.66909790039097, 34.53060150146482], [135.66709899902298, 34.530799865722734], [135.66529846191398, 34.52953338623052], [135.66169738769497, 34.53026580810549], [135.65969848632804, 34.538333892822344], [135.65980529785193, 34.54100036621092], [135.65809631347696, 34.543533325195256], [135.65330505371094, 34.54133224487298], [135.65049743652295, 34.544933319091804], [135.65290832519494, 34.546932220458984], [135.65620422363304, 34.552200317382834], [135.65449523925804, 34.55360031127929], [135.65739440917994, 34.56079864501948], [135.65769958496097, 34.56299972534184], [135.67039489746097, 34.56973266601563], [135.67269897460898, 34.570667266845696], [135.67109680175804, 34.57666778564452], [135.67260742187497, 34.57993316650391], [135.67620849609403, 34.580398559570305], [135.681198120117, 34.584201812744126], [135.68150329589798, 34.5849342346191], [135.68009948730497, 34.58653259277337], [135.67700195312497, 34.58980178833013], [135.67779541015597, 34.591865539550795], [135.67529296874997, 34.601268768310526], [135.67050170898398, 34.603534698486285], [135.65919494628898, 34.60246658325198], [135.65190124511696, 34.60413360595702], [135.65150451660202, 34.60680007934568], [135.65029907226602, 34.60873413085938], [135.65539550781304, 34.61146545410163], [135.65840148925804, 34.61466598510744], [135.65960693359403, 34.62406539916991], [135.66310119628895, 34.63326644897464], [135.66189575195295, 34.635398864746065], [135.66389465331997, 34.64326858520509], [135.66479492187497, 34.64973449707031], [135.66510009765597, 34.65293502807622], [135.67080688476594, 34.66160202026371], [135.67140197753898, 34.66753387451168], [135.67359924316398, 34.66986846923829], [135.67779541015597, 34.67926788330084], [135.67669677734398, 34.68486785888666], [135.67260742187497, 34.6921348571777], [135.67280578613304, 34.700000762939545], [135.67269897460898, 34.70166778564449], [135.68370056152298, 34.71126556396477], [135.68780517578097, 34.712467193603494], [135.69970703124997, 34.72140121459956], [135.70379638671898, 34.723934173583984], [135.69990539550798, 34.73479843139648], [135.69650268554696, 34.743667602539055], [135.698699951172, 34.74606704711906], [135.69839477539097, 34.749599456787124], [135.70190429687497, 34.75053405761718], [135.70649719238298, 34.74846649169924], [135.70950317382798, 34.75320053100594], [135.70840454101597, 34.7617340087891], [135.70899963378898, 34.77173233032229], [135.70669555664097, 34.77153396606447], [135.710998535156, 34.78126525878908], [135.71159362792997, 34.78126525878908]]]}}, {"type": "Feature", "properties": {"name": "滋賀県"}, "geometry": {"type": "Polygon", "coordinates": [[[136.14999389648403, 35.697799682617166], [136.157104492188, 35.700199127197344], [136.163208007813, 35.69620132446289], [136.16580200195304, 35.697998046874986], [136.16799926757804, 35.702800750732436], [136.17149353027298, 35.70179748535162], [136.17460632324196, 35.70353317260741], [136.18119812011696, 35.701732635497955], [136.18499755859403, 35.70373153686523], [136.19110107421903, 35.70133209228523], [136.19520568847696, 35.69580078124998], [136.19929504394497, 35.689533233642585], [136.20140075683597, 35.68846511840819], [136.20520019531304, 35.68706512451173], [136.20880126953097, 35.68673324584958], [136.21270751953097, 35.682201385497976], [136.21820068359398, 35.68453216552731], [136.227294921875, 35.68046569824219], [136.231994628906, 35.6825981140137], [136.23669433593798, 35.679866790771456], [136.24499511718798, 35.67399978637697], [136.246795654297, 35.67539978027342], [136.250503540039, 35.67599868774406], [136.258193969727, 35.6713333129883], [136.26469421386702, 35.670532226562486], [136.26580810546898, 35.66986846923827], [136.27099609375, 35.66606521606454], [136.280395507813, 35.66113281250002], [136.28059387207003, 35.658664703369084], [136.275894165039, 35.65333175659184], [136.28279113769503, 35.64333343505856], [136.278900146484, 35.63686752319343], [136.28329467773403, 35.63173294067383], [136.286895751953, 35.62606430053707], [136.288696289063, 35.62033462524409], [136.292999267578, 35.618534088134815], [136.29890441894503, 35.61800003051758], [136.30490112304702, 35.62073135375982], [136.31019592285202, 35.62326431274407], [136.31539916992202, 35.62326431274407], [136.32330322265602, 35.6162643432617], [136.31629943847702, 35.60713195800781], [136.31529235839804, 35.605598449707024], [136.320007324219, 35.601268768310504], [136.32310485839804, 35.58653259277344], [136.32279968261696, 35.583267211914134], [136.32150268554702, 35.56866455078131], [136.31730651855503, 35.56006622314449], [136.31689453125003, 35.553531646728516], [136.31779479980503, 35.54693222045896], [136.32159423828097, 35.54433441162114], [136.32539367675804, 35.54619979858399], [136.32679748535202, 35.54993438720697], [136.33189392089804, 35.550464630127024], [136.33770751953094, 35.549400329589815], [136.34019470214795, 35.54193115234378], [136.34049987793003, 35.537334442138686], [136.34570312500003, 35.53599929809572], [136.34820556640597, 35.53766632080084], [136.35629272460898, 35.5399322509766], [136.36329650878898, 35.558998107910185], [136.36790466308597, 35.55933380126952], [136.37179565429696, 35.55973434448242], [136.37490844726597, 35.554798126220724], [136.37939453124997, 35.546733856201236], [136.38169860839798, 35.537334442138686], [136.38490295410196, 35.53293228149414], [136.39680480956997, 35.53166580200202], [136.400192260742, 35.529865264892564], [136.40080261230497, 35.52633285522459], [136.399795532227, 35.5204658508301], [136.40530395507798, 35.5135345458984], [136.402801513672, 35.5120010375977], [136.399703979492, 35.513465881347734], [136.398193359375, 35.51033401489258], [136.39439392089798, 35.506732940673764], [136.39160156249997, 35.50320053100588], [136.38760375976597, 35.49560165405269], [136.387191772461, 35.487865447998], [136.39340209960898, 35.48440170288087], [136.39869689941398, 35.478199005127045], [136.40119934082, 35.47159957885741], [136.403396606445, 35.46939849853523], [136.41360473632798, 35.4668655395508], [136.419692993164, 35.466533660888736], [136.422592163086, 35.45433425903319], [136.425506591797, 35.44773101806637], [136.422103881836, 35.44066619873051], [136.41700744628898, 35.43413162231454], [136.41520690917997, 35.431732177734446], [136.418197631836, 35.427131652831996], [136.411392211914, 35.42099761962893], [136.41149902343798, 35.41986465454096], [136.41149902343798, 35.418598175048835], [136.42060852050798, 35.41139984130856], [136.42419433593798, 35.40593338012698], [136.429595947266, 35.39993286132807], [136.43640136718798, 35.396800994873004], [136.439605712891, 35.394332885742244], [136.443298339844, 35.38980102539064], [136.444091796875, 35.38946533203131], [136.43550109863298, 35.37853240966797], [136.4248046875, 35.3736686706543], [136.41780090332, 35.37333297729487], [136.41520690917997, 35.373466491699205], [136.41340637207, 35.371265411377024], [136.41230773925798, 35.36853408813478], [136.412994384766, 35.36473464965823], [136.41310119628898, 35.362266540527294], [136.41130065917997, 35.35846710205083], [136.40950012207, 35.35540008544917], [136.411392211914, 35.35213470458977], [136.416595458984, 35.354534149169865], [136.421203613281, 35.35313415527341], [136.42060852050798, 35.346599578857436], [136.41499328613298, 35.3365325927734], [136.413299560547, 35.332332611084034], [136.411102294922, 35.32780075073242], [136.41270446777298, 35.32360076904297], [136.410797119141, 35.3138008117676], [136.40669250488298, 35.3090667724609], [136.404693603516, 35.3038673400879], [136.402801513672, 35.301666259765625], [136.40229797363298, 35.30033111572274], [136.39790344238298, 35.29740142822268], [136.39469909667997, 35.293865203857436], [136.39079284667997, 35.28779983520513], [136.39149475097696, 35.28706741333007], [136.395492553711, 35.27873229980473], [136.39419555664097, 35.258998870849574], [136.39649963378898, 35.2574005126953], [136.39309692382798, 35.25320053100593], [136.38490295410196, 35.2483329772949], [136.38290405273398, 35.24846649169923], [136.38090515136696, 35.248401641845746], [136.37879943847696, 35.245067596435504], [136.37809753417997, 35.2426681518555], [136.38499450683597, 35.237068176269496], [136.38699340820298, 35.234668731689496], [136.39250183105497, 35.233398437500014], [136.392395019531, 35.23006820678713], [136.39880371093795, 35.227268218994126], [136.40029907226597, 35.225864410400405], [136.410003662109, 35.22186660766604], [136.41189575195298, 35.21839904785164], [136.414901733398, 35.21766662597658], [136.41569519043, 35.20719909667972], [136.41670227050798, 35.202732086181605], [136.412399291992, 35.19546508789057], [136.410202026367, 35.18920135498053], [136.408294677734, 35.18719863891599], [136.418594360352, 35.18339920043953], [136.42230224609398, 35.1834678649902], [136.424697875977, 35.18379974365226], [136.436599731445, 35.174465179443374], [136.44079589843798, 35.17153167724613], [136.44439697265602, 35.17113494873049], [136.445098876953, 35.16986846923828], [136.44560241699202, 35.16586685180664], [136.45219421386702, 35.16573333740231], [136.454299926758, 35.16159820556643], [136.45320129394503, 35.1581993103027], [136.453796386719, 35.15200042724606], [136.449005126953, 35.14953231811521], [136.445205688477, 35.14953231811521], [136.443603515625, 35.14306640624999], [136.44189453125, 35.13866806030272], [136.437393188477, 35.135334014892564], [136.436004638672, 35.130134582519474], [136.44779968261702, 35.123535156250014], [136.440704345703, 35.116931915283196], [136.441101074219, 35.11193466186519], [136.441299438477, 35.1088676452637], [136.44140625, 35.10066604614261], [136.439102172852, 35.09500122070312], [136.439102172852, 35.090732574462905], [136.44189453125, 35.08666610717769], [136.44189453125, 35.08653259277336], [136.43559265136702, 35.0827331542969], [136.43859863281298, 35.0762672424316], [136.441192626953, 35.065132141113345], [136.439697265625, 35.06486511230468], [136.438201904297, 35.065200805664105], [136.43359375, 35.06026840209959], [136.427795410156, 35.05640029907228], [136.424301147461, 35.05653381347661], [136.420501708984, 35.05066680908204], [136.418197631836, 35.04840087890628], [136.41670227050798, 35.04219818115228], [136.418701171875, 35.0299987792969], [136.42410278320298, 35.02899932861327], [136.42280578613298, 35.02613449096678], [136.41979980468798, 35.020599365234446], [136.41740417480497, 35.018665313720746], [136.41790771484398, 35.01806640625002], [136.417495727539, 35.009132385253864], [136.419403076172, 35.00320053100589], [136.42076110839804, 35], [136.4208984375, 34.99966812133792], [136.412994384766, 34.995334625244126], [136.41540527343798, 34.991001129150426], [136.414794921875, 34.98466491699219], [136.41430664062497, 34.97959899902342], [136.402801513672, 34.96806716918954], [136.40080261230497, 34.9642677307129], [136.39950561523398, 34.96213150024411], [136.39520263671898, 34.95173263549802], [136.38999938964798, 34.9515342712402], [136.38619995117196, 34.9524002075195], [136.37300109863304, 34.9417991638184], [136.37480163574196, 34.938335418701186], [136.37179565429696, 34.93439865112304], [136.37179565429696, 34.92993545532227], [136.37179565429696, 34.927734375], [136.37179565429696, 34.927333831787095], [136.37490844726597, 34.92433166503909], [136.37179565429696, 34.92359924316412], [136.36660766601594, 34.92039871215821], [136.36689758300804, 34.91986846923833], [136.36700439453097, 34.91406631469733], [136.36439514160196, 34.91026687622069], [136.36560058593804, 34.904933929443445], [136.36169433593804, 34.90499877929693], [136.35710144043003, 34.90053558349608], [136.34959411621097, 34.89846801757814], [136.34550476074196, 34.89519882202147], [136.33929443359403, 34.8953323364258], [136.32879638671903, 34.890598297119105], [136.32479858398403, 34.88880157470701], [136.32049560546903, 34.8897323608398], [136.31289672851602, 34.88619995117192], [136.31219482421903, 34.880264282226584], [136.30320739746102, 34.87493133544916], [136.300308227539, 34.87599945068364], [136.29100036621102, 34.87039947509773], [136.28619384765602, 34.87020111083982], [136.28349304199202, 34.870265960693395], [136.27699279785202, 34.87419891357419], [136.272201538086, 34.86913299560552], [136.26860046386702, 34.867065429687486], [136.266296386719, 34.86393356323242], [136.250305175781, 34.85779953002927], [136.246795654297, 34.858798980712905], [136.24479675293, 34.859001159668], [136.243194580078, 34.85873413085942], [136.236892700195, 34.85979843139654], [136.23449707031298, 34.86133193969733], [136.231903076172, 34.86126708984384], [136.22869873046898, 34.861400604248], [136.22630310058597, 34.861198425293], [136.225402832031, 34.86159896850591], [136.22109985351597, 34.8633346557617], [136.219696044922, 34.8633346557617], [136.21820068359398, 34.86560058593754], [136.21339416503898, 34.8655319213867], [136.20520019531304, 34.86866760253912], [136.20269775390597, 34.868267059326215], [136.19659423828097, 34.87099838256837], [136.19299316406304, 34.872600555419915], [136.19169616699196, 34.87246704101558], [136.18969726562497, 34.87446594238276], [136.18679809570295, 34.878334045410156], [136.18539428710898, 34.8782653808594], [136.18400573730503, 34.878200531005916], [136.18170166015597, 34.878067016601584], [136.17889404296903, 34.880668640136676], [136.17939758300804, 34.88366699218749], [136.17939758300804, 34.8864669799805], [136.16690063476602, 34.887733459472706], [136.16529846191403, 34.88779830932619], [136.15910339355503, 34.88579940795901], [136.15750122070304, 34.88473129272462], [136.15190124511696, 34.88333511352543], [136.147094726563, 34.8823356628418], [136.13670349121102, 34.88833236694344], [136.13259887695304, 34.88373184204098], [136.130798339844, 34.88306808471677], [136.12289428710903, 34.88866806030268], [136.12179565429702, 34.888000488281286], [136.11869812011702, 34.89220046997074], [136.11659240722702, 34.89220046997074], [136.11459350585903, 34.8953323364258], [136.11399841308602, 34.89953231811517], [136.11059570312503, 34.901866912841776], [136.10510253906298, 34.89906692504878], [136.09989929199202, 34.89246749877932], [136.095596313477, 34.88880157470701], [136.092300415039, 34.888198852539105], [136.087005615234, 34.89046859741213], [136.085693359375, 34.885734558105526], [136.08869934082, 34.881801605224645], [136.085205078125, 34.87773513793952], [136.087295532227, 34.87639999389646], [136.095092773438, 34.87340164184573], [136.10090637207, 34.87033462524406], [136.108596801758, 34.869800567627], [136.114105224609, 34.87020111083982], [136.116394042969, 34.87173461914061], [136.11920166015602, 34.8711318969727], [136.12179565429702, 34.872798919677734], [136.12570190429702, 34.86986541748049], [136.123001098633, 34.86579895019528], [136.12660217285202, 34.86180114746091], [136.12179565429702, 34.86006546020512], [136.115997314453, 34.855598449706996], [136.11239624023403, 34.85593414306642], [136.107299804688, 34.85193252563478], [136.105606079102, 34.843067169189474], [136.103103637695, 34.84046554565429], [136.10139465332003, 34.840534210205135], [136.09869384765602, 34.83900070190426], [136.093994140625, 34.839797973632805], [136.090896606445, 34.83653259277341], [136.089904785156, 34.83653259277341], [136.085693359375, 34.83746719360347], [136.085800170898, 34.83653259277341], [136.089202880859, 34.83219909667971], [136.08760070800798, 34.8289985656738], [136.092193603516, 34.8209991455078], [136.093994140625, 34.81886672973628], [136.090301513672, 34.81393432617194], [136.088104248047, 34.81133270263667], [136.081802368164, 34.808200836181605], [136.077697753906, 34.807998657226605], [136.075302124023, 34.807998657226605], [136.071395874023, 34.804332733154304], [136.06340026855497, 34.801601409912145], [136.062805175781, 34.800201416015604], [136.061492919922, 34.79980087280269], [136.056793212891, 34.80353164672849], [136.051498413086, 34.79906845092772], [136.047897338867, 34.80053329467766], [136.04609680175798, 34.800933837890575], [136.04220581054696, 34.79873275756839], [136.03689575195298, 34.79373168945312], [136.03210449218804, 34.79373168945312], [136.02630615234403, 34.790733337402294], [136.02200317382795, 34.79180145263669], [136.02180480956997, 34.79153442382811], [136.01800537109403, 34.79320144653323], [136.01589965820295, 34.79740142822269], [136.01130676269497, 34.795600891113324], [136.01040649414102, 34.80073165893548], [136.01849365234398, 34.81266784667973], [136.02520751953097, 34.81446838378909], [136.02690124511696, 34.81480026245124], [136.02810668945295, 34.81919860839843], [136.02719116210898, 34.821800231933615], [136.01730346679696, 34.82820129394534], [136.01579284667997, 34.827934265136676], [136.01249694824196, 34.825401306152344], [136.00680541992196, 34.826267242431555], [136.00469970703097, 34.82820129394534], [136.00230407714804, 34.83653259277341], [136.00500488281304, 34.84273529052732], [136.00149536132804, 34.84493255615232], [135.99679565429696, 34.843734741210866], [135.99549865722693, 34.843067169189474], [135.99020385742193, 34.84199905395508], [135.986206054688, 34.84159851074217], [135.98280334472702, 34.83993530273441], [135.97070312500003, 34.838397979736264], [135.971801757813, 34.84573364257814], [135.96839904785202, 34.846801757812536], [135.96679687500003, 34.84820175170899], [135.96319580078102, 34.85020065307617], [135.96139526367202, 34.853733062744055], [135.95860290527304, 34.85440063476563], [135.95539855957003, 34.85366821289057], [135.94569396972702, 34.85173416137696], [135.94660949707003, 34.85333251953133], [135.94140625, 34.86306762695312], [135.94169616699202, 34.868999481201186], [135.943008422852, 34.87813186645507], [135.94039916992202, 34.879932403564524], [135.940704345703, 34.885467529296946], [135.94050598144503, 34.89319992065429], [135.938705444336, 34.8931350708008], [135.93359375000003, 34.88846588134768], [135.930603027344, 34.88846588134768], [135.923294067383, 34.883800506591825], [135.92060852050798, 34.884067535400405], [135.912994384766, 34.88333511352543], [135.907897949219, 34.876533508300795], [135.906997680664, 34.8741340637207], [135.897994995117, 34.871200561523366], [135.89599609375, 34.872600555419915], [135.887298583984, 34.875534057617244], [135.884994506836, 34.87639999389646], [135.888000488281, 34.87979888916019], [135.88659667968798, 34.883064270019496], [135.88200378417997, 34.88420104980474], [135.87680053710898, 34.886531829833984], [135.87420654296898, 34.888198852539105], [135.871795654297, 34.88880157470701], [135.86639404296898, 34.892265319824226], [135.86720275878898, 34.89366531372068], [135.86250305175795, 34.90293502807617], [135.86639404296898, 34.90653228759772], [135.870895385742, 34.91053390502927], [135.86849975585898, 34.91986465454097], [135.87100219726597, 34.92513275146482], [135.871795654297, 34.9267311096191], [135.87879943847696, 34.93413162231446], [135.87620544433597, 34.942535400390554], [135.87820434570298, 34.94746780395507], [135.87510681152298, 34.95326614379881], [135.871795654297, 34.95560073852541], [135.86520385742196, 34.9571342468262], [135.86320495605497, 34.95993423461911], [135.85980224609398, 34.96319961547851], [135.85609436035196, 34.96853256225593], [135.85250854492196, 34.97073364257812], [135.85450744628898, 34.9750671386719], [135.85549926757798, 34.97826766967773], [135.85540771484403, 34.98386764526373], [135.84989929199196, 34.98453140258794], [135.84930419921903, 34.991001129150426], [135.84379577636696, 34.99026870727537], [135.82679748535196, 34.99113464355467], [135.83163452148403, 35], [135.83200073242196, 35.00066757202146], [135.833435058594, 35], [135.83500671386696, 34.99926757812501], [135.83502197265602, 35], [135.83509826660196, 35.00320053100589], [135.83259582519497, 35.009265899658196], [135.82519531249997, 35.00839996337889], [135.81990051269497, 35.01286697387702], [135.82040405273403, 35.014999389648445], [135.82470703125003, 35.012134552002045], [135.83470153808597, 35.01279830932617], [135.83340454101602, 35.02233123779296], [135.82679748535196, 35.02233123779296], [135.82749938964795, 35.02759933471681], [135.82310485839804, 35.03586578369139], [135.81680297851602, 35.039932250976605], [135.81500244140597, 35.04613494873052], [135.82040405273403, 35.04933166503907], [135.82530212402304, 35.053268432617216], [135.83050537109403, 35.052799224853466], [135.83270263671903, 35.0529327392578], [135.83549499511696, 35.05899810791019], [135.83149719238304, 35.07126617431641], [135.83740234374997, 35.07893371582026], [135.83949279785196, 35.08653259277336], [135.83529663085898, 35.09086608886724], [135.83740234374997, 35.09479904174803], [135.84150695800804, 35.10146713256842], [135.84429931640597, 35.11380004882813], [135.84620666503895, 35.1136665344238], [135.84829711914097, 35.11899948120122], [135.84970092773398, 35.124000549316406], [135.85139465331997, 35.13100051879878], [135.85070800781304, 35.13499832153323], [135.84849548339798, 35.14126586914063], [135.85200500488304, 35.146865844726634], [135.85569763183597, 35.15333557128912], [135.85580444335898, 35.159465789794915], [135.84809875488304, 35.16133499145512], [135.84390258789097, 35.16986846923828], [135.84240722656304, 35.1780662536621], [135.84080505371097, 35.1795349121094], [135.84109497070298, 35.18733215332032], [135.83990478515597, 35.19099807739263], [135.83520507812494, 35.2046661376953], [135.83180236816403, 35.209800720214815], [135.83099365234403, 35.214668273925845], [135.82910156249994, 35.22073364257807], [135.83680725097693, 35.22579956054692], [135.83729553222696, 35.234668731689496], [135.83419799804696, 35.24113464355471], [135.83610534668003, 35.24113464355471], [135.83920288085898, 35.24526596069341], [135.84359741210898, 35.25139999389648], [135.84199523925804, 35.25320053100593], [135.84469604492196, 35.25640106201166], [135.84460449218804, 35.26073455810554], [135.84910583496097, 35.26786804199224], [135.85470581054696, 35.27266693115234], [135.85580444335898, 35.27700042724612], [135.860397338867, 35.28300094604494], [135.85810852050804, 35.28913497924801], [135.85319519042997, 35.28680038452149], [135.84930419921903, 35.28046798706052], [135.84210205078097, 35.27826690673834], [135.83999633789097, 35.275867462158246], [135.83509826660196, 35.27426528930661], [135.83129882812497, 35.27613449096682], [135.82519531249997, 35.2829322814941], [135.82060241699196, 35.289531707763736], [135.82029724121097, 35.29786682128908], [135.81599426269497, 35.30013275146484], [135.81460571289102, 35.305931091308565], [135.81150817871102, 35.30793380737302], [135.81069946289102, 35.30979919433587], [135.80900573730503, 35.31613540649411], [135.80659484863304, 35.317001342773416], [135.79490661621102, 35.321201324462876], [135.792602539063, 35.322868347168], [135.79049682617202, 35.32519912719733], [135.78799438476602, 35.328933715820305], [135.78179931640602, 35.3365325927734], [135.782104492188, 35.337734222412124], [135.77960205078102, 35.34026718139646], [135.77749633789102, 35.34113311767577], [135.763702392578, 35.344532012939496], [135.768096923828, 35.353332519531314], [135.76840209960903, 35.35606765747074], [135.772308349609, 35.3624649047852], [135.77609252929702, 35.3654670715332], [135.77880859375, 35.372531890869055], [135.78630065918003, 35.377799987793], [135.79069519043003, 35.379333496093786], [135.79049682617202, 35.3866653442383], [135.79640197753903, 35.38693237304688], [135.800003051758, 35.38506698608403], [135.80709838867193, 35.38526535034176], [135.80950927734403, 35.39193344116207], [135.80799865722702, 35.39586639404303], [135.81199645996094, 35.41166687011722], [135.81509399414102, 35.413131713867166], [135.82150268554696, 35.41360092163092], [135.82740783691403, 35.414333343505895], [135.83549499511696, 35.41199874877929], [135.83930969238304, 35.4141311645508], [135.85079956054696, 35.410598754882834], [135.85279846191398, 35.41153335571289], [135.85490417480497, 35.407001495361285], [135.85440063476597, 35.40039825439447], [135.86160278320298, 35.395065307617216], [135.86790466308597, 35.39546585083013], [135.871795654297, 35.39693450927734], [135.87379455566398, 35.397132873535156], [135.88740539550798, 35.40293121337889], [135.890396118164, 35.40380096435546], [135.893203735352, 35.417331695556626], [135.89270019531298, 35.41986465454096], [135.901107788086, 35.42720031738284], [135.904098510742, 35.42966461181642], [135.913101196289, 35.431400299072294], [135.91369628906298, 35.43880081176757], [135.91259765625, 35.442733764648366], [135.911895751953, 35.445667266845696], [135.91059875488298, 35.44559860229494], [135.910095214844, 35.447799682617216], [135.914306640625, 35.45253372192382], [135.916397094727, 35.46960067749023], [135.91769409179702, 35.47386550903317], [135.919296264648, 35.47513198852538], [135.921295166016, 35.476799011230504], [135.92280578613298, 35.483867645263715], [135.924102783203, 35.48953247070312], [135.93000793457, 35.492931365966754], [135.934005737305, 35.50320053100588], [135.939804077148, 35.52040100097661], [135.94650268554702, 35.52066421508792], [135.946701049805, 35.52040100097661], [135.95170593261702, 35.50846481323237], [135.95350646972702, 35.50573348999021], [135.95750427246102, 35.50573348999021], [135.95970153808602, 35.50320053100588], [135.96339416503903, 35.50146865844727], [135.96839904785202, 35.502399444580064], [135.97489929199196, 35.495933532714844], [135.98150634765602, 35.48680114746087], [135.98420715332003, 35.489200592040966], [135.99070739746102, 35.49253463745121], [135.99520874023403, 35.49200057983396], [135.99679565429696, 35.49219894409178], [136.00590515136696, 35.49160003662114], [136.01080322265597, 35.49866867065427], [136.01170349121097, 35.50320053100588], [136.01570129394497, 35.51226806640628], [136.02009582519497, 35.512332916259766], [136.02499389648398, 35.5213317871094], [136.02799987792997, 35.524131774902315], [136.02609252929696, 35.529598236083984], [136.04019165039097, 35.53233337402341], [136.04600524902298, 35.530334472656314], [136.04910278320298, 35.53459930419917], [136.057098388672, 35.53253173828132], [136.060897827148, 35.531066894531286], [136.062805175781, 35.52826690673829], [136.069900512695, 35.52659988403317], [136.077301025391, 35.53179931640626], [136.07780456542997, 35.535266876220746], [136.083099365234, 35.54040145874017], [136.093505859375, 35.537132263183594], [136.098297119141, 35.53406524658202], [136.10510253906298, 35.528800964355526], [136.10609436035202, 35.53213119506841], [136.106704711914, 35.53933334350587], [136.10870361328102, 35.545864105224574], [136.106597900391, 35.553131103515604], [136.10609436035202, 35.55659866333009], [136.11009216308602, 35.5613327026367], [136.108596801758, 35.569133758544886], [136.1123046875, 35.57553100585943], [136.113296508789, 35.58286666870122], [136.11669921875003, 35.58160018920901], [136.117797851563, 35.5775337219238], [136.12179565429702, 35.576198577880916], [136.13400268554702, 35.57513427734379], [136.13949584960903, 35.57500076293946], [136.14520263671903, 35.570598602294915], [136.14819335937503, 35.57166671752931], [136.15240478515602, 35.572666168212855], [136.15840148925804, 35.5717315673828], [136.163208007813, 35.570667266845675], [136.16780090331997, 35.56553268432624], [136.16850280761696, 35.56546783447267], [136.16929626464795, 35.57693099975589], [136.16679382324196, 35.58346557617186], [136.17030334472702, 35.58653259277344], [136.17669677734403, 35.59613418579099], [136.16589355468804, 35.618801116943395], [136.15980529785202, 35.62639999389649], [136.15910339355503, 35.6311340332031], [136.15840148925804, 35.63539886474613], [136.15579223632804, 35.64173126220702], [136.15089416503903, 35.64966583251953], [136.15220642089804, 35.650798797607415], [136.14999389648403, 35.6551322937012], [136.14770507812503, 35.66253280639648], [136.13580322265602, 35.66600036621087], [136.13420104980503, 35.66986846923827], [136.14149475097702, 35.67906570434573], [136.14700317382804, 35.68733215332031], [136.14979553222702, 35.69419860839844], [136.14999389648403, 35.697799682617166]]]}}, {"type": "Feature", "properties": {"name": "和歌山県"}, "geometry": {"type": "MultiPolygon", "coordinates": [[[[135.52870178222696, 34.35133361816406], [135.53469848632798, 34.35253143310552], [135.54069519042997, 34.35760116577146], [135.54699707031298, 34.35653305053707], [135.550201416016, 34.35820007324219], [135.552795410156, 34.359268188476584], [135.56140136718798, 34.36679840087892], [135.567001342773, 34.371799468994105], [135.570495605469, 34.37153244018553], [135.579498291016, 34.37639999389647], [135.583999633789, 34.3761329650879], [135.594100952148, 34.375267028808594], [135.59739685058602, 34.38040161132811], [135.60130310058602, 34.379398345947294], [135.60389709472702, 34.37733459472662], [135.61399841308602, 34.377067565917955], [135.61959838867202, 34.38439941406248], [135.62179565429702, 34.38393402099608], [135.63839721679696, 34.381999969482386], [135.63960266113304, 34.38333129882808], [135.65069580078097, 34.38320159912111], [135.65530395507804, 34.36780166625983], [135.66209411621097, 34.35686492919922], [135.66130065918003, 34.34606552124021], [135.66110229492196, 34.342731475830064], [135.65989685058597, 34.33653259277342], [135.65939331054696, 34.330001831054716], [135.66049194335898, 34.32713317871087], [135.66760253906304, 34.325401306152266], [135.66760253906304, 34.31433486938477], [135.66619873046903, 34.31226730346683], [135.66760253906304, 34.30720138549798], [135.66740417480503, 34.30446624755864], [135.66790771484403, 34.300868988037095], [135.67030334472696, 34.29633331298831], [135.67109680175804, 34.295467376709006], [135.67460632324196, 34.28813552856448], [135.67300415039097, 34.28066635131836], [135.67790222167997, 34.274333953857386], [135.67900085449196, 34.2725982666016], [135.68049621581997, 34.271400451660234], [135.68240356445298, 34.270000457763686], [135.68870544433597, 34.271400451660234], [135.69250488281304, 34.277801513671875], [135.700500488281, 34.275268554687536], [135.704803466797, 34.27146530151372], [135.708297729492, 34.2712669372559], [135.70870971679696, 34.2684669494629], [135.714996337891, 34.26546859741208], [135.71890258789097, 34.26013565063483], [135.719802856445, 34.25320053100586], [135.72480773925798, 34.237331390380916], [135.72900390625, 34.23379898071294], [135.729705810547, 34.2282676696777], [135.725692749023, 34.22046661376951], [135.714492797852, 34.21433258056636], [135.71159362792997, 34.211601257324205], [135.70930480957, 34.20873260498053], [135.70730590820298, 34.208198547363295], [135.69990539550798, 34.21220016479493], [135.697494506836, 34.21173477172854], [135.69290161132798, 34.21726608276369], [135.689498901367, 34.217201232910206], [135.68589782714798, 34.21879959106448], [135.68159484863298, 34.22146606445306], [135.67550659179696, 34.223266601562514], [135.67309570312497, 34.223266601562514], [135.66780090331997, 34.22413253784182], [135.66130065918003, 34.21820068359384], [135.66000366210898, 34.21826553344733], [135.65370178222693, 34.21653366088872], [135.64750671386696, 34.218666076660234], [135.640502929688, 34.21273422241208], [135.63980102539102, 34.208667755127045], [135.63429260253903, 34.20373153686517], [135.63470458984403, 34.19753265380862], [135.64340209960903, 34.1906661987305], [135.64450073242196, 34.18840026855474], [135.63940429687503, 34.18213272094734], [135.63560485839804, 34.17900085449219], [135.627807617188, 34.17606735229494], [135.623001098633, 34.16986465454103], [135.62179565429702, 34.16873168945306], [135.62030029296903, 34.16706466674803], [135.62179565429702, 34.16313171386724], [135.62179565429702, 34.159599304199176], [135.61509704589804, 34.15593338012696], [135.604202270508, 34.15426635742193], [135.59210205078102, 34.1489334106445], [135.59049987793, 34.14899826049799], [135.587799072266, 34.1456680297852], [135.585098266602, 34.13913345336913], [135.582397460938, 34.12946701049801], [135.576599121094, 34.11500167846679], [135.566497802734, 34.11280059814452], [135.556900024414, 34.107734680175845], [135.557098388672, 34.10306549072272], [135.550201416016, 34.10100173950196], [135.54670715332, 34.09993362426757], [135.5458984375, 34.09780120849614], [135.548599243164, 34.09466552734381], [135.548797607422, 34.08653259277338], [135.547698974609, 34.083332061767564], [135.54260253906298, 34.08113479614256], [135.539596557617, 34.075000762939496], [135.547698974609, 34.068065643310526], [135.55090332031298, 34.0683326721191], [135.553497314453, 34.06473159790037], [135.56329345703102, 34.06299972534176], [135.56669616699202, 34.05733489990227], [135.57719421386702, 34.05813217163091], [135.580001831055, 34.056934356689545], [135.58749389648403, 34.04666519165042], [135.592300415039, 34.04546737670896], [135.594497680664, 34.040199279785206], [135.598907470703, 34.03153228759771], [135.594497680664, 34.026866912841776], [135.594100952148, 34.02213287353516], [135.591094970703, 34.01906585693359], [135.59550476074202, 34.01153182983398], [135.60879516601602, 34.01286697387704], [135.61399841308602, 34.00946426391604], [135.62179565429702, 34.009399414062464], [135.62489318847702, 34.005466461181584], [135.624206542969, 34.00320053100591], [135.62400817871102, 33.99986648559567], [135.62879943847702, 33.99639892578127], [135.63070678710903, 33.9909324645996], [135.63560485839804, 33.99079895019527], [135.63810729980503, 33.98173141479487], [135.63780212402304, 33.97453308105469], [135.63969421386696, 33.96580123901371], [135.63580322265594, 33.95920181274407], [135.63619995117193, 33.950332641601584], [135.62840270996102, 33.94933319091803], [135.62350463867202, 33.95173263549804], [135.62179565429702, 33.95299911499016], [135.61970520019503, 33.95299911499016], [135.61729431152304, 33.95426559448237], [135.615600585938, 33.94720077514652], [135.618103027344, 33.94133377075203], [135.61529541015602, 33.93680191040042], [135.61100769043, 33.93680191040042], [135.609802246094, 33.931133270263665], [135.61349487304702, 33.926734924316385], [135.61129760742202, 33.91986846923826], [135.60929870605503, 33.91253280639647], [135.599609375, 33.90806579589844], [135.601104736328, 33.90313339233401], [135.600708007813, 33.90253448486328], [135.60690307617202, 33.8990669250488], [135.62040710449202, 33.89866638183589], [135.62179565429702, 33.89806747436516], [135.62559509277304, 33.88740158081049], [135.625, 33.88293457031254], [135.62309265136696, 33.87986755371088], [135.62179565429702, 33.87793350219727], [135.617706298828, 33.87313461303709], [135.61830139160202, 33.87186813354487], [135.62179565429702, 33.87286758422851], [135.629104614258, 33.87353515624999], [135.63900756835903, 33.877334594726634], [135.64230346679693, 33.876335144043], [135.64750671386696, 33.87680053710939], [135.65269470214798, 33.880733489990185], [135.65550231933597, 33.88219833374021], [135.65879821777298, 33.88619995117194], [135.66169738769497, 33.890132904052734], [135.66119384765597, 33.897800445556584], [135.66949462890597, 33.899932861328104], [135.67900085449196, 33.89813232421883], [135.683395385742, 33.90106582641598], [135.68659973144497, 33.903865814208984], [135.710296630859, 33.903598785400405], [135.71650695800798, 33.90259933471677], [135.722396850586, 33.90253448486328], [135.727996826172, 33.901134490966825], [135.733703613281, 33.895668029785156], [135.73649597168, 33.89453125], [135.738494873047, 33.89373397827146], [135.74250793457, 33.889934539794915], [135.74450683593798, 33.89033508300782], [135.74679565429702, 33.88833236694337], [135.748504638672, 33.88813400268546], [135.75169372558602, 33.88919830322267], [135.755706787109, 33.88506698608397], [135.76249694824202, 33.88733291625982], [135.76739501953102, 33.89080047607422], [135.77409362793003, 33.88933563232418], [135.77890014648403, 33.8884658813477], [135.78770446777304, 33.8927993774414], [135.80130004882804, 33.895732879638736], [135.80439758300804, 33.9038009643555], [135.80819702148403, 33.90646743774408], [135.81689453124994, 33.90499877929686], [135.82730102539102, 33.899467468261705], [135.83709716796903, 33.895332336425824], [135.84249877929696, 33.89693450927728], [135.84790039062497, 33.8955993652344], [135.85180664062497, 33.892398834228494], [135.85400390624997, 33.8886680603027], [135.85299682617196, 33.88253402709964], [135.85350036621097, 33.87626647949224], [135.85760498046895, 33.87286758422851], [135.85720825195295, 33.86546707153323], [135.85310363769497, 33.8610000610352], [135.85560607910196, 33.85426712036132], [135.86019897460898, 33.84880065917974], [135.85540771484403, 33.83653259277343], [135.85839843749997, 33.82886886596676], [135.85630798339798, 33.818000793456996], [135.86480712890597, 33.81013488769533], [135.871795654297, 33.808799743652266], [135.88369750976597, 33.8013343811035], [135.889999389648, 33.801868438720746], [135.897796630859, 33.79013442993159], [135.89739990234398, 33.785465240478466], [135.901092529297, 33.780601501464794], [135.90130615234398, 33.78013229370122], [135.90710449218798, 33.76673126220703], [135.917007446289, 33.76613235473631], [135.92199707031298, 33.757266998290994], [135.930206298828, 33.753868103027266], [135.93699645996102, 33.757534027099574], [135.938598632813, 33.753200531005874], [135.94120788574202, 33.73513412475592], [135.953308105469, 33.72859954833977], [135.96589660644503, 33.72380065917967], [135.976196289063, 33.72333526611328], [135.97450256347702, 33.7291984558105], [135.97120666503903, 33.732265472412074], [135.97360229492202, 33.73566818237298], [135.98350524902304, 33.73600006103523], [135.99679565429696, 33.73033523559574], [135.99699401855503, 33.73026657104489], [136.00909423828097, 33.72553253173828], [136.01130676269497, 33.7235336303711], [135.99679565429696, 33.70780181884766], [135.99420166015597, 33.70433425903318], [135.99220275878903, 33.69626617431642], [135.98640441894503, 33.68859863281248], [135.98849487304696, 33.68479919433593], [135.98649597168003, 33.683334350585895], [135.98510742187503, 33.6818008422852], [135.98390197753903, 33.68293380737299], [135.98199462890597, 33.68226623535159], [135.98249816894494, 33.68099975585938], [135.973999023438, 33.67853164672853], [135.972106933594, 33.67093276977543], [135.97270202636693, 33.66986846923831], [135.97360229492202, 33.66740036010737], [135.97309875488304, 33.66479873657228], [135.97579956054702, 33.662868499755945], [135.97410583496102, 33.66180038452146], [135.97839355468804, 33.6586685180664], [135.98190307617202, 33.66073226928707], [135.98410034179693, 33.66059875488283], [135.98680114746102, 33.66386795043949], [135.98860168456994, 33.66053390502934], [135.98640441894503, 33.66066741943358], [135.98590087890597, 33.65713500976561], [135.98220825195304, 33.652465820312486], [135.97909545898403, 33.64886856079103], [135.97839355468804, 33.65413284301761], [135.97500610351602, 33.6571998596191], [135.96910095214804, 33.65506744384767], [135.97129821777304, 33.65193557739261], [135.96749877929702, 33.65253448486333], [135.95930480957003, 33.65393447875979], [135.95750427246102, 33.649868011474574], [135.95170593261702, 33.64953231811524], [135.944808959961, 33.64713287353524], [135.939407348633, 33.645935058593786], [135.935806274414, 33.64020156860354], [135.940704345703, 33.63380050659181], [135.945907592773, 33.63333511352541], [135.94679260253903, 33.63313293457033], [135.94960021972702, 33.63366699218748], [135.95199584960903, 33.632534027099595], [135.95230102539102, 33.62813186645514], [135.95269775390602, 33.62513351440432], [135.95170593261702, 33.61920166015634], [135.94970703125, 33.6258010864258], [135.94999694824202, 33.6299324035645], [135.94740295410202, 33.62799835205081], [135.949005126953, 33.624668121337926], [135.94450378418, 33.62779998779299], [135.945007324219, 33.62559890747072], [135.94309997558602, 33.6258010864258], [135.94219970703102, 33.62233352661132], [135.942398071289, 33.621532440185504], [135.94189453125003, 33.620666503906286], [135.94129943847702, 33.61926651000983], [135.943008422852, 33.61960220336908], [135.944702148438, 33.61713409423832], [135.94050598144503, 33.615333557128864], [135.938003540039, 33.61706542968747], [135.935806274414, 33.6178016662598], [135.936798095703, 33.61600112915043], [135.937896728516, 33.61406707763674], [135.935501098633, 33.6150016784668], [135.934997558594, 33.612598419189524], [135.93429565429702, 33.61286544799801], [135.93310546875, 33.61173248291022], [135.927597045898, 33.608867645263736], [135.925704956055, 33.60953521728522], [135.92599487304702, 33.60606765747073], [135.925796508789, 33.60459899902343], [135.92869567871102, 33.60480117797852], [135.92680358886702, 33.603401184081974], [135.92919921875, 33.601932525634766], [135.928894042969, 33.599666595459006], [135.929306030273, 33.59960174560552], [135.93229675293, 33.59960174560552], [135.930603027344, 33.59666824340818], [135.933502197266, 33.59313201904303], [135.934600830078, 33.59333419799803], [135.934997558594, 33.59513473510739], [135.93600463867202, 33.59746551513673], [135.94349670410202, 33.60406875610346], [135.94580078125003, 33.60386657714837], [135.948196411133, 33.60279846191407], [135.94639587402304, 33.602466583252], [135.94709777832003, 33.6020660400391], [135.94610595703102, 33.59953308105467], [135.945999145508, 33.59853363037112], [135.94639587402304, 33.59759902954097], [135.94839477539102, 33.59220123291024], [135.94529724121102, 33.5929985046387], [135.943298339844, 33.59326553344727], [135.945098876953, 33.59066772460936], [135.94799804687503, 33.589733123779304], [135.94950866699202, 33.59013366699221], [135.95019531250003, 33.589733123779304], [135.96090698242202, 33.59500122070306], [135.96060180664102, 33.59326553344727], [135.958908081055, 33.586532592773395], [135.95880126953102, 33.585132598877024], [135.95849609375003, 33.582935333252024], [135.95759582519503, 33.58060073852542], [135.95190429687503, 33.57766723632808], [135.950103759766, 33.57860183715823], [135.943206787109, 33.578533172607386], [135.939605712891, 33.577800750732415], [135.93930053710903, 33.5741348266602], [135.93510437011702, 33.5731315612793], [135.92950439453102, 33.576335906982386], [135.92900085449202, 33.57659912109378], [135.922698974609, 33.575931549072294], [135.921493530273, 33.571468353271534], [135.921096801758, 33.56913375854493], [135.915802001953, 33.57080078124996], [135.906997680664, 33.5655326843262], [135.90570068359398, 33.562599182128864], [135.90040588378898, 33.56286621093753], [135.895401000977, 33.55833435058592], [135.894500732422, 33.55866622924798], [135.889999389648, 33.55586624145507], [135.89590454101597, 33.556533813476555], [135.908203125, 33.56159973144532], [135.911392211914, 33.56153488159183], [135.913604736328, 33.56313323974611], [135.914306640625, 33.562000274658224], [135.915603637695, 33.562068939208984], [135.920394897461, 33.561801910400405], [135.921905517578, 33.56186676025389], [135.92379760742202, 33.55933380126947], [135.92199707031298, 33.559066772460895], [135.916107177734, 33.557666778564524], [135.916000366211, 33.55266571044916], [135.913101196289, 33.552467346191435], [135.912200927734, 33.55099868774413], [135.908996582031, 33.54913330078128], [135.901794433594, 33.54546737670898], [135.89880371093798, 33.54579925537113], [135.898101806641, 33.544666290283246], [135.89489746093798, 33.54253387451173], [135.89370727539097, 33.539867401122976], [135.88850402832, 33.53973388671882], [135.887100219727, 33.53633499145509], [135.88259887695298, 33.535266876220696], [135.87960815429696, 33.53026580810551], [135.877899169922, 33.52833175659182], [135.87620544433597, 33.53213500976563], [135.871795654297, 33.53306579589842], [135.86700439453097, 33.5296020507813], [135.86380004882798, 33.5270652770996], [135.86180114746097, 33.52666854858396], [135.85980224609398, 33.5261993408203], [135.85800170898398, 33.52479934692384], [135.85330200195298, 33.52213287353518], [135.85260009765597, 33.5181999206543], [135.84950256347696, 33.51839828491212], [135.84790039062497, 33.52019882202148], [135.84530639648398, 33.51846694946287], [135.84240722656304, 33.51706695556641], [135.84300231933597, 33.513465881347685], [135.83889770507795, 33.512401580810476], [135.83610534668003, 33.51213455200199], [135.83189392089798, 33.51326751708978], [135.83070373535193, 33.51306533813478], [135.82730102539102, 33.51466751098632], [135.82310485839804, 33.513534545898445], [135.81820678710903, 33.507801055908196], [135.81210327148403, 33.50320053100592], [135.80780029296903, 33.501800537109375], [135.80760192871102, 33.50253295898444], [135.80439758300804, 33.501800537109375], [135.79820251464804, 33.49893569946289], [135.79499816894503, 33.489265441894496], [135.79379272460903, 33.486465454101584], [135.78909301757804, 33.48273468017579], [135.78939819335903, 33.480335235595696], [135.78399658203102, 33.47106552124021], [135.78529357910202, 33.46973419189451], [135.78199768066403, 33.469799041748], [135.78149414062503, 33.466468811035206], [135.78390502929702, 33.4663314819336], [135.78149414062503, 33.46553421020514], [135.78179931640602, 33.46340179443363], [135.78329467773403, 33.46459960937499], [135.78379821777304, 33.46213531494141], [135.78570556640602, 33.46206665039057], [135.78610229492202, 33.46026611328129], [135.790405273438, 33.45573425292969], [135.79609680175804, 33.45033264160159], [135.79379272460903, 33.45026779174802], [135.797805786133, 33.445068359375014], [135.79069519043003, 33.44820022583008], [135.79220581054702, 33.4446678161621], [135.79110717773403, 33.44499969482417], [135.79020690918, 33.44533157348632], [135.78759765625003, 33.439998626708984], [135.787307739258, 33.43780136108398], [135.78450012207003, 33.44060134887698], [135.78190612793, 33.44013214111332], [135.77929687500003, 33.445201873779254], [135.769897460938, 33.446735382080135], [135.76649475097702, 33.439201354980526], [135.765502929688, 33.437267303466825], [135.763595581055, 33.43513488769531], [135.76229858398403, 33.43326568603519], [135.761505126953, 33.433734893798764], [135.757095336914, 33.435600280761705], [135.754302978516, 33.43653488159177], [135.752395629883, 33.43766784667974], [135.753295898438, 33.43899917602543], [135.755798339844, 33.44333267211913], [135.75109863281298, 33.44693374633786], [135.750900268555, 33.45093154907232], [135.760894775391, 33.45613479614259], [135.763107299805, 33.45600128173826], [135.774597167969, 33.46020126342772], [135.77589416503903, 33.46513366699224], [135.77319335937503, 33.46580123901372], [135.772903442383, 33.46833419799797], [135.774307250977, 33.467266082763665], [135.77169799804702, 33.47493362426761], [135.77360534668, 33.47553253173833], [135.77439880371102, 33.477001190185455], [135.770904541016, 33.478931427001974], [135.766296386719, 33.47293472290042], [135.767105102539, 33.481132507324155], [135.762100219727, 33.48133468627933], [135.759399414063, 33.48413467407234], [135.75500488281298, 33.482265472412124], [135.752197265625, 33.48093414306643], [135.74679565429702, 33.482135772705064], [135.74430847168, 33.47953414916988], [135.739105224609, 33.47660064697273], [135.736892700195, 33.47919845581046], [135.73750305175798, 33.48326873779303], [135.736602783203, 33.48566818237303], [135.733306884766, 33.482799530029276], [135.727600097656, 33.47793197631842], [135.724395751953, 33.47779846191409], [135.722793579102, 33.47846603393549], [135.71690368652298, 33.481132507324155], [135.71470642089798, 33.48500061035164], [135.71070861816398, 33.48440170288091], [135.71119689941398, 33.48066711425776], [135.707992553711, 33.47806549072267], [135.70779418945298, 33.48073577880861], [135.709197998047, 33.484466552734396], [135.708297729492, 33.48793411254879], [135.70550537109398, 33.48699951171882], [135.70150756835898, 33.49100112915037], [135.700500488281, 33.49340057373046], [135.69650268554696, 33.488265991210945], [135.686492919922, 33.48846817016604], [135.67950439453097, 33.48946762084958], [135.67550659179696, 33.48793411254879], [135.67399597167997, 33.48860168457028], [135.67109680175804, 33.490531921386705], [135.66369628906304, 33.49046707153322], [135.66310119628895, 33.492198944091825], [135.66169738769497, 33.493934631347706], [135.65930175781304, 33.49626541137704], [135.65800476074196, 33.495666503906314], [135.65480041503903, 33.4991989135742], [135.65249633789094, 33.49993515014653], [135.64030456543003, 33.50233459472662], [135.63900756835903, 33.50320053100592], [135.63789367675804, 33.5047988891602], [135.63510131835903, 33.50626754760741], [135.63380432128903, 33.50626754760741], [135.63020324707003, 33.508598327636655], [135.62789916992202, 33.507534027099624], [135.62620544433602, 33.50400161743156], [135.62640380859403, 33.50320053100592], [135.62710571289102, 33.50253295898444], [135.62179565429702, 33.50306701660159], [135.62089538574196, 33.50320053100592], [135.62069702148403, 33.50320053100592], [135.61970520019503, 33.50320053100592], [135.61790466308602, 33.504131317138715], [135.61230468750003, 33.50773239135744], [135.61009216308602, 33.50673294067381], [135.60879516601602, 33.50740051269529], [135.60440063476602, 33.509201049804744], [135.601104736328, 33.50426864624023], [135.595092773438, 33.50640106201174], [135.591094970703, 33.507266998291044], [135.59030151367202, 33.50320053100592], [135.59179687500003, 33.501998901367195], [135.59240722656298, 33.49800109863283], [135.588806152344, 33.50133132934571], [135.58810424804702, 33.50320053100592], [135.584899902344, 33.507266998291044], [135.57919311523403, 33.50699996948238], [135.578399658203, 33.51106643676759], [135.577301025391, 33.51153564453126], [135.57490539550798, 33.514266967773416], [135.570693969727, 33.51660156250002], [135.565902709961, 33.51566696166987], [135.560897827148, 33.51433563232417], [135.55810546875, 33.51546859741214], [135.548095703125, 33.51566696166987], [135.544097900391, 33.52026748657232], [135.53990173339798, 33.51866531372069], [135.535995483398, 33.52046585083014], [135.534896850586, 33.51793289184572], [135.533294677734, 33.51933288574217], [135.53039550781298, 33.52000045776366], [135.529602050781, 33.52033233642581], [135.52320861816398, 33.5227317810059], [135.51969909667997, 33.521934509277266], [135.51100158691398, 33.52519989013666], [135.510299682617, 33.527198791503935], [135.51130676269497, 33.5276679992676], [135.51409912109398, 33.52993392944336], [135.50950622558597, 33.53419876098631], [135.50140380859403, 33.534999847412124], [135.49940490722696, 33.54006576538088], [135.49679565429696, 33.54013442993164], [135.49540710449196, 33.541000366210945], [135.49340820312494, 33.540931701660185], [135.48980712890597, 33.54066848754879], [135.49369812011696, 33.544467926025426], [135.49160766601602, 33.548267364501974], [135.48970031738304, 33.54806900024407], [135.48759460449196, 33.55026626586907], [135.48629760742196, 33.54920196533204], [135.48550415039102, 33.54833221435546], [135.48080444335895, 33.54479980468749], [135.47940063476602, 33.54579925537113], [135.47970581054696, 33.549068450927706], [135.47639465331997, 33.55113601684573], [135.46820068359403, 33.54653549194337], [135.46290588378903, 33.54780197143549], [135.45959472656304, 33.547000885009766], [135.45919799804693, 33.546733856201186], [135.45829772949196, 33.54579925537113], [135.45849609375003, 33.54686737060552], [135.45849609375003, 33.55286788940434], [135.45179748535202, 33.548465728759794], [135.45069885253903, 33.54920196533204], [135.44630432128903, 33.549068450927706], [135.44850158691403, 33.55606842041016], [135.44590759277304, 33.556602478027315], [135.44389343261696, 33.55699920654304], [135.445007324219, 33.558868408203075], [135.44929504394503, 33.561065673828075], [135.447204589844, 33.564132690429744], [135.44590759277304, 33.56113433837892], [135.43600463867202, 33.56673431396484], [135.431304931641, 33.566600799560504], [135.430206298828, 33.56673431396484], [135.42959594726602, 33.56980133056641], [135.42649841308602, 33.56959915161132], [135.42539978027304, 33.5704689025879], [135.423294067383, 33.57066726684572], [135.42219543457003, 33.571933746337926], [135.420196533203, 33.57013320922847], [135.420303344727, 33.57213592529302], [135.41929626464804, 33.57139968872069], [135.41850280761702, 33.571933746337926], [135.417098999023, 33.575801849365234], [135.416900634766, 33.58060073852542], [135.415802001953, 33.57833480834957], [135.41169738769503, 33.575733184814474], [135.41169738769503, 33.576534271240206], [135.40989685058602, 33.575599670410234], [135.407806396484, 33.57746887207026], [135.405197143555, 33.57820129394533], [135.405899047852, 33.58086776733399], [135.403701782227, 33.581001281738324], [135.403503417969, 33.586532592773395], [135.403503417969, 33.58766555786127], [135.401504516602, 33.586532592773395], [135.400405883789, 33.5845336914063], [135.395401000977, 33.586532592773395], [135.39579772949202, 33.588001251220696], [135.393997192383, 33.58846664428709], [135.39179992675798, 33.59066772460936], [135.39260864257798, 33.592132568359396], [135.390701293945, 33.592666625976634], [135.391296386719, 33.59433364868158], [135.390899658203, 33.59420013427734], [135.390106201172, 33.595466613769545], [135.389495849609, 33.59560012817379], [135.39239501953102, 33.597400665283246], [135.3916015625, 33.59786605834964], [135.38720703125, 33.599998474121065], [135.389007568359, 33.603401184081974], [135.387893676758, 33.60420227050779], [135.388198852539, 33.60660171508788], [135.388397216797, 33.60853195190431], [135.392501831055, 33.60773468017577], [135.392105102539, 33.610401153564524], [135.393295288086, 33.61366653442383], [135.396392822266, 33.61453247070313], [135.39570617675798, 33.618068695068374], [135.39289855957, 33.6163330078125], [135.389801025391, 33.61706542968747], [135.389892578125, 33.61893463134768], [135.38960266113298, 33.620868682861285], [135.391403198242, 33.620868682861285], [135.393905639648, 33.624668121337926], [135.396209716797, 33.62440109252926], [135.396102905273, 33.62666702270511], [135.396499633789, 33.62919998168953], [135.39880371093798, 33.63166809082029], [135.39660644531298, 33.631065368652294], [135.395294189453, 33.62766647338874], [135.391006469727, 33.63226699829102], [135.391403198242, 33.63353347778323], [135.391098022461, 33.63606643676757], [135.391906738281, 33.63713455200196], [135.39300537109398, 33.63926696777339], [135.384902954102, 33.64673233032233], [135.38330078125, 33.645668029785206], [135.382797241211, 33.64626693725594], [135.382995605469, 33.64826583862303], [135.380706787109, 33.65113449096679], [135.378997802734, 33.64926528930658], [135.37739562988298, 33.65186691284176], [135.377502441406, 33.65266799926758], [135.37640380859398, 33.65166854858403], [135.371795654297, 33.65193557739261], [135.36799621582, 33.652000427246094], [135.36370849609398, 33.655666351318395], [135.362106323242, 33.65359878540037], [135.35180664062497, 33.65553283691406], [135.34370422363295, 33.65859985351564], [135.34140014648398, 33.660266876220675], [135.34060668945298, 33.66073226928707], [135.33810424804696, 33.663200378418004], [135.33509826660196, 33.66466522216804], [135.33129882812497, 33.6666679382324], [135.33099365234398, 33.668266296386676], [135.33140563964798, 33.66986846923831], [135.33000183105497, 33.67013549804689], [135.33180236816398, 33.6727333068848], [135.33169555664097, 33.673534393310526], [135.333297729492, 33.673534393310526], [135.33630371093804, 33.676734924316435], [135.33860778808597, 33.6766014099121], [135.34240722656304, 33.67786788940432], [135.34370422363295, 33.68220138549802], [135.34030151367196, 33.683799743652294], [135.34449768066398, 33.68753433227544], [135.34269714355497, 33.68873596191408], [135.33880615234395, 33.690933227539084], [135.33349609374997, 33.69226837158196], [135.33509826660196, 33.69453430175781], [135.34089660644497, 33.69359970092766], [135.34260559081997, 33.693733215331996], [135.34539794921898, 33.69359970092766], [135.34710693359398, 33.69386672973633], [135.34979248046898, 33.69340133666993], [135.35470581054696, 33.695068359374964], [135.356994628906, 33.69306564331051], [135.35459899902298, 33.68753433227544], [135.35729980468798, 33.68899917602538], [135.35890197753898, 33.688400268554744], [135.35339355468798, 33.68346786499023], [135.35499572753898, 33.68233489990226], [135.356903076172, 33.684268951416044], [135.359191894531, 33.684268951416044], [135.360198974609, 33.6856689453125], [135.35929870605497, 33.68099975585938], [135.35960388183597, 33.677001953125014], [135.36109924316398, 33.679466247558594], [135.364807128906, 33.67966842651368], [135.363006591797, 33.681133270263715], [135.363494873047, 33.68226623535159], [135.363494873047, 33.6828689575195], [135.36590576171898, 33.6828689575195], [135.36590576171898, 33.685798645019474], [135.36979675292997, 33.685001373291016], [135.371795654297, 33.68513488769526], [135.375701904297, 33.6826667785645], [135.377304077148, 33.68326568603523], [135.37219238281298, 33.68960189819338], [135.37629699707, 33.69006729125978], [135.380905151367, 33.690933227539084], [135.382293701172, 33.690933227539084], [135.382705688477, 33.69133377075199], [135.37739562988298, 33.693733215331996], [135.37809753418, 33.69580078125002], [135.379608154297, 33.69580078125002], [135.38000488281298, 33.698734283447266], [135.383193969727, 33.702934265136726], [135.383804321289, 33.70140075683594], [135.382293701172, 33.69639968872066], [135.38470458984398, 33.69660186767584], [135.385406494141, 33.69359970092766], [135.386795043945, 33.69386672973633], [135.386993408203, 33.69966888427733], [135.39050292968798, 33.702335357665994], [135.3955078125, 33.703132629394545], [135.393905639648, 33.70439910888667], [135.393203735352, 33.71073532104491], [135.396301269531, 33.71066665649406], [135.395202636719, 33.71393585205082], [135.39579772949202, 33.716133117675824], [135.397308349609, 33.718399047851584], [135.399795532227, 33.720268249511705], [135.396102905273, 33.72259902954104], [135.393493652344, 33.72126770019534], [135.393402099609, 33.71559906005858], [135.389404296875, 33.715198516845675], [135.383697509766, 33.718200683593764], [135.382904052734, 33.71713256835937], [135.382797241211, 33.71913146972664], [135.38130187988298, 33.720268249511705], [135.38000488281298, 33.71893310546882], [135.37860107421898, 33.72259902954104], [135.373992919922, 33.728332519531286], [135.371795654297, 33.73139953613277], [135.370101928711, 33.7306671142578], [135.365295410156, 33.72813415527337], [135.367904663086, 33.73026657104489], [135.367904663086, 33.73133468627928], [135.367095947266, 33.730068206787074], [135.36560058593798, 33.73173141479492], [135.364593505859, 33.73026657104489], [135.363006591797, 33.732467651367166], [135.361801147461, 33.73026657104489], [135.358993530273, 33.72940063476559], [135.35879516601597, 33.72880172729486], [135.35389709472696, 33.726200103759766], [135.35130310058597, 33.72946548461908], [135.35269165039097, 33.73106765747071], [135.35099792480497, 33.73366546630862], [135.35659790039097, 33.73786544799799], [135.35720825195298, 33.738533020019474], [135.35540771484398, 33.741466522216804], [135.35400390624997, 33.74399948120123], [135.34759521484398, 33.7468681335449], [135.345504760742, 33.74493408203129], [135.34370422363295, 33.74499893188478], [135.33590698242196, 33.745399475097685], [135.33270263671895, 33.743598937988324], [135.33169555664097, 33.74426651000981], [135.32809448242196, 33.741466522216804], [135.32829284667997, 33.745868682861264], [135.32389831542997, 33.7509994506836], [135.32409667968804, 33.753200531005874], [135.32470703124997, 33.75559997558587], [135.32040405273398, 33.76446533203127], [135.31100463867196, 33.76926803588873], [135.30569458007804, 33.76726531982418], [135.30299377441395, 33.76760101318361], [135.29910278320304, 33.76433563232421], [135.29679870605503, 33.76433563232421], [135.29699707031304, 33.76606750488282], [135.29490661621102, 33.770866394043004], [135.28810119628903, 33.77280044555661], [135.28129577636696, 33.7775993347168], [135.27189636230503, 33.78179931640634], [135.26570129394503, 33.7827987670898], [135.26179504394503, 33.78213500976558], [135.24679565429702, 33.78106689453128], [135.245391845703, 33.78013229370122], [135.234405517578, 33.781333923339766], [135.233306884766, 33.788066864013736], [135.236404418945, 33.79086685180656], [135.235000610352, 33.79826736450202], [135.22149658203102, 33.804466247558565], [135.219497680664, 33.808200836181626], [135.21659851074202, 33.81406784057621], [135.207794189453, 33.808666229248026], [135.206100463867, 33.81146621704102], [135.198806762695, 33.81280136108399], [135.194900512695, 33.81546783447266], [135.186004638672, 33.81906890869139], [135.18449401855497, 33.825801849365185], [135.17579650878898, 33.83046722412112], [135.17410278320298, 33.83653259277343], [135.174606323242, 33.83853530883788], [135.16250610351597, 33.845268249511676], [135.16639709472696, 33.84673309326171], [135.16490173339798, 33.85039901733401], [135.15890502929696, 33.85800170898438], [135.15829467773398, 33.85933303833008], [135.15890502929696, 33.8618659973145], [135.15710449218804, 33.863399505615206], [135.15809631347696, 33.86759948730466], [135.15190124511696, 33.875202178955114], [135.14379882812497, 33.88339996337894], [135.12179565429696, 33.89139938354494], [135.11329650878903, 33.893268585205064], [135.10270690918003, 33.88973236083982], [135.09359741210903, 33.88813400268546], [135.091506958008, 33.887599945068395], [135.084106445313, 33.88700103759767], [135.08189392089804, 33.88746643066406], [135.080993652344, 33.890666961669886], [135.07470703125, 33.88753128051764], [135.06869506835903, 33.88246536254879], [135.057205200195, 33.87966537475588], [135.056396484375, 33.88753128051764], [135.061004638672, 33.89020156860349], [135.063705444336, 33.8927993774414], [135.064407348633, 33.89453125], [135.058807373047, 33.90060043334959], [135.057998657227, 33.90253448486328], [135.060806274414, 33.90566635131844], [135.067398071289, 33.905532836914105], [135.07060241699202, 33.90606689453134], [135.073104858398, 33.90399932861332], [135.07339477539102, 33.90293502807619], [135.075805664063, 33.90399932861332], [135.07789611816403, 33.90346527099607], [135.083206176758, 33.911132812500014], [135.078399658203, 33.912868499755895], [135.08110046386702, 33.91540145874023], [135.08160400390602, 33.91926574707026], [135.075805664063, 33.91680145263668], [135.076095581055, 33.91986846923826], [135.07589721679702, 33.92233276367193], [135.079299926758, 33.92413330078129], [135.07670593261702, 33.92620086669923], [135.07460021972702, 33.92786788940427], [135.071701049805, 33.92393493652339], [135.068206787109, 33.92560195922851], [135.065200805664, 33.92626571655272], [135.067993164063, 33.930866241455085], [135.06979370117202, 33.93193435668948], [135.07139587402304, 33.93153381347657], [135.07470703125, 33.93286895751954], [135.07640075683602, 33.93479919433588], [135.07870483398403, 33.934867858886726], [135.083404541016, 33.93479919433588], [135.08619689941403, 33.93846893310554], [135.08070373535202, 33.94100189208979], [135.08439636230503, 33.942798614501974], [135.08740234375003, 33.94246673583982], [135.09010314941403, 33.94306564331046], [135.08909606933602, 33.944999694824155], [135.08810424804702, 33.94893264770513], [135.09039306640602, 33.94886779785164], [135.09399414062503, 33.94786453247073], [135.09779357910202, 33.94966888427728], [135.10009765625003, 33.94946670532228], [135.10240173339804, 33.954200744628885], [135.10350036621102, 33.95493316650386], [135.11360168457003, 33.95700073242189], [135.11459350585895, 33.95966720581047], [135.11289978027304, 33.96013259887704], [135.11079406738304, 33.96179962158198], [135.10800170898403, 33.96160125732416], [135.10629272460903, 33.963600158691435], [135.10279846191403, 33.963600158691435], [135.10189819335903, 33.965667724609375], [135.10069274902304, 33.96633529663086], [135.09950256347702, 33.96153259277341], [135.09609985351602, 33.95840072631843], [135.091506958008, 33.957668304443374], [135.08859252929702, 33.958332061767585], [135.08439636230503, 33.957401275634794], [135.08680725097702, 33.95726776123046], [135.08720397949202, 33.95600128173834], [135.080596923828, 33.95600128173834], [135.074005126953, 33.95886611938483], [135.082397460938, 33.96139907836908], [135.08520507812503, 33.96853256225587], [135.08110046386702, 33.969665527343835], [135.07859802246102, 33.97040176391599], [135.07550048828102, 33.9744682312012], [135.072204589844, 33.97593307495123], [135.06750488281298, 33.97613525390632], [135.06939697265602, 33.977733612060504], [135.07809448242202, 33.97900009155272], [135.0830078125, 33.97919845581054], [135.08659362793003, 33.97919845581054], [135.08869934082003, 33.98233413696287], [135.089508056641, 33.9816017150879], [135.08920288085903, 33.985599517822266], [135.092803955078, 33.98839950561518], [135.09179687500003, 33.989799499511726], [135.09230041503903, 33.99266815185548], [135.09550476074202, 33.99259948730472], [135.101196289063, 33.99273300170897], [135.10310363769503, 33.99273300170897], [135.10580444335903, 33.98899841308591], [135.11100769043003, 33.98973464965824], [135.11169433593804, 33.994800567626996], [135.11920166015597, 33.99906539916994], [135.12179565429696, 33.998867034912124], [135.125, 33.99740219116209], [135.12800598144494, 33.999931335449155], [135.13119506835898, 33.99986648559567], [135.13420104980503, 33.999931335449155], [135.13990783691403, 34.00320053100591], [135.14160156249997, 34.00619888305664], [135.14480590820304, 34.004798889160185], [135.14999389648398, 34.00653457641597], [135.15069580078097, 34.00920104980473], [135.14759826660196, 34.01053237915043], [135.14610290527298, 34.013267517089766], [135.14390563964795, 34.012931823730526], [135.14289855956997, 34.01506423950204], [135.13749694824196, 34.016468048095675], [135.13880920410202, 34.018798828125014], [135.14770507812497, 34.01813125610353], [135.15100097656304, 34.018333435058615], [135.14990234374997, 34.02093124389653], [135.15139770507798, 34.02360153198238], [135.15220642089798, 34.02579879760738], [135.15640258789097, 34.02446746826168], [135.16400146484398, 34.0280685424805], [135.16659545898398, 34.027999877929744], [135.16589355468795, 34.025867462158224], [135.169494628906, 34.02600097656247], [135.173400878906, 34.031867980957045], [135.17160034179696, 34.03219985961911], [135.17140197753898, 34.03359985351557], [135.17100524902298, 34.03206634521478], [135.16810607910196, 34.035800933837926], [135.17030334472696, 34.036865234374964], [135.16169738769497, 34.0365333557129], [135.15910339355497, 34.03820037841802], [135.16189575195298, 34.04093170166018], [135.15890502929696, 34.04673385620118], [135.15260314941398, 34.04493331909181], [135.14630126953097, 34.04500198364257], [135.14639282226597, 34.04766464233397], [135.14570617675804, 34.05626678466797], [135.13850402831997, 34.05673217773437], [135.13580322265597, 34.06433486938482], [135.12539672851602, 34.06453323364264], [135.12400817871102, 34.065067291259794], [135.12179565429696, 34.06719970703131], [135.11979675293003, 34.067600250244126], [135.11289978027304, 34.068199157714766], [135.11219787597702, 34.069400787353494], [135.10850524902304, 34.069866180419886], [135.10499572753903, 34.07093429565428], [135.101196289063, 34.06880187988276], [135.099807739258, 34.069866180419886], [135.093704223633, 34.06779861450204], [135.090698242188, 34.06813430786128], [135.08819580078102, 34.06686782836907], [135.08749389648403, 34.0683326721191], [135.08399963378903, 34.0702667236328], [135.07890319824202, 34.07339859008786], [135.08079528808602, 34.075332641601555], [135.08500671386702, 34.0726013183594], [135.08639526367202, 34.07253265380864], [135.09039306640602, 34.07360076904304], [135.093200683594, 34.07580184936522], [135.09519958496102, 34.079334259033196], [135.09469604492202, 34.08653259277338], [135.09539794921903, 34.09106826782226], [135.09730529785202, 34.0940017700195], [135.09840393066403, 34.09113311767584], [135.10079956054702, 34.090599060058594], [135.10229492187503, 34.095668792724624], [135.10749816894503, 34.09740066528323], [135.109497070313, 34.09673309326166], [135.111206054688, 34.09793472290038], [135.10839843750003, 34.09753417968748], [135.11189270019497, 34.106201171874964], [135.11169433593804, 34.11280059814452], [135.11529541015597, 34.11986541748046], [135.12179565429696, 34.11766433715819], [135.12229919433594, 34.115131378173764], [135.13510131835898, 34.11293411254876], [135.13690185546903, 34.10979843139651], [135.13870239257804, 34.11306762695309], [135.14129638671903, 34.10979843139651], [135.14450073242196, 34.11119842529297], [135.14379882812497, 34.11493301391603], [135.13940429687494, 34.11853408813476], [135.13549804687497, 34.11840057373052], [135.13090515136696, 34.12153244018549], [135.13180541992196, 34.123867034912095], [135.13400268554696, 34.128932952880945], [135.13220214843804, 34.1338005065918], [135.13020324706997, 34.13359832763671], [135.13079833984403, 34.13193130493159], [135.12680053710895, 34.12793350219731], [135.12179565429696, 34.129665374755916], [135.12179565429696, 34.13133239746086], [135.12339782714804, 34.131999969482436], [135.12429809570304, 34.13586807250983], [135.13520812988304, 34.13866806030274], [135.13679504394497, 34.13866806030274], [135.13810729980503, 34.13859939575198], [135.15399169921898, 34.13913345336913], [135.15890502929696, 34.135799407958984], [135.16439819335898, 34.137001037597706], [135.16659545898398, 34.135135650634766], [135.16859436035196, 34.13339996337889], [135.17219543457, 34.13633346557622], [135.17750549316398, 34.14073181152341], [135.17860412597696, 34.14086532592774], [135.18139648437497, 34.14220046997071], [135.183898925781, 34.143066406250014], [135.185607910156, 34.14233398437504], [135.1875, 34.143798828124986], [135.18879699707, 34.143665313720746], [135.19020080566398, 34.143665313720746], [135.19160461425798, 34.143333435058594], [135.19299316406298, 34.14446640014647], [135.196792602539, 34.14266586303711], [135.198394775391, 34.14319992065426], [135.19909667968798, 34.14673233032232], [135.201797485352, 34.14979934692381], [135.20869445800798, 34.1493988037109], [135.208892822266, 34.151798248290994], [135.201797485352, 34.15146636962893], [135.19909667968798, 34.149333953857415], [135.18380737304696, 34.14826583862302], [135.18640136718798, 34.15566635131839], [135.19239807128898, 34.15693283081051], [135.192596435547, 34.15813446044923], [135.19140624999997, 34.158668518066385], [135.189300537109, 34.15900039672854], [135.190002441406, 34.15773391723633], [135.186599731445, 34.15626525878911], [135.18249511718798, 34.158668518066385], [135.18200683593804, 34.16986465454103], [135.17730712890597, 34.17893218994143], [135.179504394531, 34.1865348815918], [135.172897338867, 34.188266754150405], [135.17179870605497, 34.185264587402315], [135.17689514160196, 34.175399780273366], [135.16670227050795, 34.186931610107436], [135.16070556640597, 34.18726730346677], [135.156295776367, 34.18453598022461], [135.15069580078097, 34.184265136718764], [135.14819335937497, 34.18233489990234], [135.14819335937497, 34.186000823974645], [135.14610290527298, 34.189334869384794], [135.14520263671903, 34.18840026855474], [135.14170837402304, 34.18713378906252], [135.13900756835895, 34.190132141113345], [135.13940429687494, 34.19093322753907], [135.13659667968804, 34.20100021362302], [135.14070129394497, 34.201801300048835], [135.14709472656304, 34.1945343017578], [135.14869689941398, 34.194400787353466], [135.14959716796895, 34.200065612792955], [135.14529418945298, 34.20040130615229], [135.14469909667994, 34.20253372192381], [135.14300537109403, 34.20253372192381], [135.14179992675804, 34.2064018249512], [135.14459228515597, 34.20753479003908], [135.14399719238304, 34.211933135986264], [135.13949584960898, 34.211933135986264], [135.13980102539094, 34.214065551757784], [135.14379882812497, 34.21473312377927], [135.14210510253903, 34.218868255615234], [135.14010620117196, 34.22086715698242], [135.13890075683597, 34.21900177001948], [135.13690185546903, 34.21839904785157], [135.13549804687497, 34.219600677490206], [135.13990783691403, 34.221401214599574], [135.13800048828097, 34.225265502929695], [135.12179565429696, 34.22466659545897], [135.10659790039102, 34.22833251953127], [135.10000610351602, 34.235668182372976], [135.10279846191403, 34.236934661865185], [135.11750793457003, 34.23433303833009], [135.12179565429696, 34.23040008544921], [135.12269592285193, 34.22946548461906], [135.12559509277295, 34.22953414916991], [135.12770080566403, 34.227199554443395], [135.13220214843804, 34.22973251342773], [135.12179565429696, 34.24113464355473], [135.11940002441403, 34.24113464355473], [135.12030029296903, 34.24306869506843], [135.11579895019494, 34.24626541137698], [135.11360168457003, 34.24420166015631], [135.11810302734403, 34.24053192138673], [135.09550476074202, 34.25320053100586], [135.09669494628903, 34.25593185424802], [135.09860229492202, 34.25533294677729], [135.099304199219, 34.256267547607436], [135.08799743652304, 34.26073455810547], [135.066299438477, 34.2613334655762], [135.06109619140602, 34.26353454589838], [135.06689453125003, 34.27533340454102], [135.06849670410202, 34.27539825439451], [135.070098876953, 34.27500152587887], [135.07299804687503, 34.2769317626953], [135.072296142578, 34.284198760986335], [135.06840515136702, 34.28493499755857], [135.07080078125, 34.28680038452151], [135.06750488281298, 34.29119873046879], [135.073501586914, 34.30406570434574], [135.07809448242202, 34.30773544311522], [135.08360290527304, 34.306400299072344], [135.09310913085903, 34.3116683959961], [135.09739685058602, 34.30786895751947], [135.10310363769503, 34.31040191650389], [135.10580444335903, 34.30786895751947], [135.10260009765602, 34.301666259765554], [135.09649658203102, 34.29586791992191], [135.099304199219, 34.292133331298764], [135.09919738769503, 34.28839874267579], [135.10189819335903, 34.285800933837876], [135.10859680175804, 34.28286743164063], [135.10760498046903, 34.277801513671875], [135.111206054688, 34.271999359130874], [135.11369323730503, 34.274333953857386], [135.11810302734403, 34.27353286743157], [135.12179565429696, 34.274600982665966], [135.12600708007804, 34.27673339843748], [135.12910461425804, 34.27426528930663], [135.13250732421903, 34.272464752197266], [135.13749694824196, 34.274532318115206], [135.14010620117196, 34.28179931640633], [135.14350891113304, 34.28079986572269], [135.14799499511696, 34.28353500366212], [135.15449523925795, 34.28066635131836], [135.15310668945304, 34.274200439453054], [135.16020202636696, 34.277732849121115], [135.17219543457, 34.28020095825197], [135.17939758300798, 34.27946472167972], [135.18440246582, 34.279399871826236], [135.187805175781, 34.28313446044921], [135.189697265625, 34.283267974853544], [135.19319152832, 34.286933898925845], [135.19709777832, 34.28660202026369], [135.199295043945, 34.287334442138665], [135.204803466797, 34.2887992858887], [135.20500183105497, 34.30046844482419], [135.208099365234, 34.30406570434574], [135.207595825195, 34.30806732177729], [135.222503662109, 34.303001403808615], [135.22509765625, 34.300868988037095], [135.235305786133, 34.304267883300824], [135.24679565429702, 34.31306838989256], [135.25729370117202, 34.31546783447274], [135.26220703125003, 34.31259918212889], [135.270706176758, 34.31219863891599], [135.28219604492193, 34.31779861450199], [135.28610229492202, 34.31153488159177], [135.28939819335903, 34.30200195312498], [135.29310607910202, 34.29933166503913], [135.29660034179696, 34.300868988037095], [135.29879760742196, 34.302536010742216], [135.30130004882804, 34.30406570434574], [135.30349731445304, 34.31266784667974], [135.30720520019497, 34.31433486938477], [135.31109619140597, 34.31359863281253], [135.32550048828097, 34.31906509399411], [135.33000183105497, 34.316665649414105], [135.32800292968804, 34.32413482666023], [135.33529663085898, 34.32673263549796], [135.33880615234395, 34.33100128173827], [135.338195800781, 34.33513259887697], [135.33860778808597, 34.334934234619055], [135.34230041503898, 34.334400177001996], [135.34629821777298, 34.33086776733402], [135.354095458984, 34.33280181884772], [135.35929870605497, 34.33259963989263], [135.362197875977, 34.329132080078054], [135.36880493164097, 34.330600738525355], [135.371795654297, 34.330200195312536], [135.37600708007798, 34.330268859863295], [135.380996704102, 34.32893371582033], [135.386795043945, 34.32973480224614], [135.388900756836, 34.332466125488295], [135.39239501953102, 34.331733703613324], [135.393203735352, 34.33126831054693], [135.39709472656298, 34.3305320739746], [135.40109252929702, 34.332664489746115], [135.406402587891, 34.33533477783197], [135.406692504883, 34.33653259277342], [135.408798217773, 34.341865539550845], [135.413604736328, 34.3410682678223], [135.417495727539, 34.340068817138665], [135.42610168457003, 34.34066772460939], [135.431106567383, 34.34726715087894], [135.43389892578102, 34.348133087158246], [135.443801879883, 34.347599029541], [135.45039367675804, 34.34926605224612], [135.45269775390594, 34.34973144531252], [135.458206176758, 34.34726715087894], [135.46369934081994, 34.34799957275391], [135.46609497070304, 34.34786605834958], [135.47309875488304, 34.353199005127], [135.47750854492193, 34.35366821289058], [135.47909545898398, 34.35820007324219], [135.48500061035196, 34.36273574829098], [135.49079895019497, 34.35480117797846], [135.49679565429696, 34.35246658325203], [135.5, 34.350200653076186], [135.50309753417997, 34.34640121459964], [135.50279235839798, 34.343399047851634], [135.50360107421895, 34.33886718750003], [135.50210571289097, 34.33779907226563], [135.50300598144497, 34.33653259277342], [135.50770568847696, 34.33653259277342], [135.52270507812497, 34.34766769409176], [135.52870178222696, 34.35133361816406]]], [[[135.04460144043, 34.29220199584961], [135.033599853516, 34.29533386230467], [135.037200927734, 34.29853439331049], [135.03959655761702, 34.29833221435549], [135.04179382324202, 34.2980690002441], [135.046203613281, 34.29759979248052], [135.048202514648, 34.29880142211907], [135.05940246582, 34.297935485839766], [135.057800292969, 34.29686737060546], [135.052093505859, 34.29533386230467], [135.04460144043, 34.29220199584961]]], [[[135.00799560546898, 34.27626800537109], [135.004699707031, 34.2769317626953], [135.00259399414097, 34.27793502807621], [135, 34.27904510498047], [134.99870300292997, 34.27959823608397], [135, 34.28109359741207], [135.00270080566398, 34.284198760986335], [135.00610351562497, 34.284133911132756], [135.01150512695298, 34.284198760986335], [135.01789855957, 34.291667938232365], [135.026504516602, 34.293731689453125], [135.025192260742, 34.291267395019545], [135.021697998047, 34.292064666748004], [135.020095825195, 34.28653335571294], [135.019195556641, 34.28520202636724], [135.01629638671898, 34.28060150146479], [135.0126953125, 34.27959823608397], [135.011199951172, 34.27653121948239], [135.00799560546898, 34.27626800537109]]], [[[135.18260192871097, 34.150600433349624], [135.181198120117, 34.152267456054744], [135.18080139160196, 34.150600433349624], [135.175994873047, 34.15186691284184], [135.17759704589798, 34.157600402831996], [135.175094604492, 34.15753555297851], [135.175094604492, 34.158535003662145], [135.18020629882798, 34.15766525268548], [135.18359375, 34.155067443847656], [135.18260192871097, 34.150600433349624]]], [[[135.10180664062503, 34.108798980712876], [135.09840393066403, 34.10886764526372], [135.09739685058602, 34.11506652832028], [135.10169982910202, 34.1175994873047], [135.10169982910202, 34.11339950561524], [135.10440063476602, 34.110466003418], [135.10180664062503, 34.108798980712876]]], [[[135.079299926758, 34.10986709594727], [135.07550048828102, 34.112468719482365], [135.075805664063, 34.114665985107365], [135.078796386719, 34.11439895629879], [135.08039855957003, 34.1147994995117], [135.0830078125, 34.11320114135742], [135.079299926758, 34.10986709594727]]], [[[135.12179565429696, 34.015399932861285], [135.11900329589804, 34.01779937744138], [135.12060546875003, 34.0194664001465], [135.12179565429696, 34.019332885742166], [135.12800598144494, 34.01786804199222], [135.12590026855503, 34.01733398437498], [135.12530517578097, 34.01553344726562], [135.12179565429696, 34.015399932861285]]], [[[135.915298461914, 33.972465515136655], [135.92680358886702, 33.981067657470746], [135.935501098633, 33.98026657104493], [135.94000244140602, 33.979866027832024], [135.94120788574202, 33.97520065307617], [135.94749450683602, 33.980598449706996], [135.95689392089804, 33.981067657470746], [135.96330261230503, 33.985134124755874], [135.97549438476602, 33.98666763305657], [135.97929382324196, 33.99053573608396], [135.98480224609403, 33.992202758789084], [135.98629760742196, 33.99660110473627], [135.99020385742193, 34.00320053100591], [135.99679565429696, 34.005264282226584], [136.00250244140597, 34.00733566284179], [136.00320434570304, 34.00966644287113], [136.00660705566403, 34.007064819335945], [136.00500488281304, 34.00320053100591], [136.00099182128898, 34.00133514404297], [135.99679565429696, 34.002334594726605], [135.99510192871094, 34.00020217895509], [135.99679565429696, 33.99753570556642], [136.00419616699196, 33.98973464965824], [136.00529479980494, 33.982601165771534], [136.01289367675804, 33.97373199462887], [136.01100158691395, 33.96620178222662], [136.00219726562497, 33.9611320495605], [135.99909973144497, 33.95560073852543], [135.99679565429696, 33.9567985534668], [135.98699951171903, 33.96793365478523], [135.98159790039102, 33.96813583374023], [135.97659301757804, 33.96640014648444], [135.974807739258, 33.960266113281286], [135.97669982910202, 33.95366668701173], [135.97560119628903, 33.94513320922849], [135.96859741210903, 33.92900085449224], [135.96490478515602, 33.92786788940427], [135.95370483398403, 33.93586730957027], [135.94140625, 33.93966674804691], [135.93310546875, 33.93953323364258], [135.92779541015602, 33.94093322753912], [135.930603027344, 33.93313217163094], [135.923095703125, 33.934535980224574], [135.918197631836, 33.93040084838869], [135.91769409179702, 33.9221992492676], [135.922103881836, 33.91986846923826], [135.924499511719, 33.91986846923826], [135.92950439453102, 33.923133850097656], [135.933807373047, 33.92066574096681], [135.93420410156298, 33.91986846923826], [135.93229675293, 33.91673278808593], [135.921493530273, 33.91433334350592], [135.917098999023, 33.919666290283175], [135.908599853516, 33.91839981079096], [135.908996582031, 33.91986846923826], [135.90840148925798, 33.923133850097656], [135.903900146484, 33.9252014160156], [135.90100097656298, 33.92433166503911], [135.89790344238298, 33.92686843872072], [135.896392822266, 33.934867858886726], [135.891998291016, 33.94173431396476], [135.893402099609, 33.948066711425824], [135.895797729492, 33.95206832885737], [135.897705078125, 33.95373535156249], [135.902801513672, 33.95493316650386], [135.906494140625, 33.96006774902337], [135.90710449218798, 33.96353530883786], [135.914108276367, 33.96559906005862], [135.914993286133, 33.97013473510741], [135.915298461914, 33.972465515136655]]], [[[135.09620666503903, 34.002731323242244], [135.09170532226602, 34.00320053100591], [135.09120178222702, 34.00406646728521], [135.092803955078, 34.00780105590819], [135.09480285644503, 34.00640106201173], [135.10180664062503, 34.004798889160185], [135.10069274902304, 34.00320053100591], [135.09620666503903, 34.002731323242244]]], [[[135.09140014648403, 34.00153350830079], [135.08869934082003, 34.00320053100591], [135.08990478515602, 34.00333404541024], [135.09130859375003, 34.00320053100591], [135.09179687500003, 34.00306701660158], [135.09140014648403, 34.00153350830079]]], [[[135.088500976563, 33.98760223388672], [135.08689880371102, 33.98760223388672], [135.081497192383, 33.988868713378935], [135.08619689941403, 33.9915351867676], [135.088500976563, 33.98760223388672]]], [[[135.07389831543, 33.94739913940434], [135.071899414063, 33.949935913085945], [135.072906494141, 33.950599670410156], [135.07550048828102, 33.948600769042976], [135.07389831543, 33.94739913940434]]], [[[135.88040161132798, 33.909133911132834], [135.87860107421898, 33.90846633911126], [135.88150024414097, 33.901134490966825], [135.887908935547, 33.8947334289551], [135.88380432128898, 33.88639831542967], [135.887908935547, 33.88146591186524], [135.89179992675798, 33.88133239746091], [135.891403198242, 33.889465332031335], [135.890106201172, 33.891201019287124], [135.892303466797, 33.893600463867216], [135.90130615234398, 33.88353347778318], [135.897308349609, 33.872001647949205], [135.89550781249997, 33.86880111694339], [135.889999389648, 33.868400573730476], [135.88470458984398, 33.872268676757784], [135.881195068359, 33.872268676757784], [135.87710571289097, 33.870532989501996], [135.87680053710898, 33.86306762695314], [135.87440490722696, 33.8614654541016], [135.87330627441398, 33.870334625244084], [135.87660217285196, 33.87346649169924], [135.882293701172, 33.878734588623], [135.87649536132798, 33.884067535400426], [135.87440490722696, 33.88380050659176], [135.871795654297, 33.88660049438476], [135.87069702148398, 33.8884658813477], [135.86390686035196, 33.88873291015628], [135.86070251464798, 33.88700103759767], [135.85910034179696, 33.89813232421883], [135.85980224609398, 33.9031982421875], [135.863098144531, 33.90686798095698], [135.86810302734398, 33.915065765380895], [135.86509704589798, 33.91986846923826], [135.86610412597696, 33.921134948730476], [135.86860656738295, 33.91986846923826], [135.871795654297, 33.919067382812536], [135.876998901367, 33.917133331298835], [135.88040161132798, 33.9169998168945], [135.88079833984398, 33.91406631469726], [135.88040161132798, 33.909133911132834]]], [[[135.14709472656304, 33.856800079345746], [135.14430236816395, 33.86140060424802], [135.14590454101594, 33.860401153564474], [135.15480041503898, 33.86193466186517], [135.15449523925795, 33.85806655883787], [135.14709472656304, 33.856800079345746]]], [[[135.31520080566395, 33.74986648559572], [135.31309509277298, 33.7524681091309], [135.31349182128898, 33.7524681091309], [135.31530761718804, 33.74993515014648], [135.31520080566395, 33.74986648559572]]], [[[135.36360168457, 33.69473266601563], [135.362396240234, 33.69713592529299], [135.36450195312497, 33.69713592529299], [135.36380004882798, 33.69553375244136], [135.36360168457, 33.69473266601563]]], [[[135.366195678711, 33.686203002929744], [135.36370849609398, 33.687267303466776], [135.36599731445298, 33.68806838989259], [135.367294311523, 33.68733596801762], [135.366195678711, 33.686203002929744]]], [[[135.94799804687503, 33.61873245239259], [135.945205688477, 33.62060165405271], [135.94569396972702, 33.62200164794917], [135.94760131835903, 33.6202011108398], [135.94799804687503, 33.61873245239259]]], [[[135.48829650878898, 33.54259872436522], [135.48600769043003, 33.5437316894531], [135.48609924316395, 33.54406738281252], [135.48870849609403, 33.544002532959034], [135.48829650878898, 33.54259872436522]]], [[[135.560104370117, 33.51113128662108], [135.558700561523, 33.51173400878908], [135.55740356445298, 33.51259994506838], [135.560195922852, 33.511932373046896], [135.560104370117, 33.51113128662108]]], [[[135.83180236816403, 33.44906616210938], [135.82850646972702, 33.45046615600592], [135.82299804687494, 33.45240020751953], [135.82209777831997, 33.45173263549796], [135.82350158691403, 33.458934783935504], [135.82299804687494, 33.46046829223629], [135.82159423828097, 33.461200714111264], [135.81700134277304, 33.4613342285156], [135.81440734863304, 33.461067199707024], [135.81320190429693, 33.461067199707024], [135.81480407714804, 33.46360015869136], [135.81179809570304, 33.463802337646534], [135.80929565429696, 33.463665008544936], [135.80780029296903, 33.46493530273442], [135.80549621581994, 33.46406555175784], [135.80349731445304, 33.46373367309569], [135.80259704589804, 33.46419906616209], [135.80220031738304, 33.46360015869136], [135.80130004882804, 33.461532592773416], [135.79829406738304, 33.46260070800781], [135.79840087890602, 33.4656028747559], [135.80110168457003, 33.471332550048785], [135.80160522460903, 33.473201751709], [135.80320739746102, 33.473201751709], [135.80569458007804, 33.47553253173833], [135.81089782714804, 33.48106765747067], [135.81269836425804, 33.47940063476564], [135.81390380859403, 33.4768676757813], [135.82049560546903, 33.476001739501996], [135.82800292968804, 33.477401733398366], [135.83680725097693, 33.476398468017635], [135.83659362792997, 33.474334716796875], [135.83990478515597, 33.47493362426761], [135.84150695800804, 33.474800109863274], [135.84379577636696, 33.47506713867194], [135.84640502929696, 33.472866058349574], [135.84719848632798, 33.472267150878935], [135.84770202636696, 33.47153472900388], [135.85040283203097, 33.47166824340821], [135.85310363769497, 33.471599578857365], [135.85679626464798, 33.47073364257806], [135.85800170898398, 33.471199035644545], [135.86090087890597, 33.472534179687514], [135.86250305175795, 33.47246551513667], [135.858200073242, 33.46806716918948], [135.85440063476597, 33.466865539550845], [135.85420227050804, 33.463665008544936], [135.85340881347696, 33.46013259887696], [135.852096557617, 33.46093368530269], [135.84980773925804, 33.461532592773416], [135.84800720214798, 33.45986557006839], [135.84690856933597, 33.45959854125981], [135.84419250488295, 33.45866775512702], [135.84080505371097, 33.45980072021481], [135.83959960937497, 33.45953369140632], [135.83930969238304, 33.45380020141599], [135.83869934081997, 33.45446777343747], [135.83830261230503, 33.455200195312536], [135.83590698242196, 33.452598571777266], [135.82949829101594, 33.456268310546925], [135.82940673828097, 33.45433425903323], [135.83099365234403, 33.45253372192378], [135.83180236816403, 33.44906616210938]]], [[[135.81700134277304, 33.44586563110347], [135.81390380859403, 33.447532653808594], [135.81330871582003, 33.44833374023441], [135.81300354003903, 33.45080184936517], [135.81330871582003, 33.45080184936517], [135.81800842285202, 33.45240020751953], [135.81950378418003, 33.452335357666044], [135.81869506835898, 33.44860076904298], [135.81700134277304, 33.44586563110347]]]]}}, {"type": "Feature", "properties": {"name": "愛知県"}, "geometry": {"type": "MultiPolygon", "coordinates": [[[[136.960906982422, 35.414531707763715], [136.962997436523, 35.41986465454096], [136.971405029297, 35.422199249267564], [136.97770690918, 35.42246627807623], [136.99110412597702, 35.424667358398416], [136.99299621582003, 35.424266815185504], [136.986099243164, 35.41986465454096], [136.985107421875, 35.416999816894474], [136.985702514648, 35.414867401122955], [136.97799682617202, 35.404132843017614], [136.981399536133, 35.40146636962886], [136.988708496094, 35.401000976562464], [136.99130249023403, 35.39326477050776], [136.99600219726602, 35.3920669555664], [136.99679565429702, 35.390933990478516], [136.99870300293, 35.390464782714766], [137.000198364258, 35.38439941406254], [137.003601074219, 35.38113403320306], [137.01499938964804, 35.38126754760739], [137.017700195313, 35.37659835815427], [137.02619934081994, 35.37519836425781], [137.02810668945304, 35.375598907470724], [137.029907226563, 35.37073135375978], [137.03559875488304, 35.367866516113295], [137.04539489746097, 35.366867065429744], [137.04739379882795, 35.365001678466804], [137.04899597167994, 35.35799789428708], [137.04589843749997, 35.3512001037598], [137.04620361328097, 35.339664459228466], [137.04719543456997, 35.3365325927734], [137.05000305175804, 35.33466720581046], [137.05459594726597, 35.3365325927734], [137.06030273437497, 35.33886718750001], [137.06340026855497, 35.33706665039064], [137.06349182128898, 35.3365325927734], [137.06809997558597, 35.33513259887703], [137.07220458984395, 35.32566833496091], [137.06300354003898, 35.318531036377024], [137.06640624999997, 35.31000137329096], [137.06759643554696, 35.308532714843835], [137.07640075683597, 35.30619812011723], [137.079895019531, 35.30646514892581], [137.08070373535196, 35.30400085449223], [137.08030700683597, 35.29513168334956], [137.08169555664097, 35.29213333129883], [137.092498779297, 35.29240036010741], [137.095993041992, 35.29073333740229], [137.098495483398, 35.293800354003864], [137.098693847656, 35.29779815673832], [137.10220336914097, 35.30160140991214], [137.11590576171898, 35.29773330688483], [137.11979675293, 35.29673385620119], [137.121795654297, 35.295932769775376], [137.129592895508, 35.29346466064453], [137.131500244141, 35.293533325195284], [137.145294189453, 35.279865264892614], [137.150405883789, 35.28113174438482], [137.153991699219, 35.27980041503913], [137.16070556640602, 35.28260040283204], [137.16520690918, 35.28253173828128], [137.17129516601602, 35.27506637573243], [137.17350769043, 35.27339935302731], [137.17610168457003, 35.27033233642582], [137.17630004882804, 35.267734527587905], [137.17309570312503, 35.264732360839815], [137.17529296875003, 35.26373291015627], [137.17779541015602, 35.25906753540042], [137.18359375000003, 35.254600524902294], [137.18580627441403, 35.25320053100593], [137.18980407714804, 35.25279998779302], [137.19000244140602, 35.25320053100593], [137.19410705566403, 35.25353240966799], [137.19709777831994, 35.25320053100593], [137.20069885253903, 35.251934051513715], [137.20239257812494, 35.25320053100593], [137.20370483398403, 35.255199432373026], [137.20619201660196, 35.25320053100593], [137.20709228515597, 35.25320053100593], [137.20959472656304, 35.25833129882809], [137.21339416503895, 35.259868621826236], [137.21980285644497, 35.25960159301757], [137.22109985351594, 35.259464263915966], [137.22239685058597, 35.25573348999018], [137.22830200195304, 35.25973129272463], [137.23249816894497, 35.26086807250978], [137.23710632324196, 35.26526641845697], [137.24209594726597, 35.26466751098633], [137.24459838867196, 35.268932342529276], [137.24679565429696, 35.26826477050779], [137.25140380859398, 35.26973342895509], [137.25450134277298, 35.27266693115234], [137.257293701172, 35.27266693115234], [137.258590698242, 35.27473449707028], [137.26069641113298, 35.275268554687514], [137.26019287109398, 35.2800674438477], [137.26260375976597, 35.28513336181637], [137.27000427246097, 35.28639984130859], [137.274002075195, 35.287933349609375], [137.275604248047, 35.29053115844729], [137.27920532226597, 35.28820037841804], [137.283004760742, 35.28820037841804], [137.29389953613298, 35.289268493652344], [137.29670715332, 35.2893981933594], [137.30110168457, 35.289600372314496], [137.304595947266, 35.289997100830135], [137.307800292969, 35.291065216064524], [137.31120300293, 35.28773117065428], [137.32429504394503, 35.281734466552734], [137.327102661133, 35.280601501464766], [137.33129882812503, 35.277534484863274], [137.33219909668, 35.27713394165037], [137.334899902344, 35.27613449096682], [137.33779907226602, 35.275131225585916], [137.338806152344, 35.27560043334958], [137.34519958496102, 35.27259826660158], [137.345397949219, 35.26939773559567], [137.340103149414, 35.263999938964844], [137.342407226563, 35.26113128662109], [137.345001220703, 35.261398315429666], [137.34429931640602, 35.2578010559082], [137.35159301757804, 35.25786590576169], [137.36419677734403, 35.26079940795903], [137.36909484863304, 35.26093292236327], [137.37179565429696, 35.26306533813479], [137.37840270996102, 35.25859832763666], [137.38319396972696, 35.26013183593754], [137.38589477539094, 35.25320053100593], [137.38380432128903, 35.248001098632834], [137.38290405273403, 35.246734619140625], [137.38510131835895, 35.24380111694338], [137.38920593261696, 35.24000167846683], [137.39779663085898, 35.240932464599624], [137.40069580078097, 35.24160003662111], [137.40440368652298, 35.238265991210866], [137.40739440917997, 35.23680114746092], [137.40890502929696, 35.2349319458008], [137.41699218749997, 35.24020004272456], [137.42700195312497, 35.22553253173834], [137.42970275878898, 35.222801208496094], [137.436492919922, 35.22579956054692], [137.43910217285196, 35.229999542236285], [137.440994262695, 35.23059844970701], [137.442199707031, 35.23373413085943], [137.45030212402298, 35.23513412475589], [137.454193115234, 35.24053192138671], [137.460098266602, 35.24000167846683], [137.462493896484, 35.24179840087893], [137.466598510742, 35.24653244018553], [137.46989440918, 35.24586486816414], [137.475997924805, 35.25320053100593], [137.483291625977, 35.25553131103518], [137.483505249023, 35.25693130493163], [137.493194580078, 35.25920104980466], [137.49679565429702, 35.25920104980466], [137.49679565429702, 35.261867523193416], [137.49679565429702, 35.26419830322266], [137.505401611328, 35.26340103149412], [137.507202148438, 35.26653289794918], [137.51350402832003, 35.27026748657233], [137.51449584960903, 35.27353286743164], [137.518005371094, 35.27473449707028], [137.52069091796903, 35.273933410644545], [137.51959228515602, 35.28313446044919], [137.526000976563, 35.284332275390554], [137.529907226563, 35.28306579589843], [137.53399658203094, 35.28146743774407], [137.53970336914102, 35.2816009521484], [137.544799804688, 35.28120040893549], [137.54949951171903, 35.28313446044919], [137.55329895019497, 35.283931732177734], [137.56149291992196, 35.28386688232416], [137.56179809570304, 35.289268493652344], [137.56730651855503, 35.289600372314496], [137.57020568847693, 35.282131195068374], [137.56509399414097, 35.27980041503913], [137.5625, 35.27766799926761], [137.55560302734403, 35.27360153198239], [137.55699157714798, 35.26419830322266], [137.55099487304696, 35.26006698608396], [137.54750061035202, 35.25866699218751], [137.54589843750003, 35.25320053100593], [137.55279541015597, 35.24006652832032], [137.56469726562497, 35.233131408691435], [137.57049560546903, 35.227134704589794], [137.57679748535196, 35.220333099365156], [137.57800292968804, 35.21799850463873], [137.57749938964798, 35.21053314208979], [137.57739257812497, 35.19933319091796], [137.57850646972696, 35.198398590087905], [137.58839416503898, 35.19953155517578], [137.59500122070298, 35.20093154907233], [137.605194091797, 35.20679855346682], [137.613494873047, 35.209598541259815], [137.616195678711, 35.20993423461906], [137.61979675292997, 35.2107315063477], [137.621795654297, 35.210800170898366], [137.633697509766, 35.21186447143549], [137.64399719238298, 35.20899963378909], [137.64489746093798, 35.214000701904276], [137.649398803711, 35.215667724609396], [137.653396606445, 35.21746826171876], [137.653503417969, 35.22406768798831], [137.65599060058602, 35.22806549072268], [137.663604736328, 35.2277984619141], [137.66859436035202, 35.22760009765628], [137.67469787597702, 35.23086547851559], [137.679397583008, 35.23193359374998], [137.68220520019503, 35.23473358154298], [137.68699645996102, 35.23073196411134], [137.69400024414102, 35.2336006164551], [137.699905395508, 35.231666564941406], [137.70559692382804, 35.2336006164551], [137.70759582519503, 35.2321319580078], [137.71229553222702, 35.2288665771484], [137.71780395507804, 35.229267120361314], [137.72169494628903, 35.23073196411134], [137.72169494628903, 35.22259902954101], [137.72929382324196, 35.221534729003885], [137.73620605468804, 35.22200012207028], [137.74079895019497, 35.22013473510743], [137.74530029296903, 35.219264984130945], [137.74679565429696, 35.22046661376949], [137.74929809570295, 35.219398498535185], [137.75129699706997, 35.220531463622976], [137.75970458984403, 35.221466064453125], [137.76780700683597, 35.21799850463873], [137.76820373535196, 35.21260070800782], [137.76620483398398, 35.209598541259815], [137.76979064941398, 35.20600128173827], [137.77409362792997, 35.204067230224574], [137.77699279785196, 35.20339965820309], [137.77969360351597, 35.20320129394527], [137.78480529785196, 35.205734252929695], [137.789596557617, 35.2046661376953], [137.79600524902298, 35.20479965209963], [137.80220031738298, 35.207401275634815], [137.822906494141, 35.21580123901373], [137.837997436523, 35.21246719360349], [137.831695556641, 35.21106719970703], [137.82780456543, 35.21139907836909], [137.82809448242202, 35.207931518554695], [137.830703735352, 35.20493316650388], [137.82199096679702, 35.20393371582033], [137.819000244141, 35.195667266845746], [137.814300537109, 35.186466217041016], [137.811798095703, 35.186466217041016], [137.80740356445298, 35.18773269653323], [137.802993774414, 35.18320083618162], [137.808395385742, 35.176334381103494], [137.81379699707, 35.174133300781314], [137.818206787109, 35.174465179443374], [137.823196411133, 35.16986846923828], [137.825698852539, 35.16613388061522], [137.821105957031, 35.15833282470703], [137.828491210938, 35.153732299804666], [137.826507568359, 35.15046691894527], [137.821304321289, 35.14806747436518], [137.814498901367, 35.15246582031254], [137.812103271484, 35.14400100708014], [137.814392089844, 35.14020156860351], [137.809799194336, 35.137199401855504], [137.804092407227, 35.130599975585866], [137.79949951171898, 35.13193130493157], [137.796493530273, 35.13646697998053], [137.79249572753898, 35.13439941406251], [137.79310607910196, 35.1277313232422], [137.79870605468798, 35.12540054321286], [137.799697875977, 35.112331390380916], [137.80020141601597, 35.10533142089837], [137.79460144042997, 35.102199554443395], [137.79190063476597, 35.0952682495117], [137.79040527343795, 35.09519958496094], [137.779602050781, 35.09799957275394], [137.77819824218795, 35.09953308105473], [137.773498535156, 35.08959960937503], [137.77380371093804, 35.08653259277336], [137.77459716796898, 35.0771331787109], [137.76759338378898, 35.07226562499996], [137.764694213867, 35.07239913940429], [137.76019287109398, 35.06833267211908], [137.75849914550804, 35.06826782226559], [137.75650024414097, 35.06586456298832], [137.74679565429696, 35.06039810180656], [137.73649597168003, 35.052532196044886], [137.73269653320304, 35.04646682739258], [137.727905273438, 35.039932250976605], [137.72279357910193, 35.038665771484396], [137.72050476074196, 35.03593444824224], [137.71820068359403, 35.03593444824224], [137.71719360351602, 35.03499984741209], [137.71449279785202, 35.0254669189453], [137.71060180664102, 35.022132873535234], [137.70469665527304, 35.01466751098629], [137.70089721679702, 35.00320053100589], [137.702224731445, 35], [137.70339965820304, 34.997131347656314], [137.70730590820304, 34.995201110839794], [137.70420837402304, 34.99046707153319], [137.70030212402304, 34.983665466308636], [137.70710754394503, 34.972267150878906], [137.70410156250003, 34.9699325561523], [137.69610595703102, 34.9714012145996], [137.69050598144503, 34.96260070800778], [137.68829345703102, 34.956268310546896], [137.684005737305, 34.954730987548835], [137.682800292969, 34.95486831665044], [137.678604125977, 34.94873428344729], [137.675201416016, 34.94540023803713], [137.66899108886702, 34.948200225830135], [137.661392211914, 34.94566726684571], [137.65629577636702, 34.93906784057616], [137.650802612305, 34.93180084228521], [137.652099609375, 34.924934387207], [137.648895263672, 34.91986465454097], [137.64660644531298, 34.91619873046884], [137.646499633789, 34.909599304199205], [137.644500732422, 34.907798767089844], [137.642593383789, 34.9078674316406], [137.640396118164, 34.901134490966804], [137.641006469727, 34.89706802368159], [137.639801025391, 34.89213180541989], [137.634002685547, 34.8864669799805], [137.62420654296898, 34.881198883056555], [137.621795654297, 34.879867553710945], [137.616790771484, 34.87733459472661], [137.614395141602, 34.875], [137.610900878906, 34.875], [137.60899353027298, 34.875064849853494], [137.59709167480497, 34.872200012207], [137.59609985351597, 34.866600036621094], [137.59330749511696, 34.85713577270514], [137.58680725097696, 34.8499336242676], [137.57499694824196, 34.850734710693416], [137.57330322265597, 34.850734710693416], [137.56520080566403, 34.85213470458978], [137.55589294433597, 34.85166549682621], [137.55099487304696, 34.85166549682621], [137.54930114746102, 34.848800659179716], [137.54339599609403, 34.84333419799796], [137.53829956054702, 34.84180068969726], [137.53300476074202, 34.8441314697266], [137.52899169921903, 34.84253311157232], [137.52079772949202, 34.83846664428711], [137.518997192383, 34.83653259277341], [137.50199890136702, 34.83279800415044], [137.49870300293, 34.82673263549804], [137.50099182128903, 34.82239913940434], [137.49679565429702, 34.8205337524414], [137.493606567383, 34.81606674194337], [137.486801147461, 34.811401367187514], [137.492202758789, 34.804332733154304], [137.49339294433602, 34.79953384399412], [137.49200439453102, 34.79380035400387], [137.492797851563, 34.786731719970746], [137.48600769043, 34.78353500366211], [137.48100280761702, 34.780998229980504], [137.476806640625, 34.77353286743156], [137.478698730469, 34.77066802978516], [137.476806640625, 34.76300048828131], [137.476806640625, 34.75626754760743], [137.47480773925798, 34.75320053100594], [137.475601196289, 34.7470664978027], [137.479904174805, 34.74026870727542], [137.47839355468798, 34.734531402587905], [137.480804443359, 34.73006820678714], [137.482803344727, 34.719467163085866], [137.48809814453102, 34.71519851684574], [137.490997314453, 34.70013427734379], [137.487503051758, 34.686935424804695], [137.484405517578, 34.68286895751948], [137.48469543457003, 34.67720031738281], [137.483901977539, 34.673801422119084], [137.454803466797, 34.66986846923829], [137.437301635742, 34.66706848144529], [137.37179565429696, 34.65426635742192], [137.34109497070304, 34.64759826660161], [137.319198608398, 34.641933441162124], [137.25169372558597, 34.623664855956996], [137.24679565429696, 34.6221313476563], [137.22140502929696, 34.613399505615234], [137.21890258789102, 34.61439895629878], [137.18820190429702, 34.6061325073242], [137.14970397949202, 34.592132568359375], [137.144302368164, 34.59040069580077], [137.121795654297, 34.58733367919919], [137.12109375, 34.58726501464843], [137.112701416016, 34.588001251220675], [137.107803344727, 34.587932586669915], [137.09530639648398, 34.591133117675824], [137.07009887695298, 34.58653259277337], [137.03729248046903, 34.57833480834964], [137.03370666503903, 34.578399658203125], [137.03140258789102, 34.58073425292973], [137.01750183105503, 34.57826614379879], [137.01539611816403, 34.579532623291], [137.01800537109403, 34.5842666625977], [137.01939392089804, 34.58413314819337], [137.02059936523403, 34.58380126953131], [137.023803710938, 34.58653259277337], [137.02999877929696, 34.5989990234375], [137.05699157714798, 34.64906692504883], [137.06529235839798, 34.65800094604489], [137.07400512695298, 34.662265777587926], [137.07960510253898, 34.66220092773444], [137.089401245117, 34.65679931640634], [137.09019470214798, 34.653999328613345], [137.088195800781, 34.64966583251947], [137.08430480956997, 34.646598815917976], [137.08709716796898, 34.64706802368164], [137.091598510742, 34.64693450927731], [137.09609985351597, 34.64580154418952], [137.099090576172, 34.645866394043004], [137.106292724609, 34.64253234863276], [137.101898193359, 34.63946533203128], [137.102294921875, 34.63273239135739], [137.106903076172, 34.636466979980455], [137.11360168457, 34.63566589355473], [137.11560058593798, 34.6359329223633], [137.117095947266, 34.63579940795897], [137.118499755859, 34.634799957275426], [137.121795654297, 34.6359329223633], [137.134002685547, 34.63993453979494], [137.139999389648, 34.64519882202152], [137.137603759766, 34.649868011474645], [137.130905151367, 34.65166473388674], [137.128005981445, 34.653800964355526], [137.130905151367, 34.65593338012704], [137.144302368164, 34.65359878540043], [137.15599060058602, 34.65593338012704], [137.15690612793, 34.65446853637701], [137.17170715332003, 34.65766525268547], [137.18290710449202, 34.66559982299799], [137.18730163574193, 34.66986846923829], [137.18809509277304, 34.671333312988324], [137.18890380859403, 34.66986846923829], [137.19340515136693, 34.667934417724595], [137.19900512695304, 34.66986846923829], [137.20539855956997, 34.67720031738281], [137.21110534668003, 34.67860031127927], [137.22129821777298, 34.67560195922854], [137.22399902343804, 34.67586898803711], [137.23179626464798, 34.682201385498], [137.23049926757795, 34.68320083618163], [137.23399353027298, 34.68813323974606], [137.23539733886696, 34.687332153320334], [137.23608398437497, 34.68777465820311], [137.24368286132798, 34.68887329101557], [137.24362182617196, 34.69020080566409], [137.24229431152298, 34.690319061279254], [137.23977661132798, 34.69054794311523], [137.23788452148398, 34.693000793457], [137.24206542968798, 34.69526290893549], [137.24432373046903, 34.69243240356452], [137.24830627441398, 34.694664001464766], [137.24836730957, 34.69516754150394], [137.24620056152298, 34.69646072387704], [137.24511718749994, 34.698017120361264], [137.244979858398, 34.70117950439448], [137.242462158203, 34.70439529418947], [137.24559020996097, 34.706104278564545], [137.25210571289097, 34.704990386962926], [137.256271362305, 34.69852066040044], [137.25846862793, 34.69620513916018], [137.26081848144497, 34.69575500488277], [137.26231384277298, 34.696781158447294], [137.261840820313, 34.69873046874998], [137.26679992675798, 34.708465576171946], [137.26159667968798, 34.715801239013736], [137.28469848632798, 34.7308654785156], [137.300796508789, 34.72779846191411], [137.300796508789, 34.693733215331974], [137.29040527343798, 34.693733215331974], [137.290496826172, 34.69260025024409], [137.28680419921898, 34.68460083007809], [137.284591674805, 34.67886734008793], [137.28630065917997, 34.678936004638686], [137.293197631836, 34.681266784668026], [137.294097900391, 34.683666229248026], [137.305404663086, 34.68080139160163], [137.306900024414, 34.678401947021534], [137.310501098633, 34.682201385498], [137.31559753418, 34.68833160400388], [137.30839538574202, 34.6919326782227], [137.31140136718798, 34.69620132446291], [137.321197509766, 34.694198608398366], [137.32499694824202, 34.70220184326173], [137.31599426269503, 34.70213317871089], [137.315902709961, 34.69966888427731], [137.311599731445, 34.69940185546882], [137.311706542969, 34.700668334960945], [137.309600830078, 34.700599670410185], [137.308197021484, 34.72480010986329], [137.310195922852, 34.72480010986329], [137.317398071289, 34.724533081054716], [137.33009338378903, 34.724533081054716], [137.329498291016, 34.72113418579099], [137.331207275391, 34.72106552124023], [137.331207275391, 34.71900177001947], [137.332702636719, 34.71886825561523], [137.332794189453, 34.72106552124023], [137.341995239258, 34.720134735107436], [137.34440612793, 34.72340011596683], [137.351501464844, 34.72740173339838], [137.34719848632804, 34.73186492919923], [137.33859252929702, 34.728332519531264], [137.32859802246102, 34.730201721191385], [137.328796386719, 34.73106765747069], [137.32029724121102, 34.73260116577148], [137.320495605469, 34.75320053100594], [137.32089233398403, 34.77093505859383], [137.324600219727, 34.77086639404298], [137.330505371094, 34.78060150146477], [137.327102661133, 34.78546524047854], [137.324203491211, 34.7900657653809], [137.321395874023, 34.79186630249018], [137.31120300293, 34.80366516113282], [137.30419921875, 34.807998657226605], [137.29789733886702, 34.810466766357365], [137.29492187499997, 34.81101226806641], [137.295013427734, 34.810073852539084], [137.294998168945, 34.80932998657231], [137.29421997070298, 34.805488586425795], [137.29356384277304, 34.80479049682616], [137.29280090332, 34.80448913574216], [137.29203796386696, 34.804607391357415], [137.291320800781, 34.80498123168953], [137.28602600097696, 34.805805206298785], [137.28492736816398, 34.80587387084963], [137.28388977050798, 34.80586624145509], [137.28256225585903, 34.805538177490206], [137.28123474121097, 34.8048477172852], [137.280288696289, 34.8050231933594], [137.27976989746102, 34.80572128295904], [137.27944946289102, 34.80764007568357], [137.280899047852, 34.80863189697267], [137.28091430664097, 34.810020446777315], [137.27854919433602, 34.8102111816406], [137.27757263183602, 34.810161590576186], [137.275573730469, 34.80983352661131], [137.27491760253898, 34.80870819091796], [137.273880004883, 34.80655670166019], [137.270767211914, 34.80456542968754], [137.26919555664097, 34.804599761962876], [137.26770019531298, 34.80426788330082], [137.26269531249997, 34.80593490600594], [137.25770568847696, 34.80473327636721], [137.25329589843795, 34.8056640625], [137.25090026855497, 34.805534362793026], [137.24909973144497, 34.810333251953125], [137.24749755859398, 34.81246566772464], [137.24679565429696, 34.812599182128885], [137.24679565429696, 34.81280136108397], [137.24679565429696, 34.813667297363274], [137.24290466308597, 34.81493377685549], [137.24270629882795, 34.8134002685547], [137.23080444335898, 34.81566619873046], [137.23159790039097, 34.81806564331046], [137.22760009765597, 34.818798065185526], [137.22560119628895, 34.817665100097734], [137.22450256347696, 34.81919860839843], [137.21609497070304, 34.82293319702149], [137.22259521484403, 34.8166656494141], [137.22079467773398, 34.81506729125982], [137.21629333496097, 34.81726455688482], [137.21449279785196, 34.815998077392614], [137.21890258789102, 34.8125343322754], [137.20979309081997, 34.802799224853516], [137.19879150390597, 34.81073379516603], [137.19569396972702, 34.808666229248004], [137.19439697265597, 34.80926513671882], [137.19479370117196, 34.80773544311521], [137.18890380859403, 34.79700088500978], [137.18679809570304, 34.79213333129884], [137.18969726562503, 34.79333496093748], [137.19009399414102, 34.79066848754881], [137.18710327148403, 34.78953170776366], [137.18789672851602, 34.78633499145511], [137.18789672851602, 34.78153228759774], [137.18820190429702, 34.780799865722685], [137.18960571289102, 34.77619934082032], [137.17919921875003, 34.76713562011719], [137.17509460449193, 34.76559829711913], [137.17050170898403, 34.765201568603494], [137.16789245605503, 34.767665863037074], [137.17019653320304, 34.77033233642583], [137.17289733886702, 34.77033233642583], [137.174194335938, 34.77239990234377], [137.174499511719, 34.774734497070284], [137.17700195312503, 34.77799987792968], [137.17630004882804, 34.779800415039134], [137.177200317383, 34.78060150146477], [137.17509460449193, 34.780799865722685], [137.17550659179702, 34.78386688232417], [137.16819763183602, 34.78760147094732], [137.16810607910202, 34.78546524047854], [137.164703369141, 34.78546524047854], [137.16119384765602, 34.78613281250002], [137.16220092773403, 34.785133361816385], [137.15939331054702, 34.784133911132834], [137.154800415039, 34.78233337402338], [137.15060424804702, 34.78226470947271], [137.14630126953102, 34.78753280639648], [137.143493652344, 34.78779983520514], [137.141204833984, 34.78800201416023], [137.139801025391, 34.78886795043953], [137.135696411133, 34.78886795043953], [137.133804321289, 34.78693389892584], [137.132797241211, 34.78233337402338], [137.125091552734, 34.78279876708978], [137.121795654297, 34.786731719970746], [137.115997314453, 34.78946685791017], [137.117294311523, 34.79000091552732], [137.10549926757798, 34.791133880615206], [137.10710144042997, 34.78779983520514], [137.10339355468798, 34.78693389892584], [137.103591918945, 34.78553390502929], [137.098495483398, 34.78373336791993], [137.089492797852, 34.777133941650376], [137.08729553222696, 34.775466918945256], [137.08369445800798, 34.78186798095699], [137.07609558105497, 34.786533355712926], [137.06910705566398, 34.786602020263686], [137.06260681152298, 34.783466339111264], [137.05000305175804, 34.77973556518547], [137.04949951171903, 34.779598236083956], [137.04849243164097, 34.77746582031253], [137.04240417480503, 34.77586746215817], [137.03169250488304, 34.77793502807619], [137.02729797363304, 34.777332305908196], [137.019897460938, 34.78426742553708], [137.014602661133, 34.78746795654299], [137.01570129394503, 34.78800201416023], [137.01899719238304, 34.78966522216799], [137.01609802246102, 34.78966522216799], [137.01449584960903, 34.79426574707027], [137.01210021972702, 34.79606628417972], [137.00120544433602, 34.80313491821293], [136.99780273437503, 34.81313323974612], [137.00039672851602, 34.81313323974612], [136.99679565429702, 34.816131591796946], [136.99151611328102, 34.8160133361816], [136.99058532714804, 34.81592941284177], [136.981918334961, 34.81788253784181], [136.976104736328, 34.81921005249024], [136.97074890136696, 34.82067871093754], [136.96784973144497, 34.82154083251949], [136.96423339843804, 34.82262039184569], [136.962585449219, 34.824935913085945], [136.96148681640602, 34.82648849487299], [136.96005249023398, 34.82852554321287], [136.958602905273, 34.82809829711908], [136.95721435546898, 34.827362060546925], [136.950881958008, 34.82335662841802], [136.94982910156304, 34.824703216552706], [136.948501586914, 34.826416015624964], [136.952087402344, 34.82869338989262], [136.95346069335903, 34.8295516967773], [136.95358276367202, 34.829620361328054], [136.9541015625, 34.82954788208012], [136.95414733886696, 34.82945251464839], [136.953979492188, 34.82930755615234], [136.95344543456997, 34.82895660400393], [136.95304870605503, 34.82874298095703], [136.952789306641, 34.828586578369084], [136.952713012695, 34.828453063964844], [136.95277404785202, 34.828350067138665], [136.95422363281295, 34.8263244628906], [136.954315185547, 34.82625961303711], [136.95442199707, 34.82621765136724], [136.95454406738304, 34.82621765136724], [136.95706176757804, 34.827545166015575], [136.95854187011696, 34.828292846679716], [136.95991516113298, 34.828701019287074], [136.959899902344, 34.830066680908196], [136.959503173828, 34.830593109130895], [136.959030151367, 34.83082962036132], [136.95857238769503, 34.83089065551763], [136.958404541016, 34.83081054687497], [136.95658874511702, 34.833362579345746], [136.95628356933602, 34.83540725708007], [136.95613098144497, 34.83644104003913], [136.95646667480503, 34.83660125732417], [136.95672607421898, 34.83812332153324], [136.95594787597696, 34.839282989502], [136.95346069335903, 34.84286499023438], [136.95246887207003, 34.8488655090332], [136.95274353027298, 34.848850250244126], [136.95381164550798, 34.84302520751951], [136.955001831055, 34.84302520751951], [136.95445251464804, 34.84614944458013], [136.953796386719, 34.84826660156248], [136.95510864257798, 34.85013198852542], [136.955001831055, 34.85480117797854], [136.965301513672, 34.86693572998051], [136.968200683594, 34.871665954589766], [136.96659851074202, 34.872333526611335], [136.967803955078, 34.87493133544916], [136.974502563477, 34.87286758422849], [136.97474670410196, 34.872825622558615], [136.97604370117196, 34.87509918212891], [136.97590637207, 34.87526702880858], [136.970596313477, 34.87706756591803], [136.976501464844, 34.893268585205135], [136.983596801758, 34.893268585205135], [136.982803344727, 34.89699935913092], [136.97966003418003, 34.896965026855504], [136.97956848144497, 34.89457321166986], [136.97732543945298, 34.89463806152344], [136.97709655761702, 34.89693450927726], [136.97729492187503, 34.907333374023445], [136.97900390625, 34.91986846923833], [136.978302001953, 34.92480087280267], [136.980102539063, 34.924732208252], [136.98199462890602, 34.92940139770512], [136.979202270508, 34.93353271484382], [136.984893798828, 34.949268341064524], [136.98539733886702, 34.95639801025387], [136.98370361328102, 34.95600128173832], [136.982604980469, 34.95919799804687], [136.980804443359, 34.95926666259771], [136.97790527343798, 34.944400787353494], [136.975006103516, 34.944599151611314], [136.975601196289, 34.9437980651855], [136.975006103516, 34.93206787109379], [136.973297119141, 34.91986846923833], [136.97325134277298, 34.917743682861264], [136.97218322753903, 34.917133331298814], [136.96893310546898, 34.91432571411128], [136.97212219238298, 34.9121627807617], [136.97264099121097, 34.9117736816406], [136.97178649902304, 34.908508300781286], [136.97093200683597, 34.90781021118156], [136.96926879882804, 34.90145492553706], [136.968994140625, 34.90140151977538], [136.957000732422, 34.881065368652315], [136.963897705078, 34.876533508300795], [136.962493896484, 34.87406539916994], [136.95959472656298, 34.87526702880858], [136.95849609375, 34.87099838256837], [136.956497192383, 34.87186813354494], [136.957504272461, 34.876068115234396], [136.94389343261702, 34.88073348999016], [136.939697265625, 34.87713241577152], [136.936294555664, 34.878067016601584], [136.934097290039, 34.874599456787095], [136.93640136718798, 34.87373352050779], [136.94059753418, 34.87620162963873], [136.94580078125, 34.87406539916994], [136.945602416992, 34.86933135986334], [136.94059753418, 34.86266708374021], [136.939498901367, 34.86126708984384], [136.92790222167997, 34.8655319213867], [136.927795410156, 34.85853195190433], [136.92874145507804, 34.858325958251974], [136.929870605469, 34.85905075073241], [136.93542480468804, 34.85725021362304], [136.93663024902298, 34.85621643066407], [136.936676025391, 34.85426330566412], [136.93572998046903, 34.85426330566412], [136.934906005859, 34.85366821289057], [136.93486022949202, 34.848514556884794], [136.93460083007798, 34.848468780517564], [136.929504394531, 34.848468780517564], [136.92930603027298, 34.85226821899411], [136.926803588867, 34.852199554443445], [136.928298950195, 34.84600067138672], [136.93000793457, 34.846065521240206], [136.92919921875, 34.83653259277341], [136.929504394531, 34.82973098754877], [136.923400878906, 34.829467773437464], [136.92329406738298, 34.83186721801756], [136.921600341797, 34.82833480834959], [136.92669677734398, 34.82746505737301], [136.92500305175798, 34.814067840576186], [136.91990661621097, 34.81319808959961], [136.921493530273, 34.805732727050845], [136.91920471191398, 34.798667907714815], [136.92080688476597, 34.796001434326236], [136.91810607910196, 34.788265228271534], [136.91430664062497, 34.77093505859383], [136.91889953613298, 34.7660675048828], [136.926803588867, 34.7641334533691], [136.927093505859, 34.75773239135737], [136.935592651367, 34.75320053100594], [136.936004638672, 34.751068115234425], [136.942001342773, 34.74733352661127], [136.94250488281298, 34.74720001220703], [136.947906494141, 34.7407989501953], [136.953796386719, 34.737934112548814], [136.963104248047, 34.7346687316895], [136.96929931640602, 34.72546768188477], [136.96809387207003, 34.72359848022457], [136.963394165039, 34.72280120849611], [136.96440124511702, 34.71986770629877], [136.962707519531, 34.720535278320256], [136.963302612305, 34.71766662597659], [136.96760559082, 34.7189331054688], [136.96940612793, 34.717334747314524], [136.97189331054702, 34.717334747314524], [136.97189331054702, 34.71500015258792], [136.96929931640602, 34.71293258666989], [136.96749877929702, 34.70946884155268], [136.96960449218798, 34.71013259887698], [136.972900390625, 34.704799652099645], [136.97489929199202, 34.70513534545898], [136.975997924805, 34.70593261718752], [136.976104736328, 34.70166778564449], [136.973907470703, 34.70273208618161], [136.973495483398, 34.699333190917976], [136.970092773438, 34.698932647705064], [136.972305297852, 34.6977348327637], [136.97200012207003, 34.695598602294915], [136.96589660644503, 34.70040130615228], [136.96539306640602, 34.700866699218764], [136.95930480957, 34.70073318481452], [136.948699951172, 34.6999320983887], [136.947006225586, 34.701732635497976], [136.94470214843798, 34.700599670410185], [136.93960571289097, 34.70280075073237], [136.941192626953, 34.704734802246065], [136.93859863281298, 34.70606613159177], [136.937591552734, 34.705200195312464], [136.93580627441398, 34.707801818847734], [136.932998657227, 34.706867218017585], [136.93229675292997, 34.70513534545898], [136.934097290039, 34.704734802246065], [136.933807373047, 34.702468872070305], [136.92970275878898, 34.702865600585945], [136.93020629882798, 34.70439910888673], [136.927795410156, 34.705867767334034], [136.92239379882798, 34.706668853759766], [136.922897338867, 34.7076683044434], [136.91810607910196, 34.708934783935526], [136.91700744628898, 34.709999084472734], [136.91110229492196, 34.7133331298828], [136.90209960937497, 34.716598510742195], [136.89999389648398, 34.71866607666023], [136.89059448242196, 34.7204666137695], [136.88529968261696, 34.72299957275393], [136.87179565429696, 34.731468200683594], [136.86900329589804, 34.7351341247559], [136.86239624023398, 34.73826599121087], [136.85870361328097, 34.742065429687514], [136.85139465331997, 34.74853134155273], [136.84809875488304, 34.75320053100594], [136.84579467773403, 34.755798339843764], [136.84149169921903, 34.76293182373046], [136.83979797363304, 34.763866424560526], [136.84230041503903, 34.765132904052734], [136.85820007324196, 34.802600860595696], [136.86149597168003, 34.813999176025426], [136.86230468750003, 34.81586837768546], [136.86630249023395, 34.83653259277341], [136.86329650878903, 34.84646606445311], [136.85809326171903, 34.852931976318416], [136.85710144043003, 34.86240005493163], [136.85009765625003, 34.868999481201186], [136.83700561523403, 34.87586593627931], [136.83810424804702, 34.87766647338867], [136.84010314941403, 34.8769340515137], [136.84080505371102, 34.87866592407231], [136.83900451660202, 34.878532409667976], [136.83999633789102, 34.88000106811519], [136.83770751953102, 34.884265899658224], [136.83560180664102, 34.88140106201173], [136.83489990234403, 34.881359100341776], [136.83529663085903, 34.87871170043954], [136.832397460938, 34.87439727783201], [136.82931518554702, 34.8763313293457], [136.826812744141, 34.87508010864257], [136.825531005859, 34.876567840576215], [136.824096679688, 34.8786811828613], [136.82308959960903, 34.88005065917969], [136.82154846191398, 34.882637023925795], [136.82107543945304, 34.883708953857365], [136.821334838867, 34.884094238281286], [136.82164001464798, 34.88475036621087], [136.821212768555, 34.888381958007756], [136.82177734375003, 34.888587951660206], [136.821746826172, 34.88915634155269], [136.822616577148, 34.89013671874998], [136.823425292969, 34.890968322753864], [136.82446289062497, 34.89177322387704], [136.82534790039097, 34.892517089843814], [136.82650756835903, 34.89319992065429], [136.82249450683602, 34.90259933471684], [136.82249450683602, 34.90273284912108], [136.82429504394503, 34.90499877929693], [136.823196411133, 34.905067443847685], [136.82240295410202, 34.90513229370117], [136.82330322265602, 34.91986846923833], [136.82310485839804, 34.932933807373004], [136.82499694824202, 34.93939971923831], [136.82829284668003, 34.96073532104493], [136.82829284668003, 34.96106719970699], [136.82020568847702, 34.9662017822266], [136.83079528808602, 34.97866821289063], [136.83590698242202, 34.97633361816412], [136.83830261230503, 34.979999542236335], [136.83360290527304, 34.98220062255861], [136.84109497070304, 34.99033355712894], [136.84039306640597, 34.99093246459958], [136.84599304199196, 34.999000549316435], [136.85119628906304, 34.99833297729486], [136.852233886719, 35], [136.85420227050804, 35.00320053100589], [136.84429931640594, 35.00453186035159], [136.84559631347702, 35.00786590576174], [136.84689331054696, 35.00780105590817], [136.84890747070304, 35.01039886474608], [136.86439514160196, 35.008998870849624], [136.86470031738304, 35.00626754760738], [136.86599731445304, 35.00526809692383], [136.86959838867196, 35.00826644897456], [136.87049865722696, 35.012268066406286], [136.85540771484403, 35.01473236083978], [136.85180664062503, 35.01620101928708], [136.86889648437497, 35.04166793823239], [136.87030029296903, 35.04626846313476], [136.87030029296903, 35.049800872802734], [136.86549377441395, 35.04999923706046], [136.86970520019497, 35.0624008178711], [136.86759948730503, 35.06319808959956], [136.87179565429696, 35.07033538818362], [136.87350463867196, 35.07186508178714], [136.88119506835898, 35.07159805297847], [136.88209533691398, 35.07006835937504], [136.88340759277295, 35.07053375244144], [136.88479614257798, 35.07053375244144], [136.88499450683597, 35.07453155517581], [136.88679504394497, 35.07446670532232], [136.88659667968804, 35.07040023803711], [136.88940429687497, 35.07033538818362], [136.88980102539097, 35.0764656066895], [136.895797729492, 35.07640075683593], [136.89590454101597, 35.07733154296881], [136.89010620117196, 35.07766723632814], [136.89010620117196, 35.08240127563484], [136.89160156249997, 35.08406829833978], [136.89630126953097, 35.084133148193445], [136.88989257812497, 35.08653259277336], [136.89190673828097, 35.09166717529297], [136.88819885253898, 35.09400177001948], [136.88470458984403, 35.08866500854488], [136.88029479980497, 35.08919906616212], [136.88070678710898, 35.09140014648439], [136.87910461425804, 35.09159851074221], [136.87869262695298, 35.08940124511721], [136.87519836425804, 35.09033203125], [136.87310791015597, 35.08833312988281], [136.87280273437494, 35.088466644287145], [136.87179565429696, 35.089065551757784], [136.86869812011696, 35.09280014038094], [136.86720275878903, 35.092998504638665], [136.86860656738304, 35.08953475952154], [136.86749267578097, 35.08653259277336], [136.86689758300804, 35.08559799194339], [136.86830139160193, 35.082866668701236], [136.86549377441395, 35.07546615600587], [136.86389160156304, 35.078735351562536], [136.86100769043003, 35.07533264160163], [136.86259460449196, 35.07260131835938], [136.86230468750003, 35.069866180419865], [136.86070251464804, 35.071533203124986], [136.85659790039102, 35.07239913940429], [136.85540771484403, 35.075531005859446], [136.85400390625003, 35.07006835937504], [136.85519409179696, 35.069866180419865], [136.85560607910202, 35.069931030273445], [136.85940551757804, 35.06853485107417], [136.85789489746097, 35.05906677246086], [136.85470581054702, 35.0585327148438], [136.85350036621102, 35.05519866943364], [136.85189819335903, 35.04399871826173], [136.84750366210903, 35.04673385620124], [136.84590148925804, 35.045467376709034], [136.84939575195304, 35.040199279785185], [136.84539794921903, 35.04273223876952], [136.84379577636696, 35.04153442382806], [136.84759521484403, 35.03633499145506], [136.84700012207003, 35.03546524047849], [136.84579467773403, 35.034000396728544], [136.83790588378903, 35.05126571655268], [136.84030151367202, 35.05580139160164], [136.84730529785202, 35.05593490600589], [136.84710693359403, 35.05860137939447], [136.84359741210903, 35.05926513671877], [136.84939575195304, 35.07793426513672], [136.84710693359403, 35.08326721191414], [136.83869934082003, 35.082267761230504], [136.82809448242202, 35.0827331542969], [136.82450866699202, 35.08020019531248], [136.82209777832003, 35.07826614379878], [136.82330322265602, 35.07273101806644], [136.82069396972702, 35.07206726074223], [136.818298339844, 35.063335418701165], [136.82330322265602, 35.063335418701165], [136.82330322265602, 35.06826782226559], [136.83169555664102, 35.06473159790044], [136.83340454101602, 35.061599731445284], [136.82989501953102, 35.052066802978494], [136.83839416503903, 35.03093338012697], [136.83590698242202, 35.029933929443416], [136.81210327148403, 35.02560043334963], [136.81059265136702, 35.02666854858402], [136.80979919433602, 35.04926681518549], [136.815704345703, 35.04926681518549], [136.816802978516, 35.05146789550776], [136.80639648437503, 35.05153274536134], [136.79670715332, 35.05146789550776], [136.796798706055, 35.03846740722658], [136.80029296875003, 35.038532257080064], [136.80029296875003, 35.029666900634844], [136.785797119141, 35.03559875488282], [136.78039550781298, 35.033535003662145], [136.796096801758, 35.02239990234381], [136.79379272460903, 35.014934539794865], [136.785705566406, 35.01946640014648], [136.78129577636702, 35.01806640625002], [136.777801513672, 35.02186584472657], [136.770401000977, 35.02140045166017], [136.76989746093798, 35.0219993591309], [136.772506713867, 35.024333953857415], [136.763092041016, 35.034866333007756], [136.75309753417997, 35.05306625366213], [136.751998901367, 35.05893325805662], [136.75090026855497, 35.077198028564474], [136.746795654297, 35.08240127563484], [136.74060058593795, 35.08653259277336], [136.73350524902298, 35.09460067749021], [136.72070312499997, 35.102668762206974], [136.71830749511696, 35.10260009765631], [136.71409606933597, 35.104866027831974], [136.70159912109403, 35.118198394775405], [136.69599914550804, 35.1236000061035], [136.67750549316403, 35.12860107421877], [136.67250061035202, 35.13473129272457], [136.67109680175804, 35.143798828124964], [136.67410278320304, 35.156799316406335], [136.67179870605503, 35.16986846923828], [136.67190551757804, 35.187801361083984], [136.68310546875003, 35.2003326416016], [136.67970275878903, 35.22813415527343], [136.67770385742202, 35.241001129150376], [136.68339538574196, 35.248535156249986], [136.69039916992196, 35.25320053100593], [136.69940185546903, 35.265331268310455], [136.70440673828097, 35.275535583496094], [136.71429443359398, 35.28546524047852], [136.72520446777298, 35.295467376708984], [136.741195678711, 35.32366561889654], [136.746795654297, 35.33160018920897], [136.74749755859398, 35.33240127563479], [136.749801635742, 35.3365325927734], [136.75360107421898, 35.344932556152315], [136.75930786132798, 35.358066558837926], [136.770294189453, 35.36866760253911], [136.774307250977, 35.369667053222656], [136.776901245117, 35.369533538818416], [136.794097900391, 35.36753463745123], [136.794097900391, 35.36673355102541], [136.793304443359, 35.36326599121093], [136.80839538574202, 35.359733581542955], [136.83079528808602, 35.35666656494138], [136.83380126953102, 35.35586547851556], [136.86239624023398, 35.36993408203132], [136.86439514160196, 35.37233352661133], [136.87179565429696, 35.3730659484863], [136.89050292968804, 35.37806701660157], [136.89239501953097, 35.37813186645506], [136.91839599609398, 35.37853240966797], [136.92109680175798, 35.379066467285206], [136.93420410156298, 35.387798309326186], [136.96110534668, 35.39933395385743], [136.96220397949202, 35.410133361816435], [136.960906982422, 35.414531707763715]]], [[[136.811904907227, 34.996093749999986], [136.80595397949196, 35], [136.80044555664097, 35.00362014770514], [136.80409240722702, 35.007701873779254], [136.808822631836, 35.0125694274902], [136.81024169921898, 35.0134353637695], [136.816604614258, 35.01674270629877], [136.81919860839804, 35.01720046997072], [136.82167053222696, 35.017635345458956], [136.82168579101602, 35.012935638427685], [136.82168579101602, 35.010318756103516], [136.82167053222696, 35.008003234863345], [136.82116699218804, 35.007404327392614], [136.81758117675804, 35.00324630737303], [136.81500244140602, 35], [136.811904907227, 34.996093749999986]]], [[[136.82028198242193, 34.949764251708984], [136.81094360351597, 34.95486450195308], [136.818710327148, 34.96446609497072], [136.82258605957003, 34.96224212646483], [136.821716308594, 34.96118164062498], [136.82437133789094, 34.95969009399406], [136.82534790039097, 34.96076965332026], [136.825729370117, 34.960510253906314], [136.82312011718798, 34.95323562622074], [136.82028198242193, 34.949764251708984]]], [[[136.808609008789, 34.83929824829099], [136.808334350586, 34.83929824829099], [136.80822753906298, 34.839313507080064], [136.80802917480497, 34.83934783935549], [136.80784606933597, 34.839405059814524], [136.80769348144503, 34.83946990966801], [136.807525634766, 34.83956527709957], [136.80726623535193, 34.83975601196293], [136.80715942382804, 34.83988952636718], [136.80699157714804, 34.840137481689496], [136.80694580078097, 34.840263366699205], [136.80679321289102, 34.84076309204102], [136.80656433105503, 34.841720581054695], [136.806304931641, 34.842811584472706], [136.806304931641, 34.84292221069342], [136.80635070800804, 34.843597412109446], [136.80642700195298, 34.844745635986314], [136.806442260742, 34.845371246337926], [136.806442260742, 34.84547042846683], [136.806442260742, 34.84565353393549], [136.80639648437503, 34.845870971679744], [136.806304931641, 34.846439361572315], [136.80596923828097, 34.84797286987302], [136.802810668945, 34.860919952392614], [136.802322387695, 34.86280441284181], [136.80113220214798, 34.86798477172847], [136.80084228515597, 34.86927795410157], [136.800628662109, 34.870086669921925], [136.80055236816398, 34.87031173706054], [136.79997253418003, 34.871395111084006], [136.79963684081997, 34.87200164794918], [136.79946899414102, 34.87231063842772], [136.79914855956997, 34.87277603149412], [136.79902648925798, 34.872978210449205], [136.79887390136696, 34.87345123291023], [136.798782348633, 34.87380981445309], [136.79864501953097, 34.87432098388671], [136.79855346679696, 34.87480163574219], [136.79852294921898, 34.87493515014652], [136.798492431641, 34.87522888183589], [136.79846191406304, 34.87543487548834], [136.79843139648398, 34.87566757202149], [136.79844665527298, 34.87591171264654], [136.79847717285202, 34.87609481811519], [136.79852294921898, 34.87626266479486], [136.79864501953097, 34.87646102905268], [136.79876708984403, 34.87660217285164], [136.79885864257804, 34.876712799072266], [136.79905700683597, 34.87684249877933], [136.79936218261696, 34.87698745727538], [136.79954528808597, 34.87705993652341], [136.80012512207, 34.87722015380862], [136.80117797851602, 34.8774375915527], [136.80236816406304, 34.87764358520506], [136.80316162109403, 34.877769470214766], [136.80363464355497, 34.87783432006843], [136.80412292480497, 34.8778762817383], [136.80464172363298, 34.8778762817383], [136.805236816406, 34.877769470214766], [136.80566406249994, 34.877651214599595], [136.806213378906, 34.8774375915527], [136.806503295898, 34.877304077148366], [136.80696105956997, 34.87708663940429], [136.807403564453, 34.876876831054666], [136.80886840820304, 34.87613677978524], [136.810028076172, 34.8755531311035], [136.810928344727, 34.875095367431555], [136.811920166016, 34.87453460693361], [136.81233215332, 34.87430191040037], [136.81294250488298, 34.87391281127927], [136.813400268555, 34.873577117919936], [136.81384277343795, 34.87323760986333], [136.814407348633, 34.87276840209958], [136.81504821777298, 34.87222671508789], [136.81568908691403, 34.871654510497955], [136.81640625, 34.8709449768066], [136.81738281250003, 34.86994552612296], [136.81796264648398, 34.86932754516598], [136.81834411621097, 34.868885040283196], [136.8193359375, 34.867710113525355], [136.81996154785196, 34.86687850952148], [136.82015991210898, 34.86660385131836], [136.82046508789097, 34.866180419921925], [136.82080078125003, 34.86564636230469], [136.82106018066398, 34.8652038574219], [136.82144165039097, 34.86447143554693], [136.82186889648398, 34.86348724365229], [136.82196044921895, 34.86325454711913], [136.82229614257804, 34.86241912841798], [136.822418212891, 34.86179733276373], [136.82124328613298, 34.861579895019474], [136.81925964355497, 34.86120223999018], [136.81826782226594, 34.858303070068445], [136.81980895996102, 34.85191345214844], [136.820037841797, 34.85098648071291], [136.821029663086, 34.850772857666016], [136.82414245605497, 34.851230621337876], [136.82420349121102, 34.85011291503907], [136.824234008789, 34.849414825439524], [136.82426452636696, 34.84865570068358], [136.81889343261702, 34.847789764404276], [136.816101074219, 34.847339630127045], [136.812515258789, 34.846763610839844], [136.81309509277304, 34.84421157836907], [136.81338500976602, 34.843013763427706], [136.81349182128903, 34.84257888793946], [136.814041137695, 34.84008026123046], [136.80926513671903, 34.839374542236285], [136.80891418457, 34.8393211364746], [136.808609008789, 34.83929824829099]]], [[[137.30549621582, 34.80400085449224], [137.300201416016, 34.80519866943361], [137.300201416016, 34.80860137939452], [137.30549621582, 34.80640029907233], [137.30549621582, 34.80400085449224]]], [[[137.306304931641, 34.784667968749986], [137.303298950195, 34.792865753173814], [137.31539916992202, 34.796333312988295], [137.317398071289, 34.79253387451166], [137.322906494141, 34.78893280029302], [137.324401855469, 34.78693389892584], [137.320495605469, 34.78153228759774], [137.30839538574202, 34.77906799316408], [137.306304931641, 34.784667968749986]]], [[[137.22999572753898, 34.786533355712926], [137.22880554199196, 34.788265228271534], [137.23350524902298, 34.78993225097657], [137.23550415039097, 34.78839874267578], [137.23510742187497, 34.786998748779325], [137.22999572753898, 34.786533355712926]]], [[[137.097702026367, 34.76466751098634], [137.09829711914097, 34.767398834228494], [137.100494384766, 34.769134521484375], [137.103103637695, 34.76699829101559], [137.097702026367, 34.76466751098634]]], [[[137.31866455078097, 34.732948303222706], [137.313186645508, 34.7339172363281], [137.30793762206997, 34.7347831726074], [137.30795288085898, 34.740367889404325], [137.311889648438, 34.740367889404325], [137.311889648438, 34.74439239501949], [137.31422424316398, 34.74438476562504], [137.31427001953094, 34.74840164184567], [137.319137573242, 34.74834442138672], [137.319000244141, 34.73698425292967], [137.31915283203097, 34.73481750488283], [137.31866455078097, 34.732948303222706]]], [[[137.049240112305, 34.71547698974612], [137.04812622070304, 34.71646499633786], [137.04989624023398, 34.71920013427729], [137.04730224609403, 34.72019958496092], [137.04649353027298, 34.720401763916016], [137.04409790039094, 34.726398468017564], [137.03909301757804, 34.724868774414134], [137.03739929199196, 34.72079849243156], [137.03109741210895, 34.72313308715817], [137.03329467773398, 34.72553253173826], [137.03019714355503, 34.72753524780271], [137.03500366210903, 34.728466033935504], [137.03579711914102, 34.73006820678714], [137.03849792480503, 34.73326873779296], [137.04699707031304, 34.72926712036132], [137.04899597167994, 34.728466033935504], [137.05450439453097, 34.72646713256841], [137.04980468749994, 34.72406768798832], [137.05560302734403, 34.72253417968753], [137.05419921874997, 34.720932006835895], [137.05250549316403, 34.71666717529304], [137.049240112305, 34.71547698974612]]], [[[137.341995239258, 34.72045516967769], [137.33825683593804, 34.72124862670897], [137.338317871094, 34.72470474243156], [137.342895507813, 34.727241516113345], [137.34696960449196, 34.72724914550779], [137.34860229492202, 34.72655487060551], [137.34486389160196, 34.724475860595675], [137.341995239258, 34.72045516967769]]], [[[137.24981689453097, 34.71066284179686], [137.24885559082003, 34.710735321044886], [137.24798583984398, 34.71107101440431], [137.24751281738304, 34.71141052246091], [137.24702453613304, 34.71179580688483], [137.24639892578097, 34.71285247802733], [137.24711608886696, 34.71337127685549], [137.24816894531298, 34.71382141113281], [137.24929809570298, 34.71406936645513], [137.25112915039102, 34.71372985839844], [137.25207519531298, 34.71306991577149], [137.25233459472702, 34.7123908996582], [137.252288818359, 34.71160888671882], [137.25152587890597, 34.71120452880864], [137.25065612793, 34.710845947265604], [137.24981689453097, 34.71066284179686]]], [[[136.99909973144503, 34.70053482055661], [136.99679565429702, 34.70513534545898], [136.99620056152304, 34.7053337097168], [136.99679565429702, 34.70566558837886], [136.99909973144503, 34.707065582275405], [136.99989318847702, 34.705867767334034], [136.998001098633, 34.704734802246065], [137.00050354003903, 34.705200195312464], [137.00169372558602, 34.70746612548831], [137.00520324707003, 34.70740127563482], [137.00559997558602, 34.70819854736328], [137.00469970703102, 34.708534240722706], [137.00559997558602, 34.709068298339766], [137.01219177246102, 34.70726776123049], [137.01069641113304, 34.70446777343749], [136.99909973144503, 34.70053482055661]]], [[[137.00569152832003, 34.6668663024902], [137.00299072265594, 34.6673316955566], [137.00210571289102, 34.66986846923829], [136.99850463867202, 34.670398712158175], [137.00050354003903, 34.673534393310504], [137.00059509277304, 34.67693328857423], [137.00199890136702, 34.67800140380863], [137.00430297851602, 34.6782684326172], [137.00619506835903, 34.6782684326172], [137.00570678710903, 34.682800292968814], [137.00759887695304, 34.68506622314448], [137.00949096679693, 34.68420028686518], [137.01010131835903, 34.67806625366212], [137.00540161132804, 34.675468444824205], [137.00520324707003, 34.66986846923829], [137.00569152832003, 34.6668663024902]]], [[[137.12699890136702, 34.64899826049798], [137.12579345703102, 34.650398254394524], [137.125396728516, 34.649868011474645], [137.12519836425798, 34.651866912841825], [137.12579345703102, 34.653400421142614], [137.12699890136702, 34.64899826049798]]], [[[137.09460449218795, 34.65159988403316], [137.092102050781, 34.65253448486331], [137.09179687499997, 34.65319824218753], [137.09370422363298, 34.65326690673828], [137.095199584961, 34.65166473388674], [137.09460449218795, 34.65159988403316]]]]}}, {"type": "Feature", "properties": {"name": "岐阜県"}, "geometry": {"type": "Polygon", "coordinates": [[[137.05819702148398, 36.37213134765631], [137.06390380859403, 36.37519836425779], [137.07080078124997, 36.379066467285185], [137.07870483398398, 36.38446807861328], [137.09109497070298, 36.383266448974645], [137.09460449218795, 36.38406753540037], [137.094299316406, 36.393398284912074], [137.09190368652298, 36.39686584472656], [137.09660339355497, 36.39899826049799], [137.10180664062497, 36.39946746826174], [137.106506347656, 36.4058647155762], [137.108703613281, 36.40833282470696], [137.111099243164, 36.41519927978518], [137.115997314453, 36.41673278808587], [137.118301391602, 36.41853332519533], [137.121002197266, 36.416934967040966], [137.121795654297, 36.41726684570312], [137.123199462891, 36.419868469238295], [137.129806518555, 36.42940139770509], [137.133499145508, 36.434932708740156], [137.138900756836, 36.438133239746065], [137.14329528808602, 36.43920135498046], [137.14279174804702, 36.444133758544886], [137.14599609375, 36.44599914550783], [137.154800415039, 36.44939804077147], [137.16070556640602, 36.456733703613345], [137.16529846191403, 36.45473480224607], [137.16949462890602, 36.45520019531247], [137.17539978027304, 36.45040130615229], [137.178100585938, 36.453399658203104], [137.18220520019503, 36.45259857177729], [137.19149780273403, 36.455333709716804], [137.19360351562503, 36.45226669311523], [137.19389343261696, 36.44726562500004], [137.19799804687503, 36.44526672363277], [137.20509338378903, 36.43433380126952], [137.20649719238304, 36.42793273925779], [137.20919799804696, 36.43166732788094], [137.21350097656304, 36.4306678771973], [137.21400451660202, 36.43906402587886], [137.21929931640597, 36.43939971923828], [137.22369384765597, 36.44419860839837], [137.23229980468804, 36.44519805908201], [137.23910522460898, 36.45180130004883], [137.24630737304696, 36.46139907836911], [137.24679565429696, 36.46179962158202], [137.24800109863295, 36.4620666503906], [137.25669860839798, 36.451663970947315], [137.26319885253898, 36.456535339355526], [137.266891479492, 36.46020126342774], [137.278900146484, 36.46513366699217], [137.28340148925798, 36.46306610107423], [137.287002563477, 36.461666107177685], [137.29919433593798, 36.458667755127045], [137.302505493164, 36.462131500244084], [137.308502197266, 36.46386718749996], [137.31539916992202, 36.46126556396478], [137.317001342773, 36.45959854125984], [137.316497802734, 36.45053100585944], [137.31329345703102, 36.44839859008792], [137.312896728516, 36.44326782226558], [137.312698364258, 36.44166564941413], [137.307891845703, 36.43866729736331], [137.30499267578102, 36.43560028076173], [137.307891845703, 36.431800842285185], [137.313491821289, 36.4250679016113], [137.320007324219, 36.42526626586912], [137.326293945313, 36.42853546142579], [137.331405639648, 36.430465698242216], [137.334594726563, 36.43086624145512], [137.33909606933602, 36.43366622924803], [137.34530639648403, 36.43373107910161], [137.348999023438, 36.433601379394545], [137.351501464844, 36.433864593505945], [137.35240173339804, 36.435001373291], [137.35870361328102, 36.43746566772458], [137.35820007324193, 36.445068359375036], [137.36259460449196, 36.45026779174804], [137.37179565429696, 36.45359802246092], [137.37779235839795, 36.452865600585866], [137.38059997558594, 36.454868316650405], [137.38510131835895, 36.45619964599611], [137.38890075683597, 36.45833206176762], [137.39019775390597, 36.459667205810504], [137.39489746093804, 36.45479965209956], [137.39480590820304, 36.44879913330083], [137.39619445800804, 36.43593215942379], [137.40579223632798, 36.426334381103516], [137.41169738769497, 36.4250679016113], [137.41769409179696, 36.42513275146479], [137.42300415039097, 36.42286682128912], [137.42689514160196, 36.421066284179666], [137.42799377441398, 36.420532226562514], [137.43479919433597, 36.42079925537109], [137.43629455566398, 36.419868469238295], [137.44299316406298, 36.414398193359446], [137.445602416992, 36.41353225708014], [137.44970703124997, 36.416534423828054], [137.460998535156, 36.41246795654302], [137.470001220703, 36.41920089721681], [137.470397949219, 36.419868469238295], [137.47480773925798, 36.425399780273366], [137.49119567871102, 36.42359924316409], [137.49679565429702, 36.42620086669918], [137.50520324707003, 36.42480087280273], [137.511596679688, 36.42333221435551], [137.511901855469, 36.419868469238295], [137.51719665527304, 36.40940093994144], [137.521606445313, 36.405933380127045], [137.52780151367202, 36.40353393554687], [137.53179931640602, 36.40100097656253], [137.53979492187503, 36.392601013183615], [137.54719543456997, 36.39039993286134], [137.56059265136696, 36.38806533813483], [137.57170104980503, 36.38993453979486], [137.57479858398398, 36.39300155639653], [137.58030700683597, 36.391532897949226], [137.58729553222696, 36.389865875244105], [137.58700561523398, 36.37373352050776], [137.58830261230497, 36.37153244018549], [137.59480285644497, 36.36893463134766], [137.59880065917997, 36.370468139648366], [137.60980224609398, 36.36673355102539], [137.61819458007798, 36.36506652832027], [137.621795654297, 36.360332489013665], [137.626998901367, 36.352531433105476], [137.635894775391, 36.34253311157229], [137.645492553711, 36.34140014648441], [137.64570617675798, 36.33653259277338], [137.647399902344, 36.32999801635741], [137.650604248047, 36.3269348144531], [137.65069580078102, 36.32146835327152], [137.650894165039, 36.31693267822273], [137.64909362793, 36.30820083618158], [137.652801513672, 36.304534912109446], [137.646697998047, 36.296131134033175], [137.646697998047, 36.28886413574223], [137.631393432617, 36.2802658081055], [137.62629699707, 36.27453231811516], [137.621795654297, 36.26873397827152], [137.61669921874997, 36.264865875244126], [137.61470031738298, 36.264934539794886], [137.61070251464798, 36.256401062011726], [137.60650634765597, 36.25320053100591], [137.60569763183597, 36.24886703491212], [137.59640502929696, 36.243133544921875], [137.59370422363304, 36.23640060424799], [137.58949279785196, 36.229400634765625], [137.58680725097696, 36.22700119018553], [137.58329772949196, 36.22719955444344], [137.58329772949196, 36.220932006835866], [137.57739257812497, 36.21926498413092], [137.57380676269497, 36.22006607055656], [137.57420349121097, 36.21746826171883], [137.57519531249997, 36.21306610107419], [137.57389831542994, 36.20973205566413], [137.57620239257804, 36.203201293945334], [137.58079528808597, 36.19533157348631], [137.591598510742, 36.191734313964844], [137.59489440917997, 36.19099807739261], [137.59089660644497, 36.18413162231448], [137.59150695800804, 36.17953109741212], [137.59469604492196, 36.17186737060553], [137.59249877929696, 36.16986465454099], [137.58959960937497, 36.16353225708011], [137.57919311523398, 36.1598663330078], [137.56759643554696, 36.153598785400405], [137.56669616699196, 36.14686584472661], [137.55920410156304, 36.143932342529276], [137.55499267578097, 36.14033126831046], [137.55459594726602, 36.140266418456974], [137.55439758300804, 36.13706588745124], [137.55770874023403, 36.13219833374021], [137.55999755859403, 36.1293983459473], [137.55569458007804, 36.11753463745117], [137.55130004882804, 36.11560058593747], [137.55099487304696, 36.10979843139647], [137.55389404296903, 36.10699844360347], [137.55870056152304, 36.10326766967768], [137.56149291992196, 36.10086822509768], [137.56500244140597, 36.097332000732436], [137.56799316406304, 36.0958671569824], [137.57420349121097, 36.0872650146484], [137.57659912109403, 36.08653259277343], [137.57919311523398, 36.08499908447273], [137.58349609374997, 36.084533691406335], [137.59469604492196, 36.078933715820334], [137.59750366210898, 36.07566833496094], [137.61180114746097, 36.077732086181605], [137.61369323730497, 36.07619857788091], [137.610900878906, 36.06993103027342], [137.61279296875, 36.06433105468751], [137.61380004882798, 36.061401367187536], [137.61070251464798, 36.05799865722663], [137.60659790039097, 36.05473327636723], [137.60420227050798, 36.0483322143555], [137.59759521484398, 36.04213333129877], [137.59910583496097, 36.027198791503885], [137.59930419921898, 36.02586746215818], [137.59460449218804, 36.013401031494055], [137.58810424804696, 36.00559997558587], [137.58419799804696, 36.00320053100587], [137.57560729980503, 35.996532440185476], [137.57420349121097, 35.995800018310504], [137.57200622558597, 35.99566650390626], [137.57040405273398, 35.99566650390626], [137.56900024414094, 35.99573135375984], [137.55940246581997, 35.989334106445284], [137.54940795898403, 35.98606491088871], [137.54310607910202, 35.98253250122074], [137.54429626464804, 35.97399902343749], [137.54179382324196, 35.967933654785185], [137.53939819335903, 35.96559906005858], [137.53219604492202, 35.96133422851563], [137.52400207519503, 35.943599700927656], [137.522003173828, 35.94179916381838], [137.51759338378903, 35.93999862670902], [137.505401611328, 35.94060134887702], [137.500900268555, 35.93606567382814], [137.49679565429702, 35.92819976806638], [137.491302490234, 35.923000335693374], [137.489196777344, 35.91986465454104], [137.486404418945, 35.91740036010737], [137.483001708984, 35.913932800292976], [137.483901977539, 35.909400939941364], [137.48100280761702, 35.90506744384766], [137.480392456055, 35.89820098876954], [137.475997924805, 35.89506530761721], [137.476104736328, 35.894001007080085], [137.46479797363298, 35.89179992675781], [137.45959472656298, 35.88953399658196], [137.458099365234, 35.88946533203129], [137.446594238281, 35.894199371337905], [137.43910217285196, 35.900001525878906], [137.43640136718795, 35.90506744384766], [137.432098388672, 35.90513229370124], [137.42320251464798, 35.903533935546875], [137.41729736328097, 35.903732299804695], [137.40370178222696, 35.89793395996087], [137.38020324706994, 35.891933441162145], [137.37319946289102, 35.88466644287111], [137.37179565429696, 35.88359832763672], [137.36459350585903, 35.878200531005895], [137.36790466308602, 35.8738670349121], [137.36709594726602, 35.86146545410164], [137.36230468750003, 35.84893417358403], [137.35539245605503, 35.84246444702154], [137.35380554199202, 35.84233474731448], [137.335403442383, 35.84393310546884], [137.33110046386702, 35.837532043457024], [137.331207275391, 35.83653259277339], [137.328399658203, 35.82680130004878], [137.32699584960903, 35.825733184814474], [137.32820129394503, 35.82166671752926], [137.32550048828102, 35.815666198730526], [137.32559204101602, 35.812198638916044], [137.33219909668, 35.808067321777344], [137.334396362305, 35.80360031127931], [137.337600708008, 35.79813385009773], [137.34730529785202, 35.80006408691407], [137.35380554199202, 35.80133438110346], [137.36019897460903, 35.796001434326215], [137.36720275878903, 35.79906463623052], [137.37129211425804, 35.79959869384767], [137.37179565429696, 35.79999923706049], [137.38090515136696, 35.80133438110346], [137.38769531249997, 35.79899978637703], [137.39399719238304, 35.79706573486334], [137.39649963378895, 35.78540039062503], [137.39100646972702, 35.78006744384769], [137.39839172363304, 35.775798797607386], [137.41360473632795, 35.776733398437536], [137.41729736328097, 35.77466583251951], [137.42149353027298, 35.77393341064454], [137.42370605468804, 35.77466583251951], [137.42829895019497, 35.77113342285163], [137.43409729003898, 35.77059936523438], [137.43519592285196, 35.76546478271478], [137.44020080566398, 35.75853347778317], [137.449996948242, 35.759464263916044], [137.452499389648, 35.76333236694344], [137.458892822266, 35.761333465576165], [137.464492797852, 35.755332946777344], [137.464599609375, 35.753200531005916], [137.467300415039, 35.74620056152337], [137.466201782227, 35.74259948730473], [137.475006103516, 35.732200622558636], [137.478103637695, 35.7290649414063], [137.480499267578, 35.7262649536133], [137.485504150391, 35.7234649658203], [137.487396240234, 35.716533660888686], [137.48530578613298, 35.70793151855469], [137.48759460449202, 35.705066680908196], [137.491394042969, 35.70273208618159], [137.493499755859, 35.699264526367195], [137.49679565429702, 35.69853210449222], [137.49769592285202, 35.69459915161134], [137.498199462891, 35.687267303466825], [137.50729370117202, 35.68226623535164], [137.50909423828102, 35.68253326416021], [137.51489257812503, 35.67753219604494], [137.52090454101602, 35.67626571655273], [137.52490234375003, 35.6713333129883], [137.52870178222702, 35.66986846923827], [137.53509521484403, 35.66479873657233], [137.53860473632804, 35.658664703369084], [137.54499816894494, 35.64993286132811], [137.53939819335903, 35.646800994872955], [137.53959655761696, 35.640399932861314], [137.53579711914102, 35.63779830932622], [137.53410339355503, 35.63779830932622], [137.53219604492202, 35.63786697387698], [137.52609252929702, 35.633598327636676], [137.52679443359403, 35.62826538085943], [137.52340698242202, 35.62506484985352], [137.521194458008, 35.61926651000979], [137.51879882812503, 35.61940002441412], [137.51620483398403, 35.61606597900388], [137.51449584960903, 35.60713195800781], [137.51690673828102, 35.6049995422363], [137.51930236816403, 35.60286712646478], [137.52149963378903, 35.5991973876953], [137.53179931640602, 35.59193420410162], [137.53129577636696, 35.588066101074226], [137.53680419921903, 35.58653259277344], [137.53750610351602, 35.58440017700201], [137.54379272460895, 35.58653259277344], [137.55239868164102, 35.58693313598626], [137.55339050293003, 35.58653259277344], [137.56619262695295, 35.58533477783198], [137.56840515136696, 35.58506774902341], [137.57099914550804, 35.58346557617186], [137.56880187988304, 35.57533264160161], [137.56500244140597, 35.569332122802706], [137.56480407714804, 35.56586456298831], [137.57189941406304, 35.561199188232365], [137.57150268554696, 35.55346679687503], [137.57289123535196, 35.550666809082024], [137.57420349121097, 35.54653167724614], [137.57449340820298, 35.54439926147463], [137.57670593261696, 35.54393386840823], [137.58180236816398, 35.53873443603523], [137.58819580078097, 35.537132263183594], [137.59500122070298, 35.5338668823242], [137.59889221191398, 35.533599853515625], [137.60119628906295, 35.53160095214844], [137.602996826172, 35.53120040893553], [137.607894897461, 35.53319931030271], [137.617294311523, 35.526264190673835], [137.62080383300798, 35.5209312438965], [137.621795654297, 35.52059936523443], [137.62739562988298, 35.511932373046946], [137.631698608398, 35.50906753540037], [137.62730407714798, 35.50320053100588], [137.62739562988298, 35.50133132934567], [137.62429809570298, 35.49980163574224], [137.626998901367, 35.484466552734446], [137.62939453125, 35.4830665588379], [137.63079833984398, 35.47626876831053], [137.631393432617, 35.46993255615229], [137.627593994141, 35.46773147583011], [137.625701904297, 35.46773147583011], [137.62210083007798, 35.46726608276371], [137.621795654297, 35.46813201904301], [137.61799621582, 35.46766662597662], [137.614395141602, 35.46306610107416], [137.60769653320298, 35.45813369750982], [137.59330749511696, 35.44666671752933], [137.60139465332, 35.43933105468754], [137.608703613281, 35.43713378906254], [137.617492675781, 35.42646408081051], [137.61639404296898, 35.42200088500984], [137.61799621582, 35.41986465454096], [137.619705200195, 35.41553115844726], [137.621795654297, 35.41180038452147], [137.631805419922, 35.410400390625014], [137.631698608398, 35.40599822998047], [137.634796142578, 35.40173339843752], [137.63349914550798, 35.399066925048764], [137.621795654297, 35.39379882812501], [137.616500854492, 35.39193344116207], [137.613998413086, 35.39226531982422], [137.61270141601597, 35.391731262206974], [137.60369873046898, 35.393665313720675], [137.60180664062497, 35.39360046386719], [137.60040283203097, 35.39360046386719], [137.59429931640597, 35.394733428955064], [137.59019470214798, 35.393665313720675], [137.57560729980503, 35.40026473999022], [137.57499694824196, 35.40000152587891], [137.57839965820295, 35.39006423950203], [137.58270263671903, 35.389999389648366], [137.58639526367196, 35.388599395752], [137.59199523925798, 35.38373184204097], [137.59829711914097, 35.37806701660157], [137.59880065917997, 35.36473464965823], [137.60189819335898, 35.35779953002926], [137.60189819335898, 35.35499954223626], [137.60020446777298, 35.35060119628907], [137.60130310058597, 35.34640121459962], [137.60150146484398, 35.34120178222661], [137.60400390624997, 35.3365325927734], [137.603591918945, 35.33453369140631], [137.60090637206997, 35.330799102783246], [137.59640502929696, 35.330867767334], [137.593795776367, 35.330932617187486], [137.590393066406, 35.32999801635743], [137.58889770507798, 35.32619857788088], [137.58399963378898, 35.32213211059567], [137.58169555664097, 35.31840133666987], [137.57730102539097, 35.31866455078127], [137.57490539550804, 35.31693267822266], [137.57139587402298, 35.31833267211912], [137.56719970703097, 35.31433105468748], [137.56799316406304, 35.31306838989263], [137.56419372558597, 35.3131980895996], [137.56430053710898, 35.31066513061518], [137.56190490722702, 35.31079864501951], [137.55940246581997, 35.309665679931626], [137.55690002441403, 35.31006622314454], [137.55850219726602, 35.30026626586908], [137.55659484863304, 35.295200347900405], [137.56179809570304, 35.289268493652344], [137.56149291992196, 35.28386688232416], [137.55329895019497, 35.283931732177734], [137.54949951171903, 35.28313446044919], [137.544799804688, 35.28120040893549], [137.53970336914102, 35.2816009521484], [137.53399658203094, 35.28146743774407], [137.529907226563, 35.28306579589843], [137.526000976563, 35.284332275390554], [137.51959228515602, 35.28313446044919], [137.52069091796903, 35.273933410644545], [137.518005371094, 35.27473449707028], [137.51449584960903, 35.27353286743164], [137.51350402832003, 35.27026748657233], [137.507202148438, 35.26653289794918], [137.505401611328, 35.26340103149412], [137.49679565429702, 35.26419830322266], [137.49679565429702, 35.261867523193416], [137.49679565429702, 35.25920104980466], [137.493194580078, 35.25920104980466], [137.483505249023, 35.25693130493163], [137.483291625977, 35.25553131103518], [137.475997924805, 35.25320053100593], [137.46989440918, 35.24586486816414], [137.466598510742, 35.24653244018553], [137.462493896484, 35.24179840087893], [137.460098266602, 35.24000167846683], [137.454193115234, 35.24053192138671], [137.45030212402298, 35.23513412475589], [137.442199707031, 35.23373413085943], [137.440994262695, 35.23059844970701], [137.43910217285196, 35.229999542236285], [137.436492919922, 35.22579956054692], [137.42970275878898, 35.222801208496094], [137.42700195312497, 35.22553253173834], [137.41699218749997, 35.24020004272456], [137.40890502929696, 35.2349319458008], [137.40739440917997, 35.23680114746092], [137.40440368652298, 35.238265991210866], [137.40069580078097, 35.24160003662111], [137.39779663085898, 35.240932464599624], [137.38920593261696, 35.24000167846683], [137.38510131835895, 35.24380111694338], [137.38290405273403, 35.246734619140625], [137.38380432128903, 35.248001098632834], [137.38589477539094, 35.25320053100593], [137.38319396972696, 35.26013183593754], [137.37840270996102, 35.25859832763666], [137.37179565429696, 35.26306533813479], [137.36909484863304, 35.26093292236327], [137.36419677734403, 35.26079940795903], [137.35159301757804, 35.25786590576169], [137.34429931640602, 35.2578010559082], [137.345001220703, 35.261398315429666], [137.342407226563, 35.26113128662109], [137.340103149414, 35.263999938964844], [137.345397949219, 35.26939773559567], [137.34519958496102, 35.27259826660158], [137.338806152344, 35.27560043334958], [137.33779907226602, 35.275131225585916], [137.334899902344, 35.27613449096682], [137.33219909668, 35.27713394165037], [137.33129882812503, 35.277534484863274], [137.327102661133, 35.280601501464766], [137.32429504394503, 35.281734466552734], [137.31120300293, 35.28773117065428], [137.307800292969, 35.291065216064524], [137.304595947266, 35.289997100830135], [137.30110168457, 35.289600372314496], [137.29670715332, 35.2893981933594], [137.29389953613298, 35.289268493652344], [137.283004760742, 35.28820037841804], [137.27920532226597, 35.28820037841804], [137.275604248047, 35.29053115844729], [137.274002075195, 35.287933349609375], [137.27000427246097, 35.28639984130859], [137.26260375976597, 35.28513336181637], [137.26019287109398, 35.2800674438477], [137.26069641113298, 35.275268554687514], [137.258590698242, 35.27473449707028], [137.257293701172, 35.27266693115234], [137.25450134277298, 35.27266693115234], [137.25140380859398, 35.26973342895509], [137.24679565429696, 35.26826477050779], [137.24459838867196, 35.268932342529276], [137.24209594726597, 35.26466751098633], [137.23710632324196, 35.26526641845697], [137.23249816894497, 35.26086807250978], [137.22830200195304, 35.25973129272463], [137.22239685058597, 35.25573348999018], [137.22109985351594, 35.259464263915966], [137.21980285644497, 35.25960159301757], [137.21339416503895, 35.259868621826236], [137.20959472656304, 35.25833129882809], [137.20709228515597, 35.25320053100593], [137.20619201660196, 35.25320053100593], [137.20370483398403, 35.255199432373026], [137.20239257812494, 35.25320053100593], [137.20069885253903, 35.251934051513715], [137.19709777831994, 35.25320053100593], [137.19410705566403, 35.25353240966799], [137.19000244140602, 35.25320053100593], [137.18980407714804, 35.25279998779302], [137.18580627441403, 35.25320053100593], [137.18359375000003, 35.254600524902294], [137.17779541015602, 35.25906753540042], [137.17529296875003, 35.26373291015627], [137.17309570312503, 35.264732360839815], [137.17630004882804, 35.267734527587905], [137.17610168457003, 35.27033233642582], [137.17350769043, 35.27339935302731], [137.17129516601602, 35.27506637573243], [137.16520690918, 35.28253173828128], [137.16070556640602, 35.28260040283204], [137.153991699219, 35.27980041503913], [137.150405883789, 35.28113174438482], [137.145294189453, 35.279865264892614], [137.131500244141, 35.293533325195284], [137.129592895508, 35.29346466064453], [137.121795654297, 35.295932769775376], [137.11979675293, 35.29673385620119], [137.11590576171898, 35.29773330688483], [137.10220336914097, 35.30160140991214], [137.098693847656, 35.29779815673832], [137.098495483398, 35.293800354003864], [137.095993041992, 35.29073333740229], [137.092498779297, 35.29240036010741], [137.08169555664097, 35.29213333129883], [137.08030700683597, 35.29513168334956], [137.08070373535196, 35.30400085449223], [137.079895019531, 35.30646514892581], [137.07640075683597, 35.30619812011723], [137.06759643554696, 35.308532714843835], [137.06640624999997, 35.31000137329096], [137.06300354003898, 35.318531036377024], [137.07220458984395, 35.32566833496091], [137.06809997558597, 35.33513259887703], [137.06349182128898, 35.3365325927734], [137.06340026855497, 35.33706665039064], [137.06030273437497, 35.33886718750001], [137.05459594726597, 35.3365325927734], [137.05000305175804, 35.33466720581046], [137.04719543456997, 35.3365325927734], [137.04620361328097, 35.339664459228466], [137.04589843749997, 35.3512001037598], [137.04899597167994, 35.35799789428708], [137.04739379882795, 35.365001678466804], [137.04539489746097, 35.366867065429744], [137.03559875488304, 35.367866516113295], [137.029907226563, 35.37073135375978], [137.02810668945304, 35.375598907470724], [137.02619934081994, 35.37519836425781], [137.017700195313, 35.37659835815427], [137.01499938964804, 35.38126754760739], [137.003601074219, 35.38113403320306], [137.000198364258, 35.38439941406254], [136.99870300293, 35.390464782714766], [136.99679565429702, 35.390933990478516], [136.99600219726602, 35.3920669555664], [136.99130249023403, 35.39326477050776], [136.988708496094, 35.401000976562464], [136.981399536133, 35.40146636962886], [136.97799682617202, 35.404132843017614], [136.985702514648, 35.414867401122955], [136.985107421875, 35.416999816894474], [136.986099243164, 35.41986465454096], [136.99299621582003, 35.424266815185504], [136.99110412597702, 35.424667358398416], [136.97770690918, 35.42246627807623], [136.971405029297, 35.422199249267564], [136.962997436523, 35.41986465454096], [136.960906982422, 35.414531707763715], [136.96220397949202, 35.410133361816435], [136.96110534668, 35.39933395385743], [136.93420410156298, 35.387798309326186], [136.92109680175798, 35.379066467285206], [136.91839599609398, 35.37853240966797], [136.89239501953097, 35.37813186645506], [136.89050292968804, 35.37806701660157], [136.87179565429696, 35.3730659484863], [136.86439514160196, 35.37233352661133], [136.86239624023398, 35.36993408203132], [136.83380126953102, 35.35586547851556], [136.83079528808602, 35.35666656494138], [136.80839538574202, 35.359733581542955], [136.793304443359, 35.36326599121093], [136.794097900391, 35.36673355102541], [136.794097900391, 35.36753463745123], [136.776901245117, 35.369533538818416], [136.774307250977, 35.369667053222656], [136.770294189453, 35.36866760253911], [136.75930786132798, 35.358066558837926], [136.75360107421898, 35.344932556152315], [136.749801635742, 35.3365325927734], [136.74749755859398, 35.33240127563479], [136.746795654297, 35.33160018920897], [136.741195678711, 35.32366561889654], [136.72520446777298, 35.295467376708984], [136.71429443359398, 35.28546524047852], [136.70440673828097, 35.275535583496094], [136.69940185546903, 35.265331268310455], [136.69039916992196, 35.25320053100593], [136.68339538574196, 35.248535156249986], [136.67770385742202, 35.241001129150376], [136.67970275878903, 35.22813415527343], [136.68310546875003, 35.2003326416016], [136.67190551757804, 35.187801361083984], [136.67179870605503, 35.16986846923828], [136.67410278320304, 35.156799316406335], [136.67109680175804, 35.143798828124964], [136.67250061035202, 35.13473129272457], [136.66940307617202, 35.13359832763669], [136.667907714844, 35.13886642456054], [136.65600585937503, 35.15986633300782], [136.64610290527304, 35.16579818725589], [136.64439392089804, 35.16153335571294], [136.645202636719, 35.14459991455078], [136.63809204101602, 35.147598266601605], [136.63180541992202, 35.15013122558594], [136.624206542969, 35.14659881591797], [136.62179565429702, 35.14773559570312], [136.616104125977, 35.14953231811521], [136.61169433593798, 35.157932281494126], [136.606002807617, 35.16640090942379], [136.60530090332, 35.16986846923828], [136.605499267578, 35.1700668334961], [136.60200500488298, 35.17779922485353], [136.599700927734, 35.17773437500004], [136.59660339355497, 35.17760086059571], [136.593994140625, 35.180931091308594], [136.59150695800798, 35.18560028076171], [136.588394165039, 35.18453216552732], [136.588104248047, 35.18686676025393], [136.58489990234398, 35.188598632812536], [136.584197998047, 35.19333267211914], [136.58279418945298, 35.1962013244629], [136.57780456542997, 35.1966667175293], [136.574996948242, 35.2018661499023], [136.56649780273398, 35.20446777343748], [136.56060791015597, 35.206466674804666], [136.56089782714798, 35.20846557617194], [136.55859374999997, 35.21640014648437], [136.55679321289097, 35.2200012207031], [136.55160522460898, 35.219600677490185], [136.54820251464798, 35.2200012207031], [136.54699707031304, 35.22793197631843], [136.54939270019497, 35.23373413085943], [136.54409790039097, 35.2349319458008], [136.54019165039097, 35.23906707763668], [136.54119873046895, 35.244598388671925], [136.53770446777298, 35.24660110473629], [136.53590393066395, 35.25013351440426], [136.53399658203097, 35.25320053100593], [136.53370666503903, 35.256866455078054], [136.52749633789097, 35.25753402709963], [136.51890563964804, 35.254268646240234], [136.51539611816403, 35.25320053100593], [136.51379394531304, 35.24793243408199], [136.51119995117196, 35.240665435791044], [136.50779724121094, 35.23619842529301], [136.50239562988304, 35.23473358154298], [136.49679565429693, 35.2379341125488], [136.49519348144494, 35.2379341125488], [136.48959350585903, 35.23586654663086], [136.48280334472702, 35.23973464965817], [136.482604980469, 35.238868713378864], [136.480102539063, 35.2349319458008], [136.47380065918, 35.23746871948241], [136.47019958496102, 35.23286819458013], [136.46630859375, 35.23766708374023], [136.462005615234, 35.23606872558586], [136.45440673828102, 35.229400634765554], [136.45089721679702, 35.22579956054692], [136.442092895508, 35.21706771850594], [136.435806274414, 35.219398498535185], [136.43249511718798, 35.22433471679688], [136.431701660156, 35.22913360595698], [136.427001953125, 35.227134704589794], [136.416900634766, 35.22026824951167], [136.414901733398, 35.21766662597658], [136.41189575195298, 35.21839904785164], [136.410003662109, 35.22186660766604], [136.40029907226597, 35.225864410400405], [136.39880371093795, 35.227268218994126], [136.392395019531, 35.23006820678713], [136.39250183105497, 35.233398437500014], [136.38699340820298, 35.234668731689496], [136.38499450683597, 35.237068176269496], [136.37809753417997, 35.2426681518555], [136.37879943847696, 35.245067596435504], [136.38090515136696, 35.248401641845746], [136.38290405273398, 35.24846649169923], [136.38490295410196, 35.2483329772949], [136.39309692382798, 35.25320053100593], [136.39649963378898, 35.2574005126953], [136.39419555664097, 35.258998870849574], [136.395492553711, 35.27873229980473], [136.39149475097696, 35.28706741333007], [136.39079284667997, 35.28779983520513], [136.39469909667997, 35.293865203857436], [136.39790344238298, 35.29740142822268], [136.40229797363298, 35.30033111572274], [136.402801513672, 35.301666259765625], [136.404693603516, 35.3038673400879], [136.40669250488298, 35.3090667724609], [136.410797119141, 35.3138008117676], [136.41270446777298, 35.32360076904297], [136.411102294922, 35.32780075073242], [136.413299560547, 35.332332611084034], [136.41499328613298, 35.3365325927734], [136.42060852050798, 35.346599578857436], [136.421203613281, 35.35313415527341], [136.416595458984, 35.354534149169865], [136.411392211914, 35.35213470458977], [136.40950012207, 35.35540008544917], [136.41130065917997, 35.35846710205083], [136.41310119628898, 35.362266540527294], [136.412994384766, 35.36473464965823], [136.41230773925798, 35.36853408813478], [136.41340637207, 35.371265411377024], [136.41520690917997, 35.373466491699205], [136.41780090332, 35.37333297729487], [136.4248046875, 35.3736686706543], [136.43550109863298, 35.37853240966797], [136.444091796875, 35.38946533203131], [136.443298339844, 35.38980102539064], [136.439605712891, 35.394332885742244], [136.43640136718798, 35.396800994873004], [136.429595947266, 35.39993286132807], [136.42419433593798, 35.40593338012698], [136.42060852050798, 35.41139984130856], [136.41149902343798, 35.418598175048835], [136.41149902343798, 35.41986465454096], [136.411392211914, 35.42099761962893], [136.418197631836, 35.427131652831996], [136.41520690917997, 35.431732177734446], [136.41700744628898, 35.43413162231454], [136.422103881836, 35.44066619873051], [136.425506591797, 35.44773101806637], [136.422592163086, 35.45433425903319], [136.419692993164, 35.466533660888736], [136.41360473632798, 35.4668655395508], [136.403396606445, 35.46939849853523], [136.40119934082, 35.47159957885741], [136.39869689941398, 35.478199005127045], [136.39340209960898, 35.48440170288087], [136.387191772461, 35.487865447998], [136.38760375976597, 35.49560165405269], [136.39160156249997, 35.50320053100588], [136.39439392089798, 35.506732940673764], [136.398193359375, 35.51033401489258], [136.399703979492, 35.513465881347734], [136.402801513672, 35.5120010375977], [136.40530395507798, 35.5135345458984], [136.399795532227, 35.5204658508301], [136.40080261230497, 35.52633285522459], [136.400192260742, 35.529865264892564], [136.39680480956997, 35.53166580200202], [136.38490295410196, 35.53293228149414], [136.38169860839798, 35.537334442138686], [136.37939453124997, 35.546733856201236], [136.37490844726597, 35.554798126220724], [136.37179565429696, 35.55973434448242], [136.36790466308597, 35.55933380126952], [136.36329650878898, 35.558998107910185], [136.35629272460898, 35.5399322509766], [136.34820556640597, 35.53766632080084], [136.34570312500003, 35.53599929809572], [136.34049987793003, 35.537334442138686], [136.34019470214795, 35.54193115234378], [136.33770751953094, 35.549400329589815], [136.33189392089804, 35.550464630127024], [136.32679748535202, 35.54993438720697], [136.32539367675804, 35.54619979858399], [136.32159423828097, 35.54433441162114], [136.31779479980503, 35.54693222045896], [136.31689453125003, 35.553531646728516], [136.31730651855503, 35.56006622314449], [136.32150268554702, 35.56866455078131], [136.32279968261696, 35.583267211914134], [136.32310485839804, 35.58653259277344], [136.320007324219, 35.601268768310504], [136.31529235839804, 35.605598449707024], [136.31629943847702, 35.60713195800781], [136.32330322265602, 35.6162643432617], [136.31539916992202, 35.62326431274407], [136.31019592285202, 35.62326431274407], [136.30490112304702, 35.62073135375982], [136.29890441894503, 35.61800003051758], [136.292999267578, 35.618534088134815], [136.288696289063, 35.62033462524409], [136.286895751953, 35.62606430053707], [136.28329467773403, 35.63173294067383], [136.278900146484, 35.63686752319343], [136.28279113769503, 35.64333343505856], [136.275894165039, 35.65333175659184], [136.28059387207003, 35.658664703369084], [136.287002563477, 35.66460037231451], [136.290298461914, 35.66713333129884], [136.288604736328, 35.66986846923827], [136.29020690918, 35.67246627807618], [136.29859924316403, 35.67766571044918], [136.291702270508, 35.68513107299804], [136.29159545898403, 35.690799713134794], [136.29789733886702, 35.692932128906314], [136.30549621582003, 35.70126724243156], [136.310501098633, 35.70633316040041], [136.311401367188, 35.71193313598632], [136.32359313964804, 35.71686553955084], [136.32069396972702, 35.7234649658203], [136.32450866699202, 35.72706604003912], [136.32569885253903, 35.73273468017579], [136.32450866699202, 35.74300003051764], [136.322708129883, 35.74580001831046], [136.31889343261696, 35.7491340637207], [136.31950378418003, 35.753200531005916], [136.321899414063, 35.765865325927685], [136.32389831543003, 35.76786804199223], [136.32829284668003, 35.7751312255859], [136.33569335937494, 35.776065826415966], [136.33619689941403, 35.77453231811518], [136.34179687499994, 35.77613449096681], [136.34669494628895, 35.77686691284178], [136.35209655761696, 35.783134460449176], [136.35670471191403, 35.78626632690433], [136.35670471191403, 35.78686523437497], [136.36830139160196, 35.79073333740227], [136.37179565429696, 35.79240036010739], [136.37750244140597, 35.7952003479004], [136.38890075683597, 35.791133880615185], [136.390197753906, 35.78813171386718], [136.400192260742, 35.78900146484384], [136.404891967773, 35.78293228149409], [136.409194946289, 35.780532836914084], [136.415603637695, 35.78246688842769], [136.422897338867, 35.78013229370118], [136.426696777344, 35.77753448486327], [136.43310546875, 35.77466583251951], [136.44270324707, 35.77473449707026], [136.44560241699202, 35.77313232421881], [136.45199584960903, 35.7765998840332], [136.458602905273, 35.77906417846678], [136.461700439453, 35.77799987792966], [136.46920776367202, 35.773067474365234], [136.47489929199202, 35.773601531982386], [136.48429870605503, 35.775264739990234], [136.48539733886693, 35.77600097656248], [136.48640441894503, 35.77266693115232], [136.49679565429693, 35.76413345336908], [136.49679565429693, 35.761333465576165], [136.49679565429693, 35.76079940795901], [136.50140380859403, 35.753200531005916], [136.50569152831997, 35.75040054321292], [136.50770568847702, 35.753200531005916], [136.50869750976602, 35.757598876953104], [136.51219177246097, 35.75993347167971], [136.51339721679696, 35.76240158081047], [136.51260375976602, 35.77313232421881], [136.51629638671903, 35.77780151367193], [136.52330017089795, 35.78826522827151], [136.53750610351594, 35.78106689453133], [136.54609680175795, 35.779266357421875], [136.55250549316398, 35.7807312011719], [136.56019592285196, 35.77939987182621], [136.567199707031, 35.779197692871115], [136.57090759277298, 35.77759933471684], [136.57830810546898, 35.781467437744055], [136.58540344238298, 35.78499984741212], [136.585800170898, 35.79153442382809], [136.58970642089798, 35.7956008911133], [136.595596313477, 35.79579925537112], [136.599594116211, 35.79859924316413], [136.60290527343798, 35.794998168945305], [136.60760498046898, 35.79226684570306], [136.609298706055, 35.79140090942376], [136.612396240234, 35.788799285888665], [136.621597290039, 35.78779983520512], [136.62179565429702, 35.78686523437497], [136.627197265625, 35.79159927368158], [136.62629699707003, 35.79700088500976], [136.632705688477, 35.79593276977537], [136.638198852539, 35.79853439331046], [136.64379882812503, 35.806266784667976], [136.644897460938, 35.80686569213871], [136.65260314941403, 35.796733856201186], [136.65440368652304, 35.78573226928709], [136.66000366210903, 35.78346633911133], [136.66580200195304, 35.785198211669936], [136.67219543456994, 35.79166412353524], [136.67460632324193, 35.79179763793949], [136.67689514160202, 35.792999267578125], [136.68339538574196, 35.78960037231448], [136.69110107421903, 35.7902641296387], [136.69929504394497, 35.794334411621094], [136.70599365234395, 35.79186630249024], [136.71020507812497, 35.79286575317379], [136.72039794921898, 35.800533294677734], [136.72329711914097, 35.808200836181584], [136.73579406738298, 35.80506515502934], [136.74139404296898, 35.80133438110346], [136.746795654297, 35.8051338195801], [136.75720214843798, 35.80973434448237], [136.764495849609, 35.81026840209962], [136.773895263672, 35.8059997558594], [136.774993896484, 35.7993316650391], [136.782302856445, 35.799198150634766], [136.784698486328, 35.79859924316413], [136.789093017578, 35.79946517944343], [136.794296264648, 35.807998657226584], [136.798202514648, 35.82133102416993], [136.79789733886702, 35.82913208007811], [136.79960632324202, 35.83653259277339], [136.802597045898, 35.843864440918], [136.81599426269503, 35.842800140380874], [136.826293945313, 35.846534729003935], [136.82839965820304, 35.84893417358403], [136.83200073242202, 35.85806655883791], [136.82719421386693, 35.86906433105474], [136.82589721679702, 35.87226867675783], [136.824401855469, 35.87486648559574], [136.819107055664, 35.88186645507811], [136.82249450683602, 35.888198852539084], [136.82209777832003, 35.896198272705085], [136.81719970703102, 35.90166473388667], [136.81590270996102, 35.90439987182618], [136.81159973144503, 35.91253280639652], [136.805404663086, 35.913200378418004], [136.798904418945, 35.91899871826173], [136.799194335938, 35.91986465454104], [136.793106079102, 35.92126464843749], [136.79010009765602, 35.921001434326186], [136.78439331054702, 35.92440032958983], [136.784591674805, 35.929000854492195], [136.793304443359, 35.942867279052685], [136.79150390625, 35.94673156738281], [136.786102294922, 35.94900131225593], [136.784194946289, 35.94879913330084], [136.77630615234398, 35.9512672424316], [136.769104003906, 35.951000213623026], [136.753494262695, 35.9562644958496], [136.749496459961, 35.96126556396479], [136.750091552734, 35.966934204101634], [136.75309753417997, 35.96913146972664], [136.750701904297, 35.99039840698241], [136.746795654297, 35.99126434326171], [136.72639465331997, 35.99593353271484], [136.72900390624997, 36.00320053100587], [136.72889709472696, 36.009731292724574], [136.73170471191398, 36.014533996582024], [136.731994628906, 36.01913452148439], [136.73390197753898, 36.0219345092773], [136.73359680175798, 36.02893447875976], [136.73550415039097, 36.04019927978516], [136.73449707031295, 36.04840087890634], [136.73300170898398, 36.049331665039134], [136.740295410156, 36.05486679077147], [136.73980712890597, 36.057067871093835], [136.746795654297, 36.06106567382811], [136.752899169922, 36.06313323974614], [136.759902954102, 36.067264556884844], [136.76379394531298, 36.067733764648416], [136.76260375976597, 36.075332641601605], [136.757904052734, 36.081001281738274], [136.753997802734, 36.0863990783691], [136.754196166992, 36.08653259277343], [136.75700378417997, 36.099933624267614], [136.764801025391, 36.10573196411126], [136.77020263671898, 36.11640167236329], [136.77209472656298, 36.125865936279325], [136.77789306640602, 36.13053512573236], [136.77880859375, 36.13359832763667], [136.779602050781, 36.142265319824155], [136.775604248047, 36.14500045776367], [136.775299072266, 36.150199890136676], [136.77160644531298, 36.155464172363345], [136.77239990234398, 36.15806579589844], [136.765701293945, 36.161132812500014], [136.768203735352, 36.16433334350592], [136.775695800781, 36.16540145874023], [136.781707763672, 36.16686630249017], [136.786895751953, 36.16646575927726], [136.791000366211, 36.16986465454099], [136.79840087890602, 36.172798156738324], [136.802200317383, 36.18766784667972], [136.80670166015602, 36.19186782836909], [136.80700683593798, 36.192268371581996], [136.81779479980503, 36.201000213622976], [136.82200622558602, 36.20119857788088], [136.82159423828102, 36.2035331726074], [136.81990051269503, 36.20840072631843], [136.82530212402304, 36.21333312988277], [136.83140563964804, 36.21866607666019], [136.83419799804702, 36.22553253173832], [136.83959960937503, 36.23239898681644], [136.846801757813, 36.244468688964844], [136.85040283203094, 36.24693298339842], [136.85150146484403, 36.248401641845724], [136.84950256347702, 36.252265930175845], [136.84669494628903, 36.25320053100591], [136.84399414062503, 36.256866455078125], [136.84320068359403, 36.25986480712894], [136.84140014648403, 36.25979995727537], [136.83430480957003, 36.26366806030267], [136.83259582519503, 36.26606750488276], [136.82969665527304, 36.26613235473634], [136.82479858398403, 36.26606750488276], [136.82209777832003, 36.266399383544915], [136.81449890136702, 36.26633453369143], [136.81309509277304, 36.271266937255945], [136.805603027344, 36.276798248291016], [136.805297851563, 36.28480148315429], [136.798202514648, 36.29133224487299], [136.795104980469, 36.29380035400393], [136.792098999023, 36.299133300781264], [136.800003051758, 36.30519866943357], [136.80589294433602, 36.30566787719733], [136.81019592285202, 36.30319976806639], [136.82519531250003, 36.30313110351563], [136.82679748535202, 36.30319976806639], [136.831497192383, 36.306533813476634], [136.83189392089804, 36.30753326416018], [136.83059692382804, 36.309333801269545], [136.83590698242202, 36.3198013305664], [136.84199523925804, 36.3338661193848], [136.84089660644503, 36.33653259277338], [136.83750915527304, 36.34439849853523], [136.83709716796903, 36.34746551513672], [136.84419250488304, 36.35106658935553], [136.84770202636696, 36.34973144531248], [136.85440063476602, 36.34746551513672], [136.85639953613304, 36.34973144531248], [136.86509704589795, 36.349800109863324], [136.86520385742196, 36.35279846191414], [136.86500549316403, 36.35660171508787], [136.86849975585898, 36.36500167846678], [136.87130737304696, 36.36753463745121], [136.87179565429696, 36.367401123046875], [136.87269592285196, 36.36353302001948], [136.87399291992196, 36.361000061035234], [136.87609863281304, 36.359401702880874], [136.87339782714798, 36.353668212890625], [136.87179565429696, 36.35340118408196], [136.87049865722696, 36.35346603393554], [136.87030029296903, 36.34906768798826], [136.87179565429696, 36.34966659545899], [136.87559509277298, 36.35013198852538], [136.87519836425804, 36.34606552124017], [136.87490844726602, 36.3429336547852], [136.87910461425804, 36.34479904174796], [136.88279724121097, 36.342266082763715], [136.88830566406304, 36.34606552124017], [136.89309692382798, 36.348400115966776], [136.89779663085898, 36.35346603393554], [136.90370178222696, 36.35733413696293], [136.907196044922, 36.361000061035234], [136.91870117187497, 36.355934143066385], [136.92579650878898, 36.353668212890625], [136.934097290039, 36.348598480224595], [136.94010925292997, 36.34906768798826], [136.946701049805, 36.346134185791016], [136.951995849609, 36.33946609497071], [136.95529174804702, 36.338268280029254], [136.956405639648, 36.33653259277338], [136.96049499511702, 36.32653427124019], [136.964599609375, 36.318531036377], [136.971298217773, 36.3148651123047], [136.972106933594, 36.30920028686521], [136.968200683594, 36.30220031738284], [136.966903686523, 36.295600891113295], [136.96539306640602, 36.29373550415044], [136.960205078125, 36.28626632690432], [136.96049499511702, 36.283535003662074], [136.957794189453, 36.279067993164134], [136.960296630859, 36.27706527709959], [136.96659851074202, 36.27726745605468], [136.968399047852, 36.27553558349607], [136.97050476074202, 36.27780151367192], [136.97509765625, 36.274467468261676], [136.985794067383, 36.282466888427685], [136.98649597168, 36.28626632690432], [136.99679565429702, 36.28726577758787], [137.00509643554702, 36.28813552856453], [137.00740051269503, 36.2910652160645], [137.01119995117202, 36.2932014465332], [137.01139831543003, 36.29420089721684], [137.01190185546903, 36.298732757568445], [137.01579284668003, 36.305000305175845], [137.02099609375003, 36.309467315673785], [137.01800537109403, 36.31319808959958], [137.02029418945304, 36.318531036377], [137.02439880371102, 36.31686782836906], [137.03630065918003, 36.3176651000977], [137.04479980468804, 36.324001312255945], [137.05189514160196, 36.33020019531249], [137.05169677734403, 36.33653259277338], [137.05459594726597, 36.33953475952147], [137.05850219726597, 36.34266662597662], [137.04879760742196, 36.3457984924316], [137.05160522460898, 36.35060119628914], [137.05670166015597, 36.35693359375002], [137.06140136718804, 36.36719894409179], [137.05839538574196, 36.36899948120124], [137.05819702148398, 36.37213134765631]]]}}, {"type": "Feature", "properties": {"name": "静岡県"}, "geometry": {"type": "MultiPolygon", "coordinates": [[[[138.21859741210903, 35.64446640014653], [138.22830200195304, 35.645999908447315], [138.23179626464804, 35.63899993896477], [138.22880554199202, 35.625133514404276], [138.23669433593804, 35.62073135375982], [138.23420715332003, 35.61473464965818], [138.23600769043003, 35.61233139038091], [138.236206054688, 35.60606765747069], [138.24040222168003, 35.604465484619055], [138.24339294433597, 35.59140014648438], [138.23930358886696, 35.58653259277344], [138.23959350585895, 35.5831336975098], [138.24220275878903, 35.572334289550795], [138.24499511718804, 35.569133758544886], [138.24549865722702, 35.56159973144528], [138.24679565429696, 35.560600280761726], [138.25509643554696, 35.554599761962905], [138.25939941406304, 35.55193328857424], [138.25840759277304, 35.53766632080084], [138.25840759277304, 35.52966690063483], [138.26150512695304, 35.52846527099611], [138.26310729980503, 35.525665283203104], [138.26800537109403, 35.515666961669915], [138.26770019531304, 35.5135345458984], [138.26029968261696, 35.50473403930658], [138.26020812988304, 35.50320053100588], [138.25720214843804, 35.47520065307623], [138.25259399414094, 35.46526718139653], [138.24679565429696, 35.463397979736314], [138.24430847168003, 35.45579910278322], [138.24679565429696, 35.450065612792976], [138.24989318847696, 35.44626617431643], [138.25559997558597, 35.44426727294924], [138.25729370117196, 35.437866210937514], [138.25959777831997, 35.425933837890625], [138.25849914550804, 35.41986465454096], [138.25709533691395, 35.406734466552706], [138.24679565429696, 35.40000152587891], [138.24679565429696, 35.39693450927734], [138.24679565429696, 35.39379882812501], [138.24330139160202, 35.38940048217773], [138.23860168457003, 35.385864257812486], [138.23280334472702, 35.37620162963872], [138.23300170898403, 35.37080001831054], [138.24090576171903, 35.36746597290038], [138.24430847168003, 35.36566543579102], [138.24679565429696, 35.367134094238324], [138.25109863281304, 35.36233139038087], [138.25379943847693, 35.35266494750983], [138.25500488281304, 35.348266601562464], [138.25529479980503, 35.34153366088867], [138.25680541992196, 35.338466644287095], [138.25489807128903, 35.3365325927734], [138.24879455566403, 35.33153152465822], [138.25199890136696, 35.32880020141597], [138.25239562988304, 35.32573318481448], [138.25500488281304, 35.32333374023439], [138.25619506835898, 35.31859970092769], [138.26130676269497, 35.31519699096678], [138.27119445800804, 35.313331604003935], [138.27780151367196, 35.30659866333014], [138.28559875488295, 35.30459976196287], [138.29519653320298, 35.3146667480469], [138.29690551757798, 35.316467285156264], [138.308898925781, 35.318531036377024], [138.31750488281298, 35.32406616210936], [138.32830810546898, 35.32753372192376], [138.33549499511702, 35.32653427124021], [138.346603393555, 35.316333770752024], [138.352401733398, 35.31586456298827], [138.358596801758, 35.317268371581996], [138.359497070313, 35.313331604003935], [138.36540222168, 35.311664581298814], [138.371505737305, 35.30113220214838], [138.37179565429702, 35.299999237060504], [138.372406005859, 35.29940032958977], [138.37179565429702, 35.29766845703134], [138.36669921875, 35.2893981933594], [138.36799621582003, 35.278133392334006], [138.36729431152304, 35.272064208984425], [138.36920166015602, 35.268466949462876], [138.37179565429702, 35.26506805419924], [138.379302978516, 35.25339889526366], [138.38020324707003, 35.25320053100593], [138.385696411133, 35.24520111083984], [138.38819885253903, 35.237068176269496], [138.39129638671903, 35.22273254394534], [138.39210510253903, 35.21633148193361], [138.39540100097702, 35.20619964599609], [138.39860534668003, 35.200267791748026], [138.40939331054696, 35.202533721923785], [138.41889953613304, 35.19833374023442], [138.42919921874994, 35.18186569213874], [138.44039916992196, 35.17793273925777], [138.44219970703097, 35.17926406860347], [138.45880126953097, 35.178665161132834], [138.46229553222696, 35.17873382568359], [138.47239685058597, 35.17613220214841], [138.47779846191398, 35.17733383178713], [138.481994628906, 35.173866271972734], [138.485198974609, 35.17326736450201], [138.487396240234, 35.16986846923828], [138.491592407227, 35.16846466064447], [138.49279785156298, 35.16986846923828], [138.496200561523, 35.17380142211907], [138.496795654297, 35.17466735839837], [138.501998901367, 35.178199768066435], [138.50750732421898, 35.18640136718753], [138.514205932617, 35.19160079956053], [138.514999389648, 35.19406509399411], [138.516204833984, 35.1966667175293], [138.514404296875, 35.19659805297854], [138.517593383789, 35.19846725463866], [138.51860046386702, 35.19713211059569], [138.521102905273, 35.19786834716802], [138.522308349609, 35.19906616210939], [138.529495239258, 35.19806671142584], [138.532897949219, 35.201534271240234], [138.531204223633, 35.21099853515627], [138.527404785156, 35.21666717529303], [138.53219604492202, 35.223400115966825], [138.52909851074202, 35.23113250732416], [138.526504516602, 35.235000610351555], [138.52180480957, 35.249931335449176], [138.521392822266, 35.25320053100593], [138.51460266113298, 35.26319885253912], [138.51679992675798, 35.26753234863282], [138.520294189453, 35.27280044555658], [138.5205078125, 35.28559875488277], [138.516494750977, 35.29673385620119], [138.51330566406298, 35.30433273315429], [138.51249694824202, 35.314064025878906], [138.525604248047, 35.32279968261724], [138.52900695800798, 35.326999664306605], [138.53489685058602, 35.330600738525426], [138.534591674805, 35.3365325927734], [138.53300476074202, 35.34299850463871], [138.529296875, 35.34986495971683], [138.52990722656298, 35.35853195190432], [138.529403686523, 35.377666473388665], [138.52799987793, 35.378932952880874], [138.535797119141, 35.38993453979488], [138.53300476074202, 35.39813232421879], [138.531600952148, 35.40620040893547], [138.533401489258, 35.410598754882834], [138.542190551758, 35.41506576538087], [138.54589843750003, 35.416999816894474], [138.548004150391, 35.41986465454096], [138.55670166015602, 35.42793273925781], [138.55889892578102, 35.43413162231454], [138.56640625000003, 35.436134338378906], [138.57359313964804, 35.44039916992194], [138.57780456543003, 35.44186401367188], [138.58189392089804, 35.44573211669918], [138.58909606933594, 35.4365997314453], [138.59419250488304, 35.434467315673785], [138.59790039062503, 35.43080139160157], [138.60099792480503, 35.41986465454096], [138.60960388183597, 35.393199920654276], [138.62179565429696, 35.39526748657231], [138.63890075683597, 35.39820098876946], [138.66349792480497, 35.39826583862304], [138.67109680175798, 35.39279937744137], [138.680404663086, 35.357666015625014], [138.69929504394503, 35.360332489013686], [138.700698852539, 35.3626670837402], [138.717697143555, 35.36493301391596], [138.72549438476602, 35.36479949951172], [138.72689819335903, 35.36386871337893], [138.72999572753903, 35.36446762084957], [138.74679565429702, 35.367401123046896], [138.78649902343804, 35.37426757812502], [138.80279541015597, 35.376331329345696], [138.81990051269497, 35.37566757202148], [138.82179260253898, 35.374065399169936], [138.83000183105497, 35.379531860351605], [138.83360290527298, 35.38373184204097], [138.847396850586, 35.38886642456049], [138.852096557617, 35.390201568603544], [138.856704711914, 35.38800048828127], [138.862396240234, 35.3901329040527], [138.87179565429702, 35.38180160522463], [138.873199462891, 35.38146591186521], [138.87969970703102, 35.385864257812486], [138.887893676758, 35.38639831542973], [138.89419555664102, 35.39080047607418], [138.899200439453, 35.39253234863279], [138.90550231933602, 35.39693450927734], [138.91250610351602, 35.398933410644524], [138.91619873046903, 35.4005317687988], [138.93139648437503, 35.401000976562464], [138.93989562988304, 35.39953231811516], [138.94599914550804, 35.399665832519496], [138.95239257812497, 35.40146636962886], [138.96690368652298, 35.40193176269534], [138.96969604492196, 35.404865264892585], [138.98260498046895, 35.40346527099613], [138.98530578613304, 35.401668548584034], [138.99539184570298, 35.40313339233398], [138.996795654297, 35.40266418457031], [139.00170898437497, 35.39879989624019], [138.99940490722696, 35.38180160522463], [139.00569152832, 35.37433242797851], [139.00849914550798, 35.35953140258787], [139.01319885253898, 35.358398437499986], [139.008605957031, 35.349800109863345], [139.01069641113298, 35.342201232910156], [139.011795043945, 35.33733367919922], [139.012298583984, 35.3365325927734], [139.018692016602, 35.32979965209961], [139.01460266113298, 35.32046508789063], [139.01260375976597, 35.31840133666987], [139.010101318359, 35.31133270263666], [139.00569152832, 35.29399871826168], [139.00480651855497, 35.28966522216798], [138.996795654297, 35.28799819946286], [138.99310302734398, 35.2848663330078], [138.98210144042997, 35.27259826660158], [138.97970581054696, 35.26860046386721], [138.97520446777298, 35.261734008789084], [138.97470092773398, 35.25320053100593], [138.97590637206997, 35.24493408203126], [138.97799682617196, 35.24000167846683], [138.97599792480497, 35.23559951782229], [138.97819519042997, 35.234668731689496], [138.97889709472696, 35.23120117187501], [138.98300170898398, 35.223533630371065], [138.981994628906, 35.219467163085945], [138.98719787597696, 35.21306610107421], [138.98730468749997, 35.20846557617194], [138.987594604492, 35.2011985778809], [138.98919677734398, 35.200664520263665], [138.996795654297, 35.19440078735354], [139.00149536132798, 35.18973159790041], [139.011795043945, 35.18220138549798], [139.01379394531298, 35.18220138549798], [139.021499633789, 35.18173217773441], [139.023406982422, 35.178001403808615], [139.026107788086, 35.17553329467768], [139.027603149414, 35.17119979858398], [139.028594970703, 35.16986846923828], [139.028701782227, 35.16659927368161], [139.027404785156, 35.16159820556643], [139.02729797363298, 35.15973281860349], [139.03059387207, 35.157798767089794], [139.028701782227, 35.1506004333496], [139.030502319336, 35.1497344970703], [139.043701171875, 35.14986801147463], [139.050399780273, 35.14853286743158], [139.053405761719, 35.14680099487297], [139.059906005859, 35.14633178710939], [139.06719970703102, 35.14446640014654], [139.07679748535202, 35.14453125000003], [139.08599853515602, 35.14093399047848], [139.10240173339804, 35.140735626220746], [139.11149597168003, 35.141334533691385], [139.10830688476602, 35.12953186035156], [139.09849548339804, 35.11866760253907], [139.08940124511702, 35.11393356323237], [139.08689880371102, 35.10893249511719], [139.08250427246102, 35.10126876831052], [139.07859802246102, 35.09973144531246], [139.07460021972702, 35.09273147583009], [139.081497192383, 35.08653259277336], [139.08180236816403, 35.08633422851563], [139.074401855469, 35.08033370971681], [139.079299926758, 35.069267272949226], [139.07859802246102, 35.0686683654785], [139.07460021972702, 35.061401367187464], [139.06869506835903, 35.05680084228519], [139.07389831543, 35.04679870605473], [139.078308105469, 35.047466278076215], [139.080001831055, 35.04713439941406], [139.08610534668, 35.04466629028322], [139.08909606933602, 35.047466278076215], [139.09210205078102, 35.04953384399407], [139.09950256347702, 35.04606628417967], [139.09849548339804, 35.03139877319336], [139.09770202636693, 35.018932342529325], [139.09960937500003, 35.01093292236332], [139.09840393066403, 35.007465362548835], [139.09249877929702, 35.00786590576174], [139.08819580078102, 35.008800506591804], [139.08349609375003, 35.00320053100589], [139.084335327148, 35], [139.08480834960903, 34.99819946289062], [139.09170532226602, 34.99093246459958], [139.09300231933602, 34.99106597900391], [139.09399414062503, 34.98113250732421], [139.09570312500003, 34.975601196289055], [139.10490417480503, 34.970134735107386], [139.10839843750003, 34.97159957885742], [139.10870361328094, 34.97173309326166], [139.10890197753903, 34.971866607665994], [139.11160278320304, 34.97313308715821], [139.12179565429696, 34.971866607665994], [139.12759399414097, 34.969066619873], [139.12770080566403, 34.96799850463869], [139.12980651855503, 34.96300125122069], [139.12989807128895, 34.960597991943416], [139.12910461425804, 34.95706558227544], [139.13450622558597, 34.9515342712402], [139.13659667968804, 34.952865600585895], [139.13890075683597, 34.95273208618156], [139.14370727539094, 34.955867767333984], [139.14520263671903, 34.95579910278323], [139.14619445800795, 34.95339965820314], [139.14599609374997, 34.950466156005895], [139.14610290527298, 34.947265624999986], [139.14529418945298, 34.94273376464837], [139.14329528808597, 34.940868377685526], [139.14790344238304, 34.93613433837891], [139.14669799804696, 34.934799194335945], [139.14700317382795, 34.931465148925795], [139.14720153808597, 34.929798126220675], [139.14019775390597, 34.91986465454097], [139.14010620117196, 34.91206741333014], [139.13859558105497, 34.90746688842769], [139.13659667968804, 34.90499877929693], [139.13439941406304, 34.903400421142564], [139.13240051269497, 34.89626693725587], [139.13830566406304, 34.89466476440432], [139.14050292968804, 34.89073181152344], [139.13859558105497, 34.88953399658198], [139.13420104980503, 34.886066436767585], [139.13139343261696, 34.87886810302731], [139.12429809570304, 34.87559890747073], [139.12179565429696, 34.87453460693361], [139.11849975585895, 34.87239837646482], [139.11079406738304, 34.870468139648395], [139.10850524902304, 34.870532989501974], [139.10270690918003, 34.86946487426758], [139.10260009765594, 34.86873245239261], [139.09970092773403, 34.863399505615185], [139.09820556640602, 34.85779953002927], [139.094604492188, 34.85599899291991], [139.08799743652304, 34.85820007324218], [139.08480834960903, 34.85393142700197], [139.08250427246102, 34.85213470458978], [139.08200073242202, 34.84980010986327], [139.07789611816403, 34.84286499023438], [139.07749938964804, 34.83653259277341], [139.07530212402304, 34.831001281738345], [139.079299926758, 34.825199127197344], [139.07739257812503, 34.822265625], [139.07780456543, 34.8190650939941], [139.071304321289, 34.813999176025426], [139.06280517578102, 34.801601409912145], [139.06230163574202, 34.79553222656248], [139.058303833008, 34.78480148315432], [139.057205200195, 34.784866333007805], [139.05390930175798, 34.78060150146477], [139.04179382324202, 34.77373123168947], [139.043701171875, 34.77126693725589], [139.047500610352, 34.77093505859383], [139.04780578613298, 34.767665863037074], [139.039108276367, 34.76573181152337], [139.029205322266, 34.767799377441406], [139.02580261230497, 34.76406860351561], [139.02459716796898, 34.763267517089794], [139.021102905273, 34.75479888916021], [139.01440429687497, 34.75320053100594], [139.01350402832, 34.75186538696288], [139.00979614257798, 34.75226593017579], [139.00630187988298, 34.75246429443361], [138.99749755859398, 34.74253463745118], [139, 34.73659896850593], [138.996795654297, 34.72933578491208], [138.99659729003898, 34.729000091552656], [138.99389648437497, 34.72859954833984], [138.99330139160196, 34.72786712646478], [138.99359130859398, 34.72633361816408], [138.99189758300798, 34.725799560546925], [138.99169921874997, 34.72340011596683], [138.99090576171898, 34.72253417968753], [138.98919677734398, 34.72273254394526], [138.98890686035196, 34.72219848632811], [138.992492675781, 34.71760177612301], [138.98570251464798, 34.71346664428713], [138.98280334472696, 34.70973587036134], [138.97869873046898, 34.70866775512704], [138.97869873046898, 34.704601287841825], [138.97749328613298, 34.704334259033246], [138.97340393066398, 34.69066619873048], [138.97489929199196, 34.6858673095703], [138.97720336914097, 34.68233489990233], [138.98019409179696, 34.681598663330085], [138.97810363769497, 34.68000030517581], [138.97830200195298, 34.67700195312499], [138.97279357910196, 34.6759338378906], [138.97479248046898, 34.67233276367187], [138.97659301757798, 34.67286682128911], [138.97790527343804, 34.66986846923829], [138.97889709472696, 34.668869018554744], [138.97869873046898, 34.66839981079099], [138.98039245605497, 34.667201995849624], [138.98379516601597, 34.66839981079099], [138.98570251464798, 34.668266296386655], [138.98669433593795, 34.66713333129878], [138.98519897460898, 34.6644668579102], [138.98719787597696, 34.65786743164056], [138.98289489746097, 34.65906524658202], [138.98150634765597, 34.660202026367166], [138.97859191894497, 34.65386581420901], [138.97169494628898, 34.65433502197268], [138.96910095214798, 34.65573501586913], [138.96780395507804, 34.656200408935526], [138.96649169921898, 34.65326690673828], [138.96089172363304, 34.65433502197268], [138.95709228515597, 34.653999328613345], [138.95709228515597, 34.65913391113277], [138.95860290527295, 34.661468505859375], [138.96089172363304, 34.66986846923829], [138.96350097656304, 34.672534942627045], [138.95869445800804, 34.67526626586911], [138.95739746093804, 34.67653274536133], [138.95300292968804, 34.675201416015625], [138.95350646972702, 34.67399978637699], [138.94779968261696, 34.67366790771484], [138.94879150390597, 34.66986846923829], [138.94879150390597, 34.66799926757808], [138.94679260253895, 34.665668487548835], [138.94720458984403, 34.66513442993159], [138.94769287109403, 34.662601470947344], [138.94520568847702, 34.663799285888715], [138.94299316406304, 34.66653442382814], [138.94110107421903, 34.667667388916016], [138.93870544433602, 34.666732788085866], [138.936401367188, 34.66653442382814], [138.94129943847702, 34.662265777587926], [138.93959045410196, 34.661468505859375], [138.93629455566403, 34.659400939941435], [138.93269348144497, 34.660400390624986], [138.92529296875003, 34.656200408935526], [138.91929626464804, 34.65313339233404], [138.91690063476602, 34.647998809814524], [138.91769409179702, 34.64473342895513], [138.91529846191403, 34.6413345336914], [138.91250610351602, 34.63560104370124], [138.907897949219, 34.632266998291], [138.90640258789102, 34.63173294067376], [138.90480041503903, 34.62886810302727], [138.897705078125, 34.63326644897464], [138.89599609375003, 34.632266998291], [138.894302368164, 34.63413238525394], [138.889999389648, 34.63353347778321], [138.888595581055, 34.628532409668026], [138.89140319824202, 34.629001617431605], [138.888702392578, 34.62493133544921], [138.88619995117202, 34.626865386962905], [138.886901855469, 34.62386703491209], [138.879592895508, 34.62419891357424], [138.875595092773, 34.62266540527336], [138.87179565429702, 34.617465972900355], [138.86669921875, 34.61953353881839], [138.863693237305, 34.61626815795899], [138.858993530273, 34.61506652832026], [138.860000610352, 34.6124000549316], [138.856704711914, 34.61286544799799], [138.852294921875, 34.61186599731453], [138.849700927734, 34.61313247680657], [138.84899902343798, 34.609199523925774], [138.848693847656, 34.6084671020508], [138.847793579102, 34.60453414916992], [138.846099853516, 34.6061325073242], [138.84320068359398, 34.608131408691385], [138.843490600586, 34.607131958007834], [138.845199584961, 34.60359954833977], [138.845993041992, 34.60213470458983], [138.844100952148, 34.6017990112305], [138.843597412109, 34.601135253906286], [138.84149169921898, 34.60240173339841], [138.839996337891, 34.60459899902341], [138.83869934082, 34.60386657714844], [138.83610534667997, 34.605400085449226], [138.83619689941398, 34.60466766357417], [138.832092285156, 34.605068206787074], [138.82870483398398, 34.605400085449226], [138.82620239257798, 34.60620117187504], [138.825500488281, 34.6076011657715], [138.824996948242, 34.61006546020508], [138.82470703124997, 34.6119346618652], [138.82350158691398, 34.61593246459957], [138.82119750976597, 34.612266540527266], [138.81829833984398, 34.61420059204096], [138.81500244140597, 34.61479949951169], [138.81379699706997, 34.621067047119084], [138.81140136718804, 34.62326431274409], [138.80999755859398, 34.62773132324221], [138.80099487304696, 34.62446594238281], [138.79859924316398, 34.621799468994055], [138.79760742187497, 34.6223335266113], [138.79589843749997, 34.62279891967769], [138.79510498046903, 34.62220001220697], [138.79400634765597, 34.62253189086912], [138.79379272460898, 34.63326644897464], [138.79069519042997, 34.636466979980455], [138.78889465331997, 34.63906860351564], [138.78590393066403, 34.639133453369126], [138.78219604492196, 34.63773345947267], [138.78109741210898, 34.63846588134773], [138.77799987793003, 34.63966751098628], [138.77229309081997, 34.647731781005945], [138.77339172363304, 34.65499877929689], [138.77459716796903, 34.6545333862305], [138.77850341796903, 34.654598236083984], [138.78019714355503, 34.65893554687504], [138.78439331054696, 34.66126632690429], [138.79019165039097, 34.65933227539059], [138.78950500488304, 34.66093444824222], [138.79139709472696, 34.661933898925774], [138.78970336914094, 34.66640090942381], [138.78829956054696, 34.669601440429716], [138.78410339355503, 34.6677322387695], [138.78459167480497, 34.66706848144529], [138.78329467773398, 34.667201995849624], [138.78370666503903, 34.66640090942381], [138.78030395507804, 34.66653442382814], [138.77859497070304, 34.66713333129878], [138.77709960937494, 34.66986846923829], [138.77690124511696, 34.67433547973632], [138.76980590820304, 34.68120193481454], [138.76679992675804, 34.68019866943363], [138.76689147949196, 34.683666229248026], [138.75729370117196, 34.69093322753906], [138.74679565429702, 34.68846893310548], [138.74330139160202, 34.687599182128906], [138.73919677734403, 34.68993377685551], [138.743103027344, 34.69333267211906], [138.74119567871102, 34.694667816162124], [138.74240112304702, 34.69620132446291], [138.74269104003903, 34.69693374633788], [138.74319458007804, 34.70013427734379], [138.74069213867202, 34.70019912719728], [138.740600585938, 34.70093154907234], [138.74020385742202, 34.70446777343749], [138.741897583008, 34.71500015258792], [138.74169921875003, 34.722667694091776], [138.74040222168003, 34.724132537841804], [138.73910522460903, 34.72620010375984], [138.741897583008, 34.72773361206053], [138.74319458007804, 34.72646713256841], [138.74510192871102, 34.727931976318445], [138.74679565429702, 34.72786712646478], [138.74679565429702, 34.728534698486264], [138.74679565429702, 34.72906494140632], [138.74679565429702, 34.73306655883787], [138.74679565429702, 34.7332000732422], [138.74679565429702, 34.733333587646534], [138.74830627441403, 34.733333587646534], [138.74969482421903, 34.73546600341796], [138.75379943847702, 34.73293304443363], [138.75599670410202, 34.73300170898438], [138.75579833984403, 34.739601135253935], [138.75779724121102, 34.73759841918948], [138.75929260253903, 34.737667083740234], [138.76089477539102, 34.74060058593748], [138.75619506835903, 34.74406814575197], [138.75529479980503, 34.74700164794921], [138.75799560546903, 34.74633407592773], [138.75950622558602, 34.74673461914063], [138.76429748535202, 34.751667022705064], [138.765502929688, 34.75099945068358], [138.76710510253903, 34.751800537109396], [138.76789855956997, 34.75153350830082], [138.76980590820304, 34.75320053100594], [138.77059936523395, 34.75320053100594], [138.77070617675804, 34.75320053100594], [138.77189636230503, 34.75320053100594], [138.77380371093804, 34.75320053100594], [138.77430725097702, 34.75146865844733], [138.77560424804696, 34.751667022705064], [138.77479553222696, 34.75320053100594], [138.77479553222696, 34.75460052490231], [138.77600097656304, 34.758934020996094], [138.77580261230503, 34.76246643066407], [138.77569580078097, 34.7641334533691], [138.77339172363304, 34.768867492675795], [138.77119445800804, 34.76873397827146], [138.76930236816403, 34.77000045776368], [138.76699829101602, 34.769664764404254], [138.76339721679696, 34.770065307617166], [138.77020263671903, 34.773200988769496], [138.76860046386696, 34.775466918945256], [138.76910400390597, 34.77446746826171], [138.76660156250003, 34.77560043334959], [138.76579284668003, 34.77780151367186], [138.76739501953097, 34.77780151367186], [138.76689147949196, 34.78160095214841], [138.76519775390597, 34.783466339111264], [138.76240539550804, 34.78613281250002], [138.76159667968804, 34.788532257080114], [138.75999450683594, 34.790866851806626], [138.75830078125003, 34.792400360107415], [138.75619506835903, 34.79180145263669], [138.75779724121102, 34.79386520385736], [138.75619506835903, 34.79513549804693], [138.757202148438, 34.79733276367193], [138.75279235839804, 34.79986572265627], [138.75650024414102, 34.80360031127933], [138.75700378418003, 34.80173110961912], [138.75849914550804, 34.80193328857421], [138.75900268554702, 34.80120086669924], [138.76109313964804, 34.80179977416988], [138.76249694824196, 34.80226516723627], [138.76060485839804, 34.80513381958012], [138.76460266113304, 34.807266235351634], [138.76530456543003, 34.80946731567382], [138.76409912109403, 34.81219863891597], [138.763305664063, 34.8125343322754], [138.75920104980503, 34.81173324584958], [138.75799560546903, 34.81219863891597], [138.75599670410202, 34.81153106689449], [138.75169372558602, 34.81919860839843], [138.75239562988304, 34.822731018066406], [138.75669860839804, 34.82653427124022], [138.75990295410202, 34.82886505126947], [138.76269531250003, 34.828330993652315], [138.765502929688, 34.828399658203075], [138.76350402832003, 34.82733154296877], [138.76159667968804, 34.82559967041016], [138.76319885253903, 34.825733184814496], [138.76649475097693, 34.821800231933615], [138.76809692382804, 34.8233337402344], [138.76770019531304, 34.829933166503864], [138.76440429687503, 34.831134796142585], [138.76170349121102, 34.83653259277341], [138.76049804687503, 34.84313201904296], [138.76379394531304, 34.84286499023438], [138.76510620117202, 34.843067169189474], [138.76530456543003, 34.84686660766602], [138.76780700683602, 34.84780120849608], [138.76939392089795, 34.84626770019529], [138.77459716796903, 34.84966659545902], [138.77529907226602, 34.85626602172848], [138.76739501953097, 34.857864379882756], [138.76699829101602, 34.858467102050845], [138.76620483398403, 34.86173248291024], [138.75990295410202, 34.861198425293], [138.75379943847702, 34.867801666259815], [138.75709533691403, 34.86946487426758], [138.75610351562503, 34.88446807861331], [138.76780700683602, 34.89666748046877], [138.77220153808594, 34.89506530761723], [138.78039550781304, 34.89973449707026], [138.78149414062497, 34.90539932250984], [138.78269958496097, 34.905265808105504], [138.78579711914097, 34.905998229980476], [138.78750610351602, 34.90593338012699], [138.78970336914094, 34.90800094604493], [138.78709411621097, 34.91266632080078], [138.78839111328097, 34.91253280639654], [138.78649902343804, 34.9143333435059], [138.78590393066403, 34.91986465454097], [138.77900695800804, 34.92559814453131], [138.77580261230503, 34.938999176025405], [138.77549743652295, 34.9416007995605], [138.76770019531304, 34.94900131225586], [138.76310729980503, 34.96260070800778], [138.76319885253903, 34.97513198852539], [138.76730346679693, 34.97760009765633], [138.76579284668003, 34.974132537841754], [138.765502929688, 34.97326660156254], [138.77169799804696, 34.969867706298814], [138.77369689941403, 34.96979904174797], [138.77659606933597, 34.97046661376954], [138.77439880371097, 34.97893142700203], [138.76989746093804, 34.98040008544924], [138.77000427246102, 34.985267639160185], [138.77319335937497, 34.99359893798834], [138.77867126464798, 35], [138.77890014648398, 35.00026702880864], [138.77980041503903, 35.00320053100589], [138.77850341796903, 35.00799942016599], [138.77969360351597, 35.01739883422854], [138.78109741210898, 35.01860046386717], [138.78289794921903, 35.02253341674796], [138.78739929199196, 35.030200958251996], [138.78929138183597, 35.030200958251996], [138.78700256347696, 35.02793121337888], [138.78680419921903, 35.02393341064451], [138.78950500488304, 35.024333953857415], [138.79420471191395, 35.02360153198244], [138.79609680175804, 35.02379989624018], [138.80000305175804, 35.02106857299802], [138.81069946289097, 35.0191993713379], [138.81300354003898, 35.02186584472657], [138.82139587402298, 35.02393341064451], [138.82530212402298, 35.02293395996087], [138.82800292968795, 35.02293395996087], [138.82960510253898, 35.02140045166017], [138.83499145507798, 35.018932342529325], [138.83709716796898, 35.01773452758787], [138.838592529297, 35.01779937744144], [138.841598510742, 35.01813125610351], [138.845596313477, 35.013866424560476], [138.84809875488298, 35.01620101928708], [138.85119628906298, 35.016067504882834], [138.856002807617, 35.020000457763715], [138.859100341797, 35.01986694335938], [138.867706298828, 35.02173233032232], [138.869705200195, 35.021667480468835], [138.87179565429702, 35.022731781005874], [138.87579345703102, 35.02486801147457], [138.878692626953, 35.0191993713379], [138.882705688477, 35.02473449707033], [138.885192871094, 35.024532318115234], [138.885604858398, 35.018466949462926], [138.88749694824202, 35.018466949462926], [138.889602661133, 35.017265319824205], [138.89459228515602, 35.01886749267584], [138.89849853515602, 35.02446746826166], [138.894805908203, 35.02619934082027], [138.89239501953102, 35.03113174438479], [138.897903442383, 35.03753280639651], [138.897903442383, 35.043399810791], [138.89950561523403, 35.042465209960945], [138.901794433594, 35.04499816894528], [138.90629577636702, 35.04786682128913], [138.90469360351602, 35.047733306884794], [138.90240478515602, 35.04940032958982], [138.89970397949202, 35.05006790161131], [138.897003173828, 35.04999923706046], [138.89669799804702, 35.05113220214843], [138.89439392089804, 35.050731658935526], [138.89189147949202, 35.05139923095701], [138.8916015625, 35.04786682128913], [138.887100219727, 35.04646682739258], [138.882995605469, 35.05486679077149], [138.881103515625, 35.05533218383789], [138.87179565429702, 35.070800781250014], [138.867904663086, 35.07353210449217], [138.863494873047, 35.07206726074223], [138.853897094727, 35.08013153076172], [138.852691650391, 35.079532623290994], [138.85400390625, 35.08106613159178], [138.851593017578, 35.084800720214844], [138.849899291992, 35.083000183105476], [138.848892211914, 35.08406829833978], [138.85090637207, 35.08653259277336], [138.845291137695, 35.09439849853521], [138.82780456542997, 35.106998443603494], [138.79389953613304, 35.12086486816408], [138.75250244140602, 35.13113403320311], [138.74679565429702, 35.13206863403317], [138.74639892578102, 35.132133483886655], [138.697692871094, 35.13666534423827], [138.695404052734, 35.139865875244084], [138.700393676758, 35.142265319824176], [138.69709777832, 35.14326477050781], [138.695495605469, 35.1411323547363], [138.69560241699202, 35.14466857910163], [138.689102172852, 35.143466949462905], [138.684997558594, 35.14506530761718], [138.69189453125, 35.13919830322269], [138.69079589843798, 35.13846588134772], [138.693206787109, 35.13853454589839], [138.697998046875, 35.13453292846684], [138.684295654297, 35.13299942016596], [138.677001953125, 35.13006591796881], [138.665603637695, 35.12506484985353], [138.63929748535196, 35.11493301391601], [138.62179565429696, 35.11520004272459], [138.60650634765597, 35.11486816406252], [138.57369995117202, 35.1101989746094], [138.556594848633, 35.09966659545897], [138.55769348144503, 35.10160064697267], [138.55639648437503, 35.10146713256842], [138.549102783203, 35.08653259277336], [138.548294067383, 35.08279800415039], [138.54150390625, 35.06793212890626], [138.53300476074202, 35.0552673339844], [138.517303466797, 35.045799255371094], [138.515899658203, 35.038066864013665], [138.513000488281, 35.04313278198243], [138.510894775391, 35.04306793212894], [138.512603759766, 35.036399841308636], [138.51129150390602, 35.03533172607424], [138.50830078125, 35.04366683959958], [138.505905151367, 35.04173278808588], [138.506103515625, 35.04153442382806], [138.50849914550798, 35.03340148925781], [138.505706787109, 35.0310668945313], [138.502792358398, 35.036399841308636], [138.50109863281298, 35.036266326904304], [138.502502441406, 35.03113174438479], [138.500305175781, 35.029598236084], [138.496795654297, 35.0339317321777], [138.49400329589798, 35.03200149536127], [138.496795654297, 35.030601501464815], [138.499099731445, 35.026599884033175], [138.496795654297, 35.020465850830114], [138.495895385742, 35.01826477050784], [138.494705200195, 35.02173233032232], [138.490798950195, 35.022266387939474], [138.490798950195, 35.01926803588874], [138.49560546874997, 35.016799926757805], [138.496398925781, 35.011531829833956], [138.49259948730497, 35.012664794921925], [138.495101928711, 35.008934020996136], [138.496795654297, 35.009731292724595], [138.497299194336, 35.00320053100589], [138.49739074707, 35], [138.49749755859398, 34.99613189697268], [138.501693725586, 34.992065429687464], [138.504302978516, 34.99246597290037], [138.5, 34.989334106445305], [138.502899169922, 34.98593521118158], [138.50830078125, 34.98673248291021], [138.51150512695298, 34.99446868896482], [138.507705688477, 34.998065948486285], [138.50700378417997, 34.99846649169919], [138.507095336914, 35], [138.507095336914, 35.00013351440431], [138.50671386718798, 35], [138.50520324707, 34.99946594238283], [138.50411987304696, 35], [138.50129699707, 35.00139999389653], [138.50090026855497, 35.00320053100589], [138.50109863281298, 35.00453186035159], [138.50390625, 35.00406646728519], [138.506103515625, 35.00366592407229], [138.50520324707, 35.006534576416044], [138.502502441406, 35.00680160522462], [138.50410461425798, 35.015331268310504], [138.512802124023, 35.014934539794865], [138.51530456543, 35.01259994506844], [138.51770019531298, 35.00799942016599], [138.51959228515602, 35.0079345703125], [138.51800537109398, 35.01253128051759], [138.51860046386702, 35.01319885253908], [138.515106201172, 35.02066421508793], [138.52389526367202, 35.01926803588874], [138.533203125, 35.01306533813484], [138.52839660644503, 35.00320053100589], [138.52764892578097, 35], [138.527008056641, 34.99720001220698], [138.514801025391, 34.98346710205082], [138.496795654297, 34.971668243408175], [138.47450256347696, 34.96173477172847], [138.47340393066398, 34.96106719970699], [138.41360473632804, 34.94233322143547], [138.397903442383, 34.929798126220675], [138.39370727539102, 34.929332733154276], [138.37179565429702, 34.92240142822266], [138.37089538574202, 34.92206573486333], [138.368606567383, 34.92499923706049], [138.366806030273, 34.92419815063476], [138.36930847168, 34.921798706054666], [138.366897583008, 34.91986465454097], [138.35729980468798, 34.91513442993163], [138.354507446289, 34.90953445434572], [138.348297119141, 34.89846420288087], [138.348098754883, 34.89686584472659], [138.339706420898, 34.88880157470701], [138.33850097656298, 34.882400512695284], [138.331405639648, 34.87433242797852], [138.33479309082, 34.8717994689941], [138.333297729492, 34.86880111694337], [138.332992553711, 34.8689346313477], [138.33349609375, 34.87039947509773], [138.330795288086, 34.87186813354494], [138.33010864257798, 34.86940002441409], [138.327392578125, 34.86913299560552], [138.328598022461, 34.87340164184573], [138.326904296875, 34.871067047119126], [138.325500488281, 34.872600555419915], [138.324203491211, 34.86973571777342], [138.32470703124997, 34.866600036621094], [138.326507568359, 34.86793518066406], [138.32580566406298, 34.86600112915036], [138.324203491211, 34.853199005126996], [138.328903198242, 34.84980010986327], [138.327697753906, 34.8466682434082], [138.32440185546898, 34.85046768188484], [138.32629394531298, 34.844665527343835], [138.32780456542997, 34.845664978027294], [138.33020019531298, 34.84913253784178], [138.33050537109398, 34.848999023437536], [138.335601806641, 34.84339904785163], [138.337997436523, 34.83653259277341], [138.33869934082, 34.83259963989262], [138.32490539550798, 34.8119316101074], [138.29949951171898, 34.77846527099608], [138.29940795898398, 34.779266357421896], [138.297897338867, 34.779800415039134], [138.29699707031295, 34.77840042114259], [138.29530334472696, 34.779132843017564], [138.29580688476597, 34.783199310302685], [138.29280090331997, 34.783931732177656], [138.28919982910196, 34.78166580200199], [138.294494628906, 34.776401519775405], [138.29890441894497, 34.77693557739256], [138.302093505859, 34.777000427246136], [138.300598144531, 34.77093505859383], [138.29490661621097, 34.76666641235352], [138.291186698521, 34.76468082716872], [138.26960754394497, 34.75320053100594], [138.26730346679696, 34.75293350219727], [138.24679565429696, 34.7407989501953], [138.24580383300804, 34.740200042724574], [138.229202270508, 34.727466583252045], [138.22680664062503, 34.72733306884771], [138.22349548339804, 34.72200012207029], [138.21949768066403, 34.71726608276368], [138.213500976563, 34.703132629394524], [138.21530151367202, 34.70206451416022], [138.21400451660202, 34.6999320983887], [138.20759582519503, 34.68920135498054], [138.209106445313, 34.686668395996115], [138.20779418945304, 34.6858673095703], [138.19760131835903, 34.66986846923829], [138.193603515625, 34.653999328613345], [138.194198608398, 34.63759994506842], [138.19979858398403, 34.62966537475591], [138.201293945313, 34.6303329467773], [138.201095581055, 34.62939834594733], [138.20170593261702, 34.62739944458006], [138.202301025391, 34.62866592407227], [138.20249938964804, 34.62866592407227], [138.202102661133, 34.62680053710942], [138.205993652344, 34.620532989502024], [138.206405639648, 34.61980056762696], [138.20889282226602, 34.620731353759844], [138.21279907226602, 34.616401672363324], [138.21069335937503, 34.61513137817384], [138.213302612305, 34.61586761474608], [138.21640014648403, 34.6125984191895], [138.219604492188, 34.61399841308587], [138.216995239258, 34.609600067138686], [138.220092773438, 34.607666015624986], [138.22100830078102, 34.60879898071287], [138.22160339355503, 34.606933593750014], [138.22489929199193, 34.607131958007834], [138.22509765625003, 34.60606765747071], [138.23210144043003, 34.60446548461908], [138.23329162597702, 34.60453414916992], [138.233108520508, 34.59953308105474], [138.22669982910202, 34.59460067749022], [138.21000671386702, 34.599201202392585], [138.19309997558602, 34.600135803222734], [138.184600830078, 34.604000091552685], [138.160400390625, 34.6128005981445], [138.15350341796898, 34.61466598510744], [138.1376953125, 34.62153244018548], [138.121795654297, 34.627601623535234], [138.07810974121102, 34.6422004699707], [138.06137084960898, 34.64659118652344], [138.063125610352, 34.65770339965816], [138.06184387207, 34.657817840576236], [138.05929565429693, 34.65005493164057], [138.05656433105497, 34.64785385131838], [138.027297973633, 34.655532836914134], [137.996795654297, 34.66160202026371], [137.96989440917997, 34.66540145874017], [137.960494995117, 34.66619873046881], [137.91149902343804, 34.66699981689453], [137.90460205078097, 34.66566467285156], [137.90150451660202, 34.66706848144529], [137.89689636230503, 34.66573333740232], [137.87179565429702, 34.661334991455135], [137.85710144043, 34.65879821777344], [137.847106933594, 34.6569328308105], [137.827392578125, 34.65226745605474], [137.79859924316398, 34.64466857910164], [137.77929687499997, 34.64766693115228], [137.76699829101597, 34.64993286132813], [137.76620483398398, 34.65053176879877], [137.748275756836, 34.6565055847168], [137.75129699706997, 34.66611862182624], [137.74444580078102, 34.66765213012703], [137.74891662597702, 34.66344451904303], [137.74679565429696, 34.65700149536134], [137.678207397461, 34.66986846923829], [137.626998901367, 34.675800323486264], [137.621795654297, 34.67613601684569], [137.59950256347696, 34.67626571655266], [137.597675214528, 34.67786993486463], [137.585494995117, 34.67886734008793], [137.53219604492202, 34.67806625366212], [137.49679565429702, 34.67526626586911], [137.483901977539, 34.673801422119084], [137.48469543457003, 34.67720031738281], [137.484405517578, 34.68286895751948], [137.487503051758, 34.686935424804695], [137.490997314453, 34.70013427734379], [137.48809814453102, 34.71519851684574], [137.482803344727, 34.719467163085866], [137.480804443359, 34.73006820678714], [137.47839355468798, 34.734531402587905], [137.479904174805, 34.74026870727542], [137.475601196289, 34.7470664978027], [137.47480773925798, 34.75320053100594], [137.476806640625, 34.75626754760743], [137.476806640625, 34.76300048828131], [137.478698730469, 34.77066802978516], [137.476806640625, 34.77353286743156], [137.48100280761702, 34.780998229980504], [137.48600769043, 34.78353500366211], [137.492797851563, 34.786731719970746], [137.49200439453102, 34.79380035400387], [137.49339294433602, 34.79953384399412], [137.492202758789, 34.804332733154304], [137.486801147461, 34.811401367187514], [137.493606567383, 34.81606674194337], [137.49679565429702, 34.8205337524414], [137.50099182128903, 34.82239913940434], [137.49870300293, 34.82673263549804], [137.50199890136702, 34.83279800415044], [137.518997192383, 34.83653259277341], [137.52079772949202, 34.83846664428711], [137.52899169921903, 34.84253311157232], [137.53300476074202, 34.8441314697266], [137.53829956054702, 34.84180068969726], [137.54339599609403, 34.84333419799796], [137.54930114746102, 34.848800659179716], [137.55099487304696, 34.85166549682621], [137.55589294433597, 34.85166549682621], [137.56520080566403, 34.85213470458978], [137.57330322265597, 34.850734710693416], [137.57499694824196, 34.850734710693416], [137.58680725097696, 34.8499336242676], [137.59330749511696, 34.85713577270514], [137.59609985351597, 34.866600036621094], [137.59709167480497, 34.872200012207], [137.60899353027298, 34.875064849853494], [137.610900878906, 34.875], [137.614395141602, 34.875], [137.616790771484, 34.87733459472661], [137.621795654297, 34.879867553710945], [137.62420654296898, 34.881198883056555], [137.634002685547, 34.8864669799805], [137.639801025391, 34.89213180541989], [137.641006469727, 34.89706802368159], [137.640396118164, 34.901134490966804], [137.642593383789, 34.9078674316406], [137.644500732422, 34.907798767089844], [137.646499633789, 34.909599304199205], [137.64660644531298, 34.91619873046884], [137.648895263672, 34.91986465454097], [137.652099609375, 34.924934387207], [137.650802612305, 34.93180084228521], [137.65629577636702, 34.93906784057616], [137.661392211914, 34.94566726684571], [137.66899108886702, 34.948200225830135], [137.675201416016, 34.94540023803713], [137.678604125977, 34.94873428344729], [137.682800292969, 34.95486831665044], [137.684005737305, 34.954730987548835], [137.68829345703102, 34.956268310546896], [137.69050598144503, 34.96260070800778], [137.69610595703102, 34.9714012145996], [137.70410156250003, 34.9699325561523], [137.70710754394503, 34.972267150878906], [137.70030212402304, 34.983665466308636], [137.70420837402304, 34.99046707153319], [137.70730590820304, 34.995201110839794], [137.70339965820304, 34.997131347656314], [137.702224731445, 35], [137.70089721679702, 35.00320053100589], [137.70469665527304, 35.01466751098629], [137.71060180664102, 35.022132873535234], [137.71449279785202, 35.0254669189453], [137.71719360351602, 35.03499984741209], [137.71820068359403, 35.03593444824224], [137.72050476074196, 35.03593444824224], [137.72279357910193, 35.038665771484396], [137.727905273438, 35.039932250976605], [137.73269653320304, 35.04646682739258], [137.73649597168003, 35.052532196044886], [137.74679565429696, 35.06039810180656], [137.75650024414097, 35.06586456298832], [137.75849914550804, 35.06826782226559], [137.76019287109398, 35.06833267211908], [137.764694213867, 35.07239913940429], [137.76759338378898, 35.07226562499996], [137.77459716796898, 35.0771331787109], [137.77380371093804, 35.08653259277336], [137.773498535156, 35.08959960937503], [137.77819824218795, 35.09953308105473], [137.779602050781, 35.09799957275394], [137.79040527343795, 35.09519958496094], [137.79190063476597, 35.0952682495117], [137.79460144042997, 35.102199554443395], [137.80020141601597, 35.10533142089837], [137.799697875977, 35.112331390380916], [137.79870605468798, 35.12540054321286], [137.79310607910196, 35.1277313232422], [137.79249572753898, 35.13439941406251], [137.796493530273, 35.13646697998053], [137.79949951171898, 35.13193130493157], [137.804092407227, 35.130599975585866], [137.809799194336, 35.137199401855504], [137.814392089844, 35.14020156860351], [137.812103271484, 35.14400100708014], [137.814498901367, 35.15246582031254], [137.821304321289, 35.14806747436518], [137.826507568359, 35.15046691894527], [137.828491210938, 35.153732299804666], [137.821105957031, 35.15833282470703], [137.825698852539, 35.16613388061522], [137.823196411133, 35.16986846923828], [137.818206787109, 35.174465179443374], [137.81379699707, 35.174133300781314], [137.808395385742, 35.176334381103494], [137.802993774414, 35.18320083618162], [137.80740356445298, 35.18773269653323], [137.811798095703, 35.186466217041016], [137.814300537109, 35.186466217041016], [137.819000244141, 35.195667266845746], [137.82199096679702, 35.20393371582033], [137.830703735352, 35.20493316650388], [137.82809448242202, 35.207931518554695], [137.82780456543, 35.21139907836909], [137.831695556641, 35.21106719970703], [137.837997436523, 35.21246719360349], [137.837799072266, 35.21640014648437], [137.84129333496102, 35.21646499633794], [137.84480285644503, 35.21993255615234], [137.848098754883, 35.221534729003885], [137.86140441894503, 35.22306823730467], [137.87179565429702, 35.218799591064545], [137.88029479980503, 35.226600646972734], [137.88409423828097, 35.23780059814447], [137.88249206543003, 35.24326705932623], [137.88340759277304, 35.24633407592771], [137.88240051269503, 35.24813461303708], [137.88989257812503, 35.25320053100593], [137.89460754394503, 35.255931854248], [137.89520263671903, 35.25786590576169], [137.91270446777304, 35.25333404541017], [137.91909790039097, 35.255199432373026], [137.92469787597696, 35.2619323730469], [137.92739868164097, 35.26913452148436], [137.93049621581997, 35.27566528320307], [137.94569396972696, 35.27693176269528], [137.95249938964798, 35.28313446044919], [137.96110534667997, 35.28340148925776], [137.965194702148, 35.28413391113283], [137.967193603516, 35.28326797485352], [137.97479248046898, 35.293399810791044], [137.982894897461, 35.29299926757813], [137.989501953125, 35.29940032958977], [137.99479675293, 35.30220031738278], [137.996795654297, 35.3023986816406], [138.006607055664, 35.30419921874996], [138.017807006836, 35.30153274536129], [138.018707275391, 35.30093383789056], [138.027603149414, 35.31173324584957], [138.02659606933602, 35.32073211669921], [138.03919982910202, 35.32666397094727], [138.037796020508, 35.33319854736334], [138.04649353027304, 35.3352012634277], [138.05200195312503, 35.3365325927734], [138.05540466308602, 35.34233474731449], [138.05659484863304, 35.34406661987301], [138.06320190429702, 35.34713363647459], [138.07170104980503, 35.346466064453104], [138.07989501953097, 35.34180068969734], [138.08439636230503, 35.33786773681637], [138.08729553222696, 35.33793258666994], [138.09429931640597, 35.34246444702146], [138.09399414062497, 35.351333618164134], [138.09829711914097, 35.35513305664059], [138.10169982910196, 35.35480117797853], [138.10769653320298, 35.36059951782226], [138.121795654297, 35.367134094238324], [138.12599182128898, 35.367401123046896], [138.12930297851597, 35.365200042724624], [138.141906738281, 35.37066650390629], [138.143600463867, 35.37566757202148], [138.149398803711, 35.38913345336906], [138.151901245117, 35.393001556396456], [138.152099609375, 35.39813232421879], [138.14300537109398, 35.40620040893547], [138.13960266113298, 35.405799865722734], [138.13439941406298, 35.4091339111328], [138.13589477539097, 35.41419982910156], [138.138900756836, 35.4175987243652], [138.13830566406295, 35.41986465454096], [138.13870239257798, 35.4231986999512], [138.123992919922, 35.42779922485348], [138.121795654297, 35.428398132324205], [138.121398925781, 35.4286003112793], [138.12150573730497, 35.43286514282233], [138.121795654297, 35.43286514282233], [138.123596191406, 35.43686676025388], [138.121795654297, 35.44226455688479], [138.11930847167997, 35.4478645324707], [138.12040710449196, 35.45473098754883], [138.121795654297, 35.45633316040037], [138.132400512695, 35.45373153686519], [138.14390563964798, 35.459133148193374], [138.15040588378898, 35.45953369140628], [138.155197143555, 35.45893096923828], [138.160202026367, 35.47000122070313], [138.15849304199202, 35.47213363647456], [138.156402587891, 35.47480010986332], [138.159896850586, 35.488201141357415], [138.16450500488298, 35.4938659667969], [138.154693603516, 35.49539947509769], [138.145599365234, 35.50053405761721], [138.13999938964798, 35.499668121337905], [138.140106201172, 35.50320053100588], [138.143798828125, 35.509334564209034], [138.14619445800798, 35.518531799316406], [138.13810729980497, 35.521865844726555], [138.14709472656298, 35.53133392333977], [138.14909362793, 35.5351982116699], [138.159408569336, 35.545066833496115], [138.156005859375, 35.5498657226563], [138.154098510742, 35.553333282470696], [138.15040588378898, 35.553264617919936], [138.142303466797, 35.55546569824221], [138.14680480957, 35.55886459350594], [138.15179443359398, 35.57033157348634], [138.15930175781298, 35.57540130615228], [138.16279602050798, 35.58153152465817], [138.16960144043, 35.582332611083984], [138.173294067383, 35.580200195312464], [138.179794311523, 35.574531555175795], [138.185195922852, 35.57366561889649], [138.189895629883, 35.578666687011676], [138.190505981445, 35.5831336975098], [138.193206787109, 35.58653259277344], [138.19749450683602, 35.59693145751954], [138.20579528808602, 35.609001159668026], [138.20269775390602, 35.62039947509767], [138.204299926758, 35.632534027099645], [138.21180725097702, 35.63593292236328], [138.21859741210903, 35.64446640014653]]], [[[139.16870117187497, 35.03646850585939], [139.16709899902298, 35.039001464843814], [139.16389465332, 35.0425338745117], [139.16960144042997, 35.0425338745117], [139.17050170898398, 35.042598724365185], [139.175598144531, 35.040134429931605], [139.17539978027298, 35.03833389282233], [139.16870117187497, 35.03646850585939]]], [[[138.88719177246102, 35.03139877319336], [138.886505126953, 35.03593444824224], [138.88729858398403, 35.03559875488282], [138.887802124023, 35.034866333007756], [138.89030456543, 35.03146743774412], [138.88719177246102, 35.03139877319336]]], [[[138.21899414062503, 34.618400573730504], [138.21339416503903, 34.620868682861264], [138.21099853515602, 34.61946868896481], [138.21000671386702, 34.620532989502024], [138.21760559082003, 34.62620162963869], [138.220901489258, 34.62246704101563], [138.21899414062503, 34.618400573730504]]]]}}]}