{"type":"FeatureCollection","features":[{"type":"Feature","properties":{"line_name":"JR京都線"},"geometry":{"type":"LineString","coordinates":[[135.495188,34.702398],[135.49719,34.7032],[135.49791,34.70355],[135.49925,34.70421],[135.49986,34.7045],[135.50014,34.70465],[135.50022,34.7047],[135.50039,34.70481],[135.50074,34.7051],[135.50089,34.70525],[135.50106,34.70545],[135.5012,34.70566],[135.50133,34.70591],[135.50139,34.70602],[135.50147,34.70622],[135.50159,34.70667],[135.50164,34.70698],[135.50177,34.70775],[135.50201,34.70913],[135.50215,34.70979],[135.50217,34.70988],[135.50248,34.7115],[135.50249,34.71156],[135.5025,34.71162],[135.50255,34.71183],[135.50256,34.71191],[135.50258,34.71199],[135.5027,34.71255],[135.50285,34.71333],[135.50295,34.71381],[135.50298,34.71396],[135.50299,34.71403],[135.50306,34.71435],[135.50309,34.71449],[135.5031,34.71455],[135.50332,34.71563],[135.50338,34.71598],[135.50345,34.7164],[135.50347,34.71647],[135.50354,34.71708],[135.50355,34.71712],[135.50355,34.71725],[135.50357,34.71787],[135.50354,34.71937],[135.50352,34.72056],[135.50351,34.72088],[135.5035,34.72151],[135.50349,34.72192],[135.50349,34.72257],[135.50347,34.72325],[135.50344,34.72381],[135.50342,34.72397],[135.50341,34.72404],[135.50338,34.72429],[135.5033,34.72488],[135.50328,34.72502],[135.50328,34.72505],[135.50327,34.72509],[135.50315,34.72545],[135.50305,34.72576],[135.50298,34.72597],[135.50295,34.72606],[135.50274,34.7267],[135.5026,34.72705],[135.50239,34.72756],[135.50224,34.72799],[135.50207,34.7285],[135.50182,34.7295],[135.50178,34.72968],[135.50178,34.72978],[135.50172,34.7302],[135.50171,34.73028],[135.50171,34.73046],[135.50169,34.73073],[135.50169,34.73172],[135.50174,34.73269],[135.50175,34.73298],[135.50182,34.7334],[135.50201,34.73412],[135.501852,34.734136],[135.50217,34.73464],[135.50239,34.73536],[135.50239,34.73542],[135.50287,34.73659],[135.50294,34.73677],[135.50343,34.73796],[135.5035,34.73814],[135.50362,34.7384],[135.50437,34.74002],[135.503915,34.73938],[135.50461,34.74055],[135.50506,34.74158],[135.5054,34.74238],[135.5058,34.74326],[135.50601,34.74373],[135.50615,34.74405],[135.50617,34.74407],[135.50648,34.7448],[135.50649,34.74482],[135.50652,34.74485],[135.50656,34.74497],[135.50677,34.74544],[135.50709,34.74618],[135.50711,34.74619],[135.5076,34.74727],[135.50774,34.74758],[135.50792,34.74795],[135.50823,34.7486],[135.50883,34.74967],[135.50912,34.75005],[135.50939,34.75038],[135.50992,34.75095],[135.51027,34.7513],[135.51079,34.75179],[135.51087,34.75185],[135.51104,34.75201],[135.5115,34.75241],[135.51206,34.75289],[135.51211,34.75291],[135.51248,34.75325],[135.51326,34.75387],[135.51435,34.75477],[135.51546,34.75574],[135.51598,34.7563],[135.51652,34.75688],[135.51694,34.75725],[135.51821,34.75834],[135.51855,34.75863],[135.51914,34.75913],[135.51994,34.75981],[135.52026,34.7601],[135.52044,34.76025],[135.52213,34.76172],[135.52266,34.76219],[135.52295,34.76245],[135.523642,34.763209],[135.52458,34.76399],[135.52498,34.76432],[135.52586,34.765],[135.52723,34.76606],[135.52758,34.76633],[135.53029,34.76847],[135.53143,34.76937],[135.53256,34.77024],[135.53335,34.77085],[135.53473,34.77191],[135.53499,34.7721],[135.53521,34.77228],[135.53535,34.77239],[135.53601,34.77289],[135.5372,34.7738],[135.53792,34.77435],[135.53826,34.7746],[135.53839,34.77471],[135.53884,34.77505],[135.53945,34.77552],[135.54066,34.77644],[135.5407,34.77647],[135.54195,34.7774],[135.541613,34.776812],[135.54231,34.77767],[135.54323,34.7784],[135.5434,34.77854],[135.54364,34.77874],[135.54424,34.77928],[135.5451,34.7802],[135.54582,34.78105],[135.54605,34.78135],[135.5464,34.78185],[135.54653,34.78204],[135.54699,34.78282],[135.54732,34.78347],[135.54753,34.78389],[135.54758,34.78398],[135.54775,34.7843],[135.5485,34.78579],[135.54863,34.78603],[135.54879,34.78634],[135.54896,34.78668],[135.54916,34.78706],[135.54918,34.78711],[135.54993,34.78857],[135.54997,34.78865],[135.55042,34.78952],[135.55087,34.7904],[135.55112,34.79089],[135.55136,34.79134],[135.551512,34.791502],[135.55178,34.79209],[135.55215,34.7928],[135.55256,34.79349],[135.55259,34.79356],[135.55326,34.79467],[135.55331,34.79475],[135.55377,34.79555],[135.55393,34.79582],[135.55436,34.79655],[135.5547,34.79715],[135.55507,34.79776],[135.55521,34.79805],[135.55532,34.79831],[135.55541,34.79854],[135.55583,34.79964],[135.55664,34.80171],[135.55672,34.8019],[135.55729,34.80336],[135.55728,34.80397],[135.55737,34.80419],[135.55791,34.8056],[135.55804,34.80592],[135.55811,34.80612],[135.55819,34.80636],[135.55832,34.80667],[135.55835,34.80676],[135.55873,34.8077],[135.55877,34.8078],[135.5589,34.80816],[135.55906,34.80861],[135.55939,34.80945],[135.55977,34.81038],[135.56066,34.81264],[135.56067,34.81265],[135.56071,34.81276],[135.56103,34.81348],[135.56128,34.81397],[135.56134,34.8141],[135.56173,34.81468],[135.56208,34.81512],[135.56208,34.815091],[135.56232,34.81541],[135.56289,34.81608],[135.56328,34.81657],[135.56338,34.81669],[135.56347,34.81679],[135.56364,34.81701],[135.56373,34.81712],[135.56392,34.81735],[135.56423,34.81773],[135.56442,34.81797],[135.56483,34.81847],[135.56521,34.81894],[135.56536,34.81912],[135.56566,34.81949],[135.56619,34.82014],[135.56626,34.82024],[135.56681,34.8209],[135.56687,34.82097],[135.56733,34.8215],[135.56752,34.82172],[135.56772,34.82194],[135.56803,34.82229],[135.56848,34.82274],[135.56888,34.82311],[135.56936,34.82351],[135.56996,34.82394],[135.57027,34.82416],[135.57029,34.82416],[135.57032,34.82419],[135.57111,34.8247],[135.57129,34.82481],[135.57159,34.82499],[135.57201,34.82522],[135.57251,34.8255],[135.57268,34.82561],[135.57277,34.82566],[135.57293,34.82575],[135.573,34.82579],[135.57335,34.82599],[135.57343,34.82604],[135.57375,34.82622],[135.57392,34.82633],[135.57407,34.82641],[135.57451,34.82667],[135.57462,34.82673],[135.57469,34.82677],[135.57475,34.82681],[135.57497,34.82694],[135.57591,34.82749],[135.57597,34.82752],[135.57617,34.82764],[135.5762,34.82766],[135.57637,34.82776],[135.5770395488996,34.828150227886255],[135.57831,34.82889],[135.577778,34.828611],[135.57862,34.82907],[135.57866,34.82909],[135.5788,34.82917],[135.5794,34.82953],[135.57987,34.8298],[135.5802,34.83],[135.58084,34.83037],[135.58151,34.83077],[135.58216,34.83115],[135.58222,34.83119],[135.58226,34.83121],[135.58233,34.83125],[135.58347,34.83192],[135.58385,34.83215],[135.58395,34.83221],[135.58423,34.83237],[135.58448,34.83253],[135.58528,34.83298],[135.58614,34.83349],[135.58664,34.83378],[135.58692,34.83394],[135.58786,34.8345],[135.58915,34.83525],[135.58924,34.83531],[135.5893,34.83534],[135.59008,34.8358],[135.59059,34.83609],[135.59066,34.83614],[135.59106,34.83636],[135.59144,34.83657],[135.59245,34.83717],[135.59421,34.83819],[135.59336,34.837729],[135.59806,34.84041],[135.59845,34.84064],[135.60125,34.84226],[135.60485,34.84433],[135.60749,34.84585],[135.60885,34.84663],[135.60964,34.84708],[135.61103,34.84787],[135.61136,34.84807],[135.61277,34.84887],[135.61469,34.84996],[135.61569,34.85049],[135.617016,34.8512],[135.61853,34.852],[135.6197,34.85263],[135.62026,34.85292],[135.62218,34.8539],[135.62416,34.85487],[135.62539,34.85544],[135.62621,34.85577],[135.6263,34.8558],[135.62747,34.85624],[135.62938,34.85694],[135.63072,34.85743],[135.63335,34.85839],[135.63412,34.85867],[135.63631,34.85949],[135.63714,34.85979],[135.63752,34.85992],[135.63912,34.86052],[135.63999,34.86085],[135.64035,34.86098],[135.64087,34.86117],[135.64317,34.86201],[135.64445,34.86248],[135.64608,34.86309],[135.64759,34.86363],[135.64863,34.86401],[135.6499,34.86449],[135.65044,34.86471],[135.65081,34.86486],[135.65169,34.86527],[135.65197,34.86541],[135.65221,34.86555],[135.65286,34.86594],[135.65339,34.86632],[135.65397,34.86678],[135.65444,34.86718],[135.65493,34.86762],[135.65535,34.86803],[135.65578,34.86849],[135.65595,34.86872],[135.65613,34.86897],[135.65646,34.86949],[135.65673,34.87],[135.65707,34.87064],[135.65745,34.87138],[135.65785,34.87214],[135.65806,34.87257],[135.65861,34.87361],[135.65863,34.87363],[135.65906,34.87451],[135.65984,34.87597],[135.66008,34.87645],[135.66109,34.8784],[135.66128,34.87876],[135.66139,34.87893],[135.66165,34.87931],[135.662,34.87977],[135.66248,34.88035],[135.66305,34.88098],[135.66346,34.88144],[135.663385,34.881337],[135.66363,34.88163],[135.66423,34.88229],[135.66565,34.88385],[135.66583,34.88405],[135.666,34.88424],[135.66777,34.88617],[135.66948,34.88811],[135.66961,34.88824],[135.66979,34.88843],[135.66982,34.88846],[135.6701,34.88878],[135.67017,34.88887],[135.6703,34.88899],[135.67049,34.88917],[135.67067,34.88934],[135.67087,34.8895],[135.67114,34.8897],[135.67154,34.88997],[135.67192,34.8902],[135.67227,34.8904],[135.67287,34.89068],[135.67318,34.89083],[135.67324,34.89086],[135.67338,34.89092],[135.67352,34.89098],[135.67386,34.89111],[135.67429,34.89123],[135.67474,34.89133],[135.67548,34.89147],[135.67611,34.89157],[135.67685,34.8917],[135.67753,34.89183],[135.67819,34.89196],[135.67858,34.89206],[135.67911,34.8922],[135.679124,34.892257],[135.68029,34.89258],[135.68092,34.89288],[135.68147,34.89318],[135.6821,34.89357],[135.68259,34.89394],[135.68268,34.89401],[135.6829,34.8942],[135.6831,34.89439],[135.68313,34.89444],[135.68347,34.89488],[135.68359,34.89511],[135.68377,34.89541],[135.68388,34.89563],[135.68422,34.89651],[135.6844,34.89707],[135.68467,34.89798],[135.68497,34.899],[135.68523,34.89995],[135.68524,34.89998],[135.68532,34.90021],[135.68548,34.90064],[135.68561,34.90096],[135.68586,34.90171],[135.68611,34.90231],[135.68635,34.90289],[135.68661,34.90341],[135.68682,34.90372],[135.687,34.90401],[135.68737,34.90456],[135.68758,34.90484],[135.68772,34.90502],[135.68812,34.9055],[135.68851,34.90593],[135.68869,34.90612],[135.68896,34.90637],[135.689,34.90641],[135.68938,34.9068],[135.68993,34.90731],[135.69053,34.9079],[135.69066,34.90802],[135.69085,34.90821],[135.69139,34.90875],[135.69191,34.90924],[135.69214,34.90946],[135.69267,34.90995],[135.69344,34.91068],[135.69409,34.91133],[135.69438,34.91162],[135.6948,34.91204],[135.69524,34.91256],[135.6956,34.91299],[135.69595,34.91349],[135.69624,34.91399],[135.69654,34.91452],[135.69683,34.91504],[135.6975,34.91646],[135.69786,34.91719],[135.69803,34.91752],[135.69839,34.91826],[135.69888,34.91929],[135.69897,34.91947],[135.69918,34.9199],[135.70041,34.92245],[135.700882,34.923483],[135.70139,34.92455],[135.70217,34.92618],[135.7022,34.92624],[135.70244,34.92672],[135.70259,34.92704],[135.70263,34.92711],[135.70267,34.9272],[135.70307,34.92806],[135.70321,34.92836],[135.70325,34.92843],[135.70359,34.92916],[135.70368,34.92936],[135.70381,34.92962],[135.70457,34.93122],[135.70492,34.93198],[135.70507,34.93228],[135.70526,34.93269],[135.70545,34.93307],[135.70564,34.93349],[135.70592,34.93405],[135.70629,34.93481],[135.70739,34.93712],[135.7076,34.93759],[135.7082,34.93899],[135.70859,34.94005],[135.7089,34.94109],[135.70902,34.94162],[135.70913,34.94222],[135.70919,34.9426],[135.70919,34.94263],[135.70927,34.94359],[135.70933,34.94474],[135.70935,34.94525],[135.70947,34.94789],[135.7096,34.95055],[135.70965,34.95164],[135.70972,34.9532],[135.70974,34.95395],[135.7098,34.95563],[135.709804,34.954838],[135.70981,34.95577],[135.70993,34.95843],[135.71006,34.96107],[135.71019,34.96307],[135.71024,34.96372],[135.71029,34.96423],[135.71037,34.96477],[135.710391,34.964814],[135.71044,34.96506],[135.71053,34.96537],[135.71061,34.96554],[135.71071,34.96579],[135.7114,34.96722],[135.71179,34.96801],[135.71205,34.96861],[135.71216,34.96884],[135.71237,34.96922],[135.7125,34.96944],[135.71266,34.96966],[135.71315,34.97027],[135.71357,34.97073],[135.71399,34.97113],[135.71439,34.97148],[135.71497,34.97194],[135.71539,34.97224],[135.71542,34.97226],[135.71571,34.97247],[135.71581,34.97254],[135.71618,34.97274],[135.7172,34.97328],[135.7187,34.9741],[135.71876,34.97413],[135.72052,34.97509],[135.72234,34.97607],[135.72279,34.97631],[135.72449,34.97723],[135.72492,34.97746],[135.72684,34.9785],[135.73094,34.9807],[135.73123,34.98085],[135.731702,34.981077],[135.73231,34.98142],[135.73248,34.9815],[135.73301,34.98174],[135.73316,34.9818],[135.73363,34.982],[135.73387,34.98209],[135.73484,34.98246],[135.73527,34.98261],[135.73625,34.98297],[135.73706,34.98322],[135.73806,34.98348],[135.73944,34.98385],[135.74268,34.9847],[135.74364,34.98496],[135.7443,34.98508],[135.74484,34.98516],[135.74546,34.98519],[135.74613,34.98521],[135.74648,34.98522],[135.74717,34.98525],[135.74935,34.98532],[135.75068,34.98536],[135.75094,34.98536],[135.75146,34.98538],[135.75307,34.98542],[135.75315,34.98542],[135.75365,34.98543],[135.75412,34.98546],[135.75459,34.98548],[135.75601,34.98557],[135.75869,34.98574],[135.757748,34.985465]]}},{"type":"Feature","properties":{"line_name":"JR神戸線"},"geometry":{"type":"LineString","coordinates":[[135.495188,34.702398],[135.49329,34.70159],[135.49243,34.70088],[135.49154,34.70024],[135.49131,34.70008],[135.49068,34.69964],[135.48998,34.69922],[135.48956,34.69897],[135.48934,34.69888],[135.4889,34.69869],[135.48873,34.69862],[135.48816,34.69846],[135.4877,34.6984],[135.48725,34.69838],[135.48686,34.69841],[135.48674,34.69842],[135.48642,34.69847],[135.48607,34.69856],[135.48555,34.69874],[135.48472,34.69905],[135.48466,34.69908],[135.48429,34.69922],[135.48414,34.69928],[135.4833,34.69961],[135.48314,34.69968],[135.48279,34.69983],[135.4827,34.69986],[135.4805,34.70075],[135.4802,34.70088],[135.48,34.70097],[135.47982,34.70106],[135.47978,34.70109],[135.47958,34.7012],[135.47956,34.70121],[135.47915,34.7015],[135.47888,34.70171],[135.47866,34.70191],[135.47858,34.70198],[135.47793,34.70266],[135.47761,34.70299],[135.4774,34.7032],[135.47662,34.70409],[135.47417,34.70682],[135.47379,34.70724],[135.47156,34.70975],[135.47007,34.71143],[135.46987,34.71165],[135.46928,34.7123],[135.4685,34.71317],[135.468843,34.71271],[135.46787,34.71389],[135.46761,34.7142],[135.46519,34.71693],[135.46455,34.71763],[135.46452,34.71767],[135.46421,34.718],[135.46257,34.71987],[135.46014,34.7226],[135.45933,34.72366],[135.45881,34.72421],[135.45814,34.72483],[135.45765,34.72525],[135.45748,34.72539],[135.45696,34.72579],[135.45634,34.72616],[135.45583,34.72651],[135.45532,34.72675],[135.45499,34.72691],[135.45428,34.72725],[135.45343,34.72762],[135.45268,34.72787],[135.45191,34.7281],[135.45115,34.72828],[135.45045,34.72842],[135.44812,34.72886],[135.44702,34.72907],[135.44556,34.72934],[135.44387,34.72965],[135.44188,34.73001],[135.44146,34.73008],[135.4411,34.73016],[135.4407,34.73023],[135.43757,34.73081],[135.43548,34.73119],[135.4351,34.73126],[135.43454,34.73137],[135.4329,34.73167],[135.43066,34.73204],[135.431685,34.731791],[135.42859,34.73243],[135.42846,34.73245],[135.42379,34.73333],[135.42142,34.73379],[135.4191,34.73421],[135.41766,34.73448],[135.41508,34.73496],[135.41458,34.73505],[135.4122,34.73548],[135.40898,34.73612],[135.40589,34.7367],[135.40557,34.73676],[135.40373,34.73711],[135.40345,34.73716],[135.40223,34.73739],[135.40196,34.73745],[135.40036,34.73774],[135.39884,34.73803],[135.399571,34.737875],[135.39685,34.73839],[135.39648,34.73846],[135.39479,34.73876],[135.39408,34.73887],[135.39352,34.73892],[135.39284,34.73896],[135.39205,34.73899],[135.38982,34.73901],[135.38956,34.73901],[135.38676,34.73902],[135.38631,34.73903],[135.38277,34.73904],[135.38183,34.73906],[135.38043,34.73907],[135.37913,34.73908],[135.37717,34.73907],[135.37684,34.73907],[135.37539,34.73907],[135.374426,34.739052],[135.37339,34.73905],[135.3722,34.73903],[135.36595,34.73901],[135.36147,34.739],[135.35907,34.73899],[135.35623,34.739],[135.35486,34.73901],[135.35454,34.73901],[135.35416,34.73901],[135.35277,34.73901],[135.35252,34.73901],[135.35066,34.73901],[135.35028,34.73901],[135.34728,34.73901],[135.348703,34.738985],[135.34546,34.73903],[135.34516,34.73903],[135.34464,34.73903],[135.34385,34.73903],[135.34266,34.73904],[135.34239,34.73904],[135.34133,34.73905],[135.33963,34.73905],[135.33924,34.73905],[135.33673,34.73905],[135.33487,34.73905],[135.33461,34.73905],[135.33196,34.73904],[135.33163,34.73904],[135.33128,34.73903],[135.331093,34.739079],[135.3302,34.73903],[135.32951,34.73902],[135.329,34.73902],[135.3284,34.73903],[135.32816,34.73903],[135.32745,34.739],[135.32683,34.73895],[135.3264,34.73888],[135.32597,34.7388],[135.32545,34.73866],[135.32463,34.73842],[135.32194,34.73762],[135.31956,34.7369],[135.31925,34.7368],[135.31734,34.73622],[135.31656,34.73601],[135.31519,34.73569],[135.31354,34.73535],[135.31083,34.73486],[135.31043,34.73479],[135.30965,34.73465],[135.30885,34.73453],[135.30813,34.7344],[135.30662,34.73412],[135.307102,34.734207],[135.30598,34.73401],[135.30471,34.73371],[135.3039,34.73349],[135.3029,34.73323],[135.3024,34.73311],[135.30179,34.73296],[135.2946,34.73115],[135.29352,34.73088],[135.292788,34.730616],[135.29169,34.73039],[135.29162,34.73037],[135.29132,34.7303],[135.28983,34.72993],[135.28902,34.72972],[135.28877,34.72965],[135.28791,34.72943],[135.28693,34.72918],[135.28655,34.72908],[135.28539,34.72878],[135.28076,34.72759],[135.27843,34.72702],[135.27671,34.72659],[135.27699,34.726661],[135.27644,34.72652],[135.2755,34.72627],[135.27545,34.72625],[135.27502,34.72613],[135.27496,34.72612],[135.2746,34.72601],[135.27421,34.7259],[135.27374,34.72573],[135.2732,34.72551],[135.27312,34.72547],[135.27285,34.72534],[135.27278,34.72531],[135.27254,34.72517],[135.27209,34.72491],[135.27022,34.72373],[135.26999,34.72359],[135.26992,34.72355],[135.26968,34.7234],[135.26961,34.72335],[135.26793,34.72231],[135.26737,34.72196],[135.26635,34.72132],[135.26578,34.72096],[135.26575,34.72094],[135.26471,34.72035],[135.26432,34.7202],[135.26379,34.72002],[135.26356,34.71997],[135.26268,34.71976],[135.26163,34.7195],[135.261859,34.719595],[135.26084,34.71932],[135.26054,34.71926],[135.26041,34.71924],[135.25955,34.7191],[135.2591,34.71906],[135.25843,34.71907],[135.25716,34.71913],[135.2552,34.7192],[135.2548,34.71922],[135.25249,34.71932],[135.25213,34.71934],[135.25094,34.71939],[135.25032,34.7194],[135.24977,34.71936],[135.24931,34.71932],[135.24873,34.71923],[135.24794,34.71907],[135.24789,34.71906],[135.24721,34.71888],[135.24507,34.71832],[135.24405,34.71808],[135.2435,34.71792],[135.24304,34.71776],[135.24248,34.7175],[135.24188,34.71718],[135.24139,34.71688],[135.24048,34.71626],[135.23923,34.71538],[135.23905,34.71525],[135.238588,34.714945],[135.23776,34.71436],[135.23732,34.71405],[135.23557,34.71287],[135.23505,34.71258],[135.23495,34.71253],[135.23441,34.71224],[135.23395,34.71205],[135.23235,34.71145],[135.23224,34.71141],[135.23212,34.71136],[135.23186,34.71125],[135.23103,34.71088],[135.23042,34.71061],[135.22993,34.7104],[135.22943,34.71018],[135.22875,34.70992],[135.22873,34.70991],[135.22669,34.70921],[135.22627,34.70906],[135.22583141,34.70890226],[135.22513,34.70865],[135.225167,34.708667],[135.22469189,34.70849698],[135.22335481,34.70802999],[135.22241,34.7077],[135.22083,34.70716],[135.22038,34.707],[135.21859,34.70639],[135.21817,34.70626],[135.21801,34.70622],[135.21733,34.70606],[135.216578,34.705918],[135.21576,34.70569],[135.21484,34.70548],[135.21482,34.70548],[135.21374,34.70523],[135.21283,34.70503],[135.20855,34.70405],[135.20792,34.70391],[135.20735,34.70375],[135.20693,34.70362],[135.20648,34.70342],[135.20599,34.70315],[135.20544,34.70282],[135.20495,34.70249],[135.20445,34.70214],[135.20394,34.70178],[135.20055,34.69941],[135.19926,34.6985],[135.1985,34.69793],[135.19773,34.69732],[135.19715,34.69682],[135.19687,34.69655],[135.19658,34.69628],[135.19633,34.69603],[135.19375,34.69356],[135.195058,34.694766],[135.19355,34.69336],[135.19321,34.69308],[135.19264,34.69267],[135.19212,34.6923],[135.19093,34.69153],[135.19012,34.69105],[135.18909,34.69044],[135.18854,34.69014],[135.18799,34.68985],[135.18748,34.6896],[135.187401,34.689602],[135.18674,34.68928],[135.18612,34.68906],[135.18598,34.68901],[135.18502,34.68867],[135.18458,34.68849],[135.18417,34.68823],[135.18382,34.68797],[135.18377,34.68794],[135.18313,34.68741],[135.18202,34.68651],[135.18093,34.68559],[135.17997,34.68479],[135.17949,34.68438],[135.17924,34.68412],[135.17904,34.68387],[135.17886,34.68351],[135.17873,34.68313],[135.17863,34.6826],[135.1785,34.68153],[135.17838,34.68057],[135.178221,34.679453],[135.164706,34.668343],[135.145193,34.657525],[135.1448,34.65727],[135.14447,34.65713],[135.14416,34.65699],[135.14376,34.65682],[135.14337,34.65666],[135.14303,34.6565],[135.14273,34.65633],[135.14252,34.65622],[135.14143,34.65555],[135.14137,34.65552],[135.14028,34.65487],[135.13977,34.65457],[135.13956,34.65444],[135.1395,34.65441],[135.139,34.6541],[135.13855,34.65382],[135.1382,34.65358],[135.13789,34.65335],[135.13783,34.6533],[135.13767,34.65317],[135.13751,34.65305],[135.13719,34.65281],[135.13682,34.65257],[135.13539,34.65175],[135.135275,34.651667],[135.13489,34.65146],[135.13431,34.65113],[135.13287,34.65026],[135.1323,34.64994],[135.13125,34.64936],[135.131,34.64923],[135.13083,34.64913],[135.13067,34.64902],[135.13044,34.64891],[135.12979,34.64864],[135.1292,34.64839],[135.12865,34.64816],[135.12807,34.6479],[135.12782,34.64779],[135.12757,34.64767],[135.12749,34.64763],[135.12726,34.64751],[135.12693,34.64733],[135.126616,34.647185],[135.12628,34.64699],[135.12595,34.64681],[135.12566,34.64665],[135.12504,34.6463],[135.12476,34.64614],[135.12451,34.64599],[135.12301,34.64511],[135.12222,34.64472],[135.1209,34.64409],[135.12035,34.64385],[135.11961,34.64357],[135.11919,34.64344],[135.11871,34.64333],[135.11765,34.64315],[135.11546,34.64279],[135.1141,34.64253],[135.112814,34.642292],[135.11121,34.642],[135.10996,34.64178],[135.10951,34.64169],[135.10907,34.64157],[135.10861,34.64142],[135.1074,34.64094],[135.10693,34.64074],[135.10633,34.64044],[135.10543,34.63997],[135.10499,34.63971],[135.10456,34.63945],[135.10419,34.63918],[135.10382,34.63889],[135.10317,34.63836],[135.10234,34.63768],[135.102,34.63745],[135.10161,34.63725],[135.10117,34.63706],[135.10007,34.63667],[135.09909,34.63633],[135.09734,34.63582],[135.0965,34.6356],[135.096,34.63549],[135.09311,34.6349],[135.09206,34.63469],[135.09146,34.63458],[135.08984,34.63434],[135.08852,34.63415],[135.08772,34.63407],[135.08602,34.63395],[135.08486,34.63393],[135.08412,34.63388],[135.0834,34.63376],[135.083361,34.633507],[135.08297,34.63367],[135.08262,34.63357],[135.08201,34.63338],[135.08137,34.63316],[135.08074,34.63299],[135.07895,34.63256],[135.07877,34.63252],[135.07677,34.63203],[135.07586,34.63178],[135.07512,34.63163],[135.07406,34.63133],[135.07358,34.63117],[135.07313,34.63102],[135.07267,34.63088],[135.07158,34.63061],[135.07104,34.63049],[135.06765,34.62975],[135.06699,34.62962],[135.06639,34.62952],[135.0632,34.62905],[135.06285,34.629],[135.06252,34.62897],[135.06227,34.62895],[135.06155,34.62893],[135.06048,34.62891],[135.05991,34.62891],[135.05937,34.62893],[135.05855,34.62899],[135.05804,34.62905],[135.05759,34.62911],[135.05732,34.62914],[135.05704,34.62916],[135.05639,34.62918],[135.0551,34.62918],[135.05475,34.62916],[135.053872,34.629252],[135.05296,34.62902],[135.0519,34.62894],[135.05163,34.62891],[135.05156,34.62891],[135.05085,34.62885],[135.04996,34.62877],[135.04858,34.62863],[135.04761,34.62855],[135.04688,34.62851],[135.04633,34.62849],[135.04563,34.62848],[135.04469,34.6285],[135.04408,34.62854],[135.04359,34.62859],[135.04245,34.62875],[135.04209,34.62881],[135.04132,34.62898],[135.04106,34.62905],[135.04069,34.62917],[135.03955,34.62958],[135.03919,34.62973],[135.03886,34.62991],[135.03853,34.63012],[135.03791,34.63057],[135.03774,34.63069],[135.03735,34.63097],[135.03521,34.63249],[135.03479,34.63281],[135.034373,34.63302],[135.03368,34.63368],[135.03269,34.63453],[135.03228,34.63489],[135.03197,34.63518],[135.03129,34.63582],[135.03098,34.63614],[135.03008,34.63725],[135.02989,34.63746],[135.02954,34.63783],[135.0293,34.63805],[135.02887,34.63841],[135.02863,34.6386],[135.02785,34.6391],[135.02751,34.63928],[135.02691,34.63958],[135.02643,34.63983],[135.02616,34.63998],[135.02499,34.64064],[135.02411,34.64112],[135.02202,34.64233],[135.02174,34.64249],[135.02051,34.64308],[135.02023,34.6432],[135.01891,34.64373],[135.01819,34.64402],[135.017485,34.644196],[135.01677,34.64446],[135.01641,34.64456],[135.01513,34.64488],[135.01459,34.64498],[135.01422,34.64504],[135.01352,34.64517],[135.01302,34.6453],[135.01238,34.64548],[135.0117,34.64569],[135.00867,34.64672],[135.00809,34.6469],[135.0079,34.64694],[135.00627,34.64725],[135.00579,34.64736],[135.00526,34.64745],[135.00467,34.64754],[135.0041,34.6476],[135.00365,34.64763],[135.00324,34.64767],[135.0028,34.64771],[135.00129,34.64792],[134.99939,34.64817],[134.99843,34.64828],[134.99723,34.64839],[134.99494,34.64883],[134.99456,34.64888],[134.99416,34.64892],[134.992512,34.649084],[134.99081,34.6493],[134.99033,34.64935],[134.99004,34.6494],[134.98873,34.64973],[134.98593,34.65042],[134.98527,34.65058],[134.98466,34.65073],[134.98448,34.65078],[134.98364,34.651],[134.98341,34.65108],[134.98311,34.65119],[134.98294,34.65125],[134.9824,34.65152],[134.98211,34.65167],[134.98197,34.65174],[134.98153,34.65201],[134.98124,34.65219],[134.98061,34.65258],[134.98035,34.65275],[134.97992,34.65301],[134.97955,34.65324],[134.97926,34.65342],[134.97763,34.65444],[134.97731,34.65463],[134.97564,34.65566],[134.97521,34.65592],[134.97515,34.65596],[134.97239,34.65764],[134.97126,34.65832],[134.97099,34.65849],[134.97032,34.65889],[134.96955,34.65939],[134.96939,34.65951],[134.96692,34.6613],[134.96591,34.66201],[134.96291,34.6641],[134.9617,34.66487],[134.96132,34.66512],[134.9608,34.66547],[134.96004,34.66597],[134.960151,34.66591],[134.95972,34.6662],[134.95894,34.66677],[134.95885,34.66683],[134.95821,34.66736],[134.95734,34.66818],[134.95694,34.66861],[134.95632,34.66936],[134.95564,34.66992],[134.95381,34.67124],[134.95361,34.67139],[134.94922,34.6746],[134.94557,34.67727],[134.94506,34.67765],[134.94272,34.67935],[134.94025,34.68119],[134.939194,34.681914],[134.9381,34.68278],[134.9371,34.68348],[134.93678,34.6837],[134.93634,34.68402],[134.9358,34.68441],[134.93483,34.68506],[134.93423,34.68541],[134.93372,34.68569],[134.93326,34.68588],[134.93283,34.68602],[134.92646,34.6879],[134.9237,34.68872],[134.91945,34.68998],[134.91851,34.69024],[134.91785,34.6904],[134.91597,34.6908],[134.91596,34.6908],[134.91386,34.69123],[134.91301,34.69143],[134.91229,34.69163],[134.91154,34.69188],[134.91093,34.69217],[134.91035,34.6925],[134.90988,34.6928],[134.90954,34.69308],[134.90916,34.69343],[134.90851,34.69405],[134.90701,34.69554],[134.90521,34.69734],[134.906028,34.696401],[134.90467,34.69787],[134.90276,34.69977],[134.89995,34.70257],[134.89903,34.70349],[134.89856,34.70399],[134.8983,34.70434],[134.89785,34.70508],[134.89661,34.7072],[134.89639,34.70759],[134.89501,34.70995],[134.89435,34.71109],[134.89349,34.71259],[134.89186,34.71543],[134.89064,34.7175],[134.88964,34.71925],[134.88903,34.72031],[134.888921,34.720482],[134.8884,34.72139],[134.88709,34.72368],[134.8863,34.72505],[134.88583,34.72587],[134.88567,34.72615],[134.88523,34.72693],[134.88481,34.72763],[134.88444,34.72829],[134.88396,34.7292],[134.88331,34.73017],[134.88265,34.73099],[134.88183,34.73191],[134.87894,34.73508],[134.87884,34.73519],[134.8767,34.73753],[134.87501,34.73941],[134.87341,34.74116],[134.87243,34.74222],[134.87224,34.74243],[134.8709,34.74393],[134.86995,34.74495],[134.8686,34.74642],[134.869244,34.745857],[134.86819,34.74686],[134.86766,34.74743],[134.86705,34.74806],[134.86683,34.74826],[134.86605,34.74892],[134.86506,34.74972],[134.86317,34.75119],[134.86235,34.75184],[134.86164,34.75237],[134.8609,34.75286],[134.86039,34.75324],[134.85951,34.75387],[134.8587,34.75447],[134.85574,34.75665],[134.85456,34.75743],[134.85362,34.75799],[134.85142,34.75936],[134.85011,34.76016],[134.84977,34.76037],[134.84964,34.76045],[134.8495,34.76054],[134.84898,34.76085],[134.8489,34.7609],[134.84699,34.76208],[134.84662,34.76231],[134.845,34.76331],[134.84492,34.76335],[134.8436,34.76416],[134.84328,34.76436],[134.84287,34.76462],[134.84244,34.76491],[134.84191,34.76533],[134.84189,34.76535],[134.84184,34.76539],[134.84183,34.76541],[134.84181,34.76541],[134.84105,34.76607],[134.84042,34.76665],[134.83861,34.76846],[134.839447,34.767666],[134.83858,34.7685],[134.83795,34.76912],[134.83753,34.76954],[134.83553,34.77152],[134.83514,34.77192],[134.83462,34.77243],[134.83455,34.7725],[134.8345,34.77255],[134.83448,34.77257],[134.83445,34.77259],[134.83443,34.77262],[134.83251,34.77453],[134.83242,34.77462],[134.83177,34.77527],[134.83149,34.77554],[134.83064,34.77639],[134.82969,34.7773],[134.82911,34.77781],[134.82843,34.77832],[134.82798,34.7786],[134.82751,34.77885],[134.82721,34.779],[134.82667,34.77925],[134.82581,34.77962],[134.82484,34.77999],[134.82465,34.78005],[134.82413,34.78026],[134.82386,34.78036],[134.82373,34.78041],[134.82304,34.78068],[134.82256,34.78085],[134.82221,34.78099],[134.82191,34.7811],[134.82177,34.78115],[134.8214,34.78129],[134.8204,34.78166],[134.81972,34.78191],[134.81895,34.78221],[134.81755,34.78274],[134.81714,34.78289],[134.81563,34.78347],[134.81495,34.78373],[134.81371,34.78419],[134.81368,34.78421],[134.81321,34.78438],[134.812158,34.784795],[134.81069,34.78534],[134.81039,34.78545],[134.80958,34.78575],[134.80874,34.78607],[134.80784,34.78641],[134.8071,34.78669],[134.80706,34.7867],[134.80692,34.78676],[134.80656,34.7869],[134.806,34.78711],[134.80513,34.78743],[134.8051,34.78744],[134.80469,34.7876],[134.80419,34.78778],[134.80318,34.78815],[134.80293,34.78824],[134.80118,34.7889],[134.80068,34.78909],[134.79987,34.7894],[134.79951,34.78953],[134.79914,34.78967],[134.7976,34.79025],[134.79686,34.79054],[134.79612,34.79081],[134.79547,34.79106],[134.79514,34.79118],[134.79495,34.79123],[134.79471,34.79131],[134.79428,34.79142],[134.79399,34.79148],[134.79393,34.7915],[134.79377,34.79153],[134.79341,34.79159],[134.7929,34.79168],[134.79247,34.79173],[134.79203,34.79179],[134.7914,34.79183],[134.79037,34.79188],[134.79022,34.79188],[134.78871,34.79193],[134.78867,34.79194],[134.7885,34.79195],[134.78754,34.792],[134.78677,34.79204],[134.78593,34.79207],[134.78453,34.79213],[134.78424,34.79215],[134.78339,34.79219],[134.78191,34.79225],[134.78116,34.79228],[134.77928,34.79236],[134.77881,34.79238],[134.77878,34.79238],[134.77658,34.79248],[134.77609,34.7925],[134.77592,34.79251],[134.77357,34.79258],[134.77284,34.79263],[134.77244,34.79268],[134.77219,34.7927],[134.77162,34.79277],[134.77138,34.7928],[134.77111,34.79283],[134.7709,34.79286],[134.77086,34.79287],[134.77028,34.79306],[134.76962,34.79335],[134.769838,34.793304],[134.76893,34.79372],[134.76891,34.79373],[134.76866,34.79389],[134.7683,34.79415],[134.76784,34.79454],[134.767,34.79529],[134.76698,34.79532],[134.76643,34.79582],[134.76588,34.79633],[134.76554,34.79664],[134.76521,34.79695],[134.76472,34.7974],[134.76459,34.79751],[134.76421,34.79787],[134.76388,34.79817],[134.76353,34.79849],[134.76302,34.79894],[134.7622,34.79953],[134.76148,34.80002],[134.76134,34.80011],[134.75929,34.80145],[134.75874,34.8018],[134.75737,34.80268],[134.75729,34.80274],[134.75699,34.80293],[134.75691,34.80298],[134.7568,34.80305],[134.75663,34.80317],[134.75597,34.80359],[134.75547,34.80392],[134.75472,34.80441],[134.75404,34.80486],[134.753309,34.805544],[134.75191,34.80626],[134.75068,34.80706],[134.75055,34.80713],[134.75032,34.80729],[134.75008,34.80745],[134.74973,34.80768],[134.7482,34.80868],[134.74804,34.80879],[134.74742,34.80919],[134.74726,34.8093],[134.74664,34.80968],[134.74477,34.81088],[134.74384,34.81148],[134.7422,34.81255],[134.74166,34.8129],[134.73993,34.81403],[134.73913,34.81455],[134.73799,34.81529],[134.73775,34.81544],[134.73774,34.81546],[134.73718,34.81581],[134.73708,34.81588],[134.73678,34.81607],[134.7365,34.81626],[134.735486,34.816944],[134.73416,34.81775],[134.73409,34.81779],[134.73237,34.8188],[134.73076,34.81968],[134.73055,34.8198],[134.73045,34.81985],[134.72967,34.82025],[134.72819,34.82103],[134.72765,34.82133],[134.72611,34.82211],[134.72509,34.8225],[134.72462,34.82262],[134.72379,34.82278],[134.72263,34.82299],[134.7212,34.82319],[134.72051,34.82328],[134.72015,34.82333],[134.72,34.82335],[134.71617,34.82389],[134.71425,34.82413],[134.71292391,34.82429576],[134.71273,34.82432],[134.712472,34.824361],[134.71208,34.82439],[134.71161206,34.82440337],[134.71138,34.82441],[134.71036,34.82446],[134.70965,34.82452],[134.70776,34.82478],[134.70634,34.82492],[134.70527,34.82504],[134.702838,34.825326],[134.692862,34.826493],[134.688646,34.826981],[134.690769,34.827659]]}},{"type":"Feature","properties":{"line_name":"JR宝塚線"},"geometry":{"type":"LineString","coordinates":[[135.495188,34.702398],[135.468843,34.71271],[135.431685,34.731791],[135.42859,34.73243],[135.42846,34.73245],[135.42784,34.73269],[135.4273,34.73291],[135.4269,34.73311],[135.42661,34.73333],[135.42646,34.73347],[135.42634,34.73359],[135.42605,34.73398],[135.42579,34.73442],[135.42567,34.73484],[135.42563,34.73518],[135.42561,34.7355],[135.42564,34.73575],[135.42596,34.73732],[135.42662,34.74054],[135.42674,34.74128],[135.42677,34.74172],[135.42674,34.74225],[135.42659,34.74292],[135.42639,34.74395],[135.42621,34.7449],[135.42578,34.74725],[135.42527,34.74993],[135.42497,34.75173],[135.424948,34.751028],[135.42468,34.75325],[135.42462,34.75353],[135.42453,34.75402],[135.42447,34.7543],[135.42431,34.75508],[135.42429,34.75523],[135.42419,34.7557],[135.42417,34.75582],[135.4241,34.75615],[135.42407,34.75641],[135.42398,34.75684],[135.42389,34.75733],[135.42388,34.75735],[135.42387,34.75744],[135.42382,34.75776],[135.42379,34.75786],[135.42376,34.75804],[135.42371,34.75823],[135.42366,34.75858],[135.42364,34.75866],[135.42353,34.75927],[135.42349,34.75944],[135.42347,34.75953],[135.42343,34.75981],[135.42339,34.76],[135.42337,34.7601],[135.42336,34.76013],[135.42326,34.76068],[135.42323,34.76084],[135.42313,34.76133],[135.42302,34.76189],[135.423,34.76199],[135.42296,34.76225],[135.42294,34.76228],[135.42287,34.76266],[135.42276,34.7632],[135.42247,34.7648],[135.422598,34.764086],[135.42239,34.76533],[135.4222,34.76629],[135.42214,34.76659],[135.4221,34.76684],[135.42209,34.76688],[135.42203,34.76721],[135.42199,34.76739],[135.42195,34.76759],[135.42189,34.76788],[135.42172,34.76875],[135.42169,34.76893],[135.42166,34.76915],[135.42165,34.76932],[135.42163,34.76944],[135.42162,34.77042],[135.42164,34.77132],[135.42166,34.77157],[135.42167,34.77187],[135.42171,34.77349],[135.42175,34.77453],[135.42175,34.77462],[135.42176,34.77476],[135.42179,34.77584],[135.42181,34.77648],[135.42182,34.77676],[135.42182,34.77688],[135.42183,34.77746],[135.42188,34.77835],[135.42182,34.7798],[135.4218,34.78009],[135.42175,34.78114],[135.421686,34.78065],[135.42172,34.78182],[135.42171,34.78197],[135.42167,34.78263],[135.42165,34.78301],[135.4216,34.78347],[135.4216,34.78358],[135.42156,34.78446],[135.42156,34.78465],[135.42153,34.78525],[135.42152,34.78564],[135.42151,34.78585],[135.42151,34.78608],[135.42149,34.78621],[135.42149,34.78647],[135.42143,34.78722],[135.42137,34.78805],[135.4213,34.7891],[135.42128,34.78924],[135.42122,34.78962],[135.42117,34.78996],[135.42098,34.7911],[135.42085,34.79195],[135.42078,34.79241],[135.42074,34.79263],[135.42061,34.79353],[135.42057,34.79383],[135.42049,34.7943],[135.42047,34.79452],[135.42034,34.7953],[135.42033,34.7954],[135.42032,34.79545],[135.42025,34.79592],[135.42022,34.79614],[135.42016,34.79649],[135.42011,34.79683],[135.42004,34.79723],[135.41995,34.79782],[135.41985,34.79854],[135.41985,34.79857],[135.4198,34.79896],[135.41977,34.7993],[135.41971,34.79976],[135.41938,34.8018],[135.419326,34.801349],[135.41937,34.80188],[135.41932,34.80218],[135.4193,34.80229],[135.41925,34.80267],[135.41919,34.80314],[135.41917,34.80325],[135.41916,34.8033],[135.41913,34.80339],[135.41909,34.80361],[135.41901,34.80393],[135.419,34.80402],[135.41897,34.8041],[135.41891,34.8044],[135.41888,34.8045],[135.41874,34.80515],[135.41873,34.80524],[135.41861,34.8056],[135.41854,34.80576],[135.41853,34.80583],[135.41845,34.80605],[135.41843,34.80608],[135.41842,34.8061],[135.4182,34.80663],[135.41818,34.80669],[135.41814,34.80675],[135.41792,34.80731],[135.4178,34.80757],[135.41776,34.80766],[135.41748,34.8083],[135.4173,34.8087],[135.41722,34.80887],[135.41714,34.80906],[135.4171,34.80912],[135.41704,34.80928],[135.41686,34.80965],[135.41655,34.81036],[135.4165,34.81047],[135.41611,34.81128],[135.41587,34.81181],[135.41587,34.81182],[135.41563,34.81237],[135.41521,34.81335],[135.4151,34.81359],[135.41508,34.81365],[135.41501,34.81382],[135.41497,34.81395],[135.41493,34.8142],[135.41489,34.81437],[135.41488,34.81449],[135.41486,34.8146],[135.41484,34.81501],[135.41484,34.8151],[135.41483,34.81551],[135.41477,34.81754],[135.41474,34.81877],[135.41474,34.81896],[135.41472,34.81918],[135.4147,34.82007],[135.41468,34.82043],[135.41462,34.82069],[135.41454,34.82095],[135.41442,34.82128],[135.41426,34.82162],[135.41415,34.82179],[135.41363,34.82272],[135.41351,34.82291],[135.41329,34.82321],[135.41319,34.8233],[135.41313,34.82337],[135.41292,34.82353],[135.4127,34.82369],[135.41267,34.82371],[135.41226,34.82394],[135.41198,34.82408],[135.41168,34.82422],[135.41165,34.82423],[135.41165,34.82424],[135.41106,34.82448],[135.41042,34.8247],[135.409901,34.824857],[135.4092,34.82508],[135.40834,34.82531],[135.40803,34.82541],[135.40773,34.82551],[135.40767,34.82554],[135.40739,34.8256],[135.40717,34.82563],[135.40683,34.82565],[135.40623,34.82565],[135.4059,34.82562],[135.40538,34.82551],[135.40499,34.82539],[135.4048,34.82533],[135.40459,34.82525],[135.40431,34.82516],[135.40401,34.82508],[135.40392,34.82507],[135.40383,34.82503],[135.4036,34.82498],[135.40292,34.82484],[135.40238,34.82472],[135.40178,34.8246],[135.40104,34.82448],[135.40044,34.82439],[135.40034,34.82438],[135.39981,34.8243],[135.39962,34.82427],[135.39947,34.82425],[135.39932,34.82423],[135.39894,34.82418],[135.39852,34.82411],[135.39849,34.82411],[135.39832,34.82408],[135.39802,34.82405],[135.39772,34.824],[135.39741,34.82392],[135.39727,34.82387],[135.39599,34.82314],[135.39532,34.82272],[135.39495,34.82248],[135.39429,34.82203],[135.39413,34.82194],[135.39378,34.8217],[135.39288,34.82112],[135.39267,34.82098],[135.39241,34.82082],[135.39224,34.8207],[135.39207,34.82059],[135.39192,34.82048],[135.39188,34.82046],[135.39149,34.82019],[135.3912,34.82],[135.39054,34.81956],[135.38984,34.81908],[135.38939,34.81879],[135.38884,34.81845],[135.38853,34.81829],[135.38825,34.81816],[135.38803,34.81808],[135.38798,34.81807],[135.38768,34.81794],[135.38738,34.81784],[135.38715,34.81777],[135.38674,34.81764],[135.38671,34.81764],[135.38669,34.81763],[135.38659,34.81761],[135.38658,34.81759],[135.38618,34.81748],[135.38567,34.81731],[135.38549,34.81727],[135.38546,34.81725],[135.38509,34.81715],[135.3847,34.81702],[135.3836,34.81669],[135.38276,34.81643],[135.38251,34.81635],[135.38216,34.81626],[135.38202,34.81624],[135.38196,34.81622],[135.38171,34.81617],[135.38108,34.81617],[135.38066,34.81618],[135.37993,34.81624],[135.3789,34.81629],[135.37853,34.81631],[135.37765,34.81636],[135.37725,34.81638],[135.37674,34.81642],[135.37615,34.81645],[135.37611,34.81645],[135.37604,34.81647],[135.37593,34.81647],[135.3758,34.81648],[135.37483,34.81655],[135.37318,34.81665],[135.373993,34.816627],[135.3722,34.81672],[135.37147,34.81678],[135.37122,34.81679],[135.37098,34.8168],[135.37073,34.8168],[135.3706,34.8168],[135.37048,34.81679],[135.37008,34.81678],[135.36969,34.81671],[135.36929,34.81663],[135.36885,34.8165],[135.36784,34.81615],[135.36759,34.81606],[135.36724,34.81593],[135.3647,34.81501],[135.36391,34.81471],[135.36373,34.81463],[135.36346,34.81453],[135.36288,34.81431],[135.36262,34.81422],[135.36241,34.81412],[135.3617,34.81378],[135.36081,34.81334],[135.35818,34.81196],[135.35703,34.81136],[135.35473,34.81016],[135.35429,34.80993],[135.35423,34.8099],[135.35399,34.80978],[135.35381,34.8097],[135.35362,34.80963],[135.3534,34.80959],[135.35316,34.80957],[135.3529,34.80955],[135.35264,34.80954],[135.35233,34.80957],[135.3521,34.80959],[135.35191,34.8096],[135.35168,34.80962],[135.35029,34.80976],[135.34702,34.81011],[135.34557,34.81025],[135.34496,34.81031],[135.34444,34.81039],[135.3435,34.81053],[135.34285,34.81063],[135.34253,34.81069],[135.34232,34.81075],[135.34209,34.81081],[135.34156,34.81103],[135.34013,34.81168],[135.340399,34.811562],[135.33953,34.81195],[135.33925,34.8121],[135.33893,34.81226],[135.33874,34.81238],[135.33848,34.81256],[135.33836,34.81264],[135.33819,34.81276],[135.338,34.81293],[135.33785,34.81305],[135.33777,34.81314],[135.33664,34.81471],[135.33637,34.81508],[135.33548,34.81629],[135.33435,34.81779],[135.3342,34.81798],[135.33405,34.81816],[135.33399,34.81826],[135.33379,34.8185],[135.33359,34.8187],[135.33336,34.81893],[135.33308,34.81914],[135.33282,34.81931],[135.33256,34.81947],[135.33233,34.81958],[135.33214,34.81967],[135.33191,34.81978],[135.33162,34.81988],[135.33158,34.81989],[135.33134,34.81996],[135.33113,34.82001],[135.33086,34.82006],[135.33053,34.82011],[135.33013,34.82016],[135.32929,34.82029],[135.3291,34.82031],[135.32897,34.82032],[135.32869,34.82033],[135.32841,34.82032],[135.328,34.82027],[135.32767,34.82021],[135.32734,34.82014],[135.32711,34.82008],[135.32675,34.81995],[135.32611,34.81966],[135.32454,34.81902],[135.325058,34.819159],[135.32413,34.81884],[135.32315,34.81842],[135.32305,34.81838],[135.32282,34.81828],[135.32202,34.81793],[135.32196,34.81791],[135.32163,34.81776],[135.3213,34.81764],[135.321,34.81754],[135.32074,34.81745],[135.32055,34.8174],[135.32052,34.81739],[135.32012,34.81732],[135.32007,34.81732],[135.31969,34.81727],[135.31944,34.81725],[135.3193,34.81724],[135.31892,34.81723],[135.31857,34.81723],[135.3182,34.81723],[135.31786,34.81726],[135.3175,34.81729],[135.31722,34.81732],[135.31689,34.8174],[135.31657,34.81747],[135.31609,34.8176],[135.31567,34.81774],[135.31532,34.81786],[135.31499,34.81799],[135.31465,34.81814],[135.31428,34.81832],[135.31387,34.81851],[135.31357,34.81869],[135.31314,34.81893],[135.31279,34.81918],[135.31243,34.81944],[135.3121,34.8197],[135.31171,34.82004],[135.31136,34.82037],[135.31105,34.82068],[135.31074,34.82104],[135.31053,34.8213],[135.31036,34.8215],[135.3101,34.82188],[135.30987,34.82227],[135.30966,34.82267],[135.3095,34.82298],[135.30946,34.82306],[135.30933,34.82343],[135.30914,34.82394],[135.30904,34.82432],[135.30892,34.82487],[135.30886,34.82518],[135.30884,34.82546],[135.30885,34.82571],[135.30885,34.82629],[135.30888,34.8266],[135.30888,34.82666],[135.30889,34.82675],[135.308871,34.827125],[135.30888,34.82771],[135.30888,34.82799],[135.30888,34.82841],[135.30885,34.82958],[135.30883,34.83017],[135.30878,34.83131],[135.30877,34.83182],[135.30871,34.83316],[135.3087,34.83356],[135.30862,34.83583],[135.30859,34.83634],[135.30858,34.83657],[135.30858,34.83662],[135.30853,34.83717],[135.30848,34.83764],[135.30845,34.83813],[135.3084,34.83863],[135.30836,34.83912],[135.30832,34.83958],[135.30828,34.84015],[135.30825,34.84067],[135.30819,34.84115],[135.30811,34.84214],[135.30802,34.84306],[135.30798,34.84353],[135.30793,34.84401],[135.30788,34.84453],[135.30785,34.84504],[135.30779,34.84561],[135.30772,34.84648],[135.30762,34.84744],[135.30753,34.84834],[135.30749,34.84886],[135.30737,34.85023],[135.30733,34.8507],[135.30729,34.85116],[135.30723,34.85167],[135.30719,34.85217],[135.30715,34.85259],[135.30706,34.85305],[135.30692,34.85347],[135.30676,34.85388],[135.30656,34.85428],[135.30642,34.85451],[135.30622,34.85483],[135.3061,34.85499],[135.30582,34.85537],[135.305838,34.855316],[135.3056,34.85566],[135.30534,34.856],[135.30508,34.85634],[135.30453,34.85702],[135.30402,34.85764],[135.30344,34.85827],[135.30292,34.85872],[135.30246,34.8591],[135.30214,34.85935],[135.30205,34.8594],[135.30152,34.85971],[135.30143,34.85977],[135.30112,34.85996],[135.30102,34.86002],[135.30088,34.8601],[135.30042,34.86035],[135.29986,34.86062],[135.29893,34.861],[135.29817,34.86123],[135.29744,34.86144],[135.29688,34.8616],[135.29639,34.86173],[135.29578,34.86185],[135.29524,34.86193],[135.29414,34.86209],[135.29362,34.86214],[135.29351,34.86215],[135.29301,34.86219],[135.2923,34.86226],[135.2922,34.86227],[135.29184,34.8623],[135.2894,34.86255],[135.28736,34.86275],[135.28419,34.86307],[135.28209,34.86327],[135.28056,34.86343],[135.27882,34.86359],[135.27839,34.86363],[135.27834,34.86363],[135.27829,34.86364],[135.27798,34.86369],[135.27796,34.8637],[135.27787,34.86372],[135.27736,34.86383],[135.27596,34.86424],[135.27579,34.86429],[135.27558,34.86435],[135.27548,34.86437],[135.27488,34.86453],[135.2746,34.86461],[135.27437,34.86468],[135.27433,34.86469],[135.27402,34.86478],[135.27398,34.86479],[135.27347,34.86494],[135.27339,34.86496],[135.27086,34.86567],[135.26891,34.86623],[135.26845,34.86635],[135.26835,34.86638],[135.26818,34.86642],[135.26696,34.86676],[135.26677,34.86682],[135.26645,34.86691],[135.26611,34.867],[135.26602,34.86703],[135.26581,34.86708],[135.26575,34.8671],[135.265,34.86731],[135.26472,34.8674],[135.26431,34.86749],[135.2639,34.86753],[135.26327,34.86756],[135.26257,34.86753],[135.26206,34.86752],[135.26148,34.86749],[135.26071,34.86743],[135.25984,34.86736],[135.25922,34.86731],[135.25855,34.86732],[135.25755,34.86731],[135.2572,34.86729],[135.25713,34.86729],[135.25662,34.86728],[135.25499,34.86727],[135.255528,34.867303],[135.25465,34.86727],[135.25428,34.86731],[135.254,34.86738],[135.25357,34.8675],[135.25331,34.8676],[135.25281,34.86783],[135.25258,34.86796],[135.25245,34.86802],[135.25237,34.86806],[135.25217,34.8682],[135.25214,34.86823],[135.2518,34.86851],[135.25158,34.86875],[135.25135,34.86905],[135.25119,34.86927],[135.25113,34.8694],[135.25096,34.86966],[135.25081,34.86998],[135.25061,34.87051],[135.25055,34.87071],[135.2505,34.87087],[135.25048,34.87091],[135.25042,34.87115],[135.25037,34.8713],[135.25013,34.87219],[135.2501,34.87227],[135.2501,34.8723],[135.25007,34.87241],[135.2499,34.87304],[135.24989,34.87305],[135.24988,34.87309],[135.24981,34.87327],[135.24978,34.87337],[135.24946,34.87409],[135.24943,34.87416],[135.2492,34.87467],[135.24903,34.87524],[135.24893,34.87565],[135.24888,34.87607],[135.24887,34.87626],[135.24882,34.8768],[135.2488,34.87714],[135.24877,34.87737],[135.24876,34.87754],[135.24871,34.87784],[135.24868,34.87794],[135.24865,34.87803],[135.24859,34.87823],[135.24849,34.87846],[135.24831,34.87874],[135.24793,34.87923],[135.24785,34.87933],[135.2476,34.87959],[135.24721,34.87998],[135.24714,34.88007],[135.24685,34.88033],[135.24649,34.88066],[135.24597,34.88115],[135.24536,34.8817],[135.2453,34.88176],[135.24481,34.88221],[135.24477,34.88225],[135.24473,34.88229],[135.24456,34.88244],[135.24442,34.88257],[135.24418,34.8828],[135.24411,34.88286],[135.24383,34.88311],[135.24367,34.88327],[135.24309,34.88379],[135.24244,34.88439],[135.24209,34.88468],[135.24175,34.88492],[135.24152,34.88506],[135.24137,34.88516],[135.24093,34.88539],[135.2405,34.88557],[135.24029,34.88563],[135.24025,34.88564],[135.23983,34.88576],[135.23975,34.88579],[135.23957,34.88584],[135.23954,34.88586],[135.23894,34.88602],[135.23782,34.88635],[135.23761,34.88641],[135.23657,34.88672],[135.23628,34.88679],[135.2358,34.88695],[135.23541,34.88705],[135.23512,34.88714],[135.2349,34.88721],[135.23413,34.88743],[135.23409,34.88745],[135.23393,34.88749],[135.23297,34.88779],[135.23255,34.8879],[135.23209,34.88804],[135.2313,34.88827],[135.23124,34.88828],[135.2312,34.88829],[135.22863,34.88909],[135.22979,34.888787],[135.22858,34.8891],[135.22789,34.8893],[135.22758,34.8894],[135.22744,34.88945],[135.22724,34.88956],[135.22696,34.88972],[135.22659,34.89001],[135.22625,34.89026],[135.2262,34.89031],[135.22616,34.89033],[135.22557,34.89076],[135.22513,34.89108],[135.22478,34.89135],[135.22424,34.89175],[135.22422,34.89176],[135.22371,34.89214],[135.22303,34.89264],[135.22257,34.89298],[135.22166,34.89365],[135.22043,34.89456],[135.21994,34.89492],[135.21894,34.89566],[135.21893,34.89568],[135.21888,34.89571],[135.21819,34.89621],[135.218,34.89635],[135.21752,34.89671],[135.21724,34.89693],[135.21672,34.89731],[135.21664,34.89736],[135.2159,34.89789],[135.21552,34.8982],[135.21497,34.89865],[135.21482,34.89879],[135.21461,34.89902],[135.21442,34.89931],[135.21397,34.90005],[135.21394,34.90012],[135.21337,34.90117],[135.21325,34.90137],[135.21185,34.90403],[135.21166,34.9044],[135.21163,34.90443],[135.21123,34.9052],[135.21111,34.90544],[135.21077,34.90607],[135.21067,34.90626],[135.21031,34.90695],[135.21021,34.90713],[135.20959,34.90832],[135.2091,34.90925],[135.2089,34.90961],[135.20833,34.91067],[135.20861,34.910183],[135.20831,34.91071],[135.20825,34.91083],[135.20811,34.9111],[135.20793,34.91146],[135.20743,34.9124],[135.20722,34.91279],[135.20715,34.91293],[135.20706,34.91309],[135.20696,34.91328],[135.20638,34.91438],[135.20631,34.9145],[135.20614,34.91482],[135.20609,34.91493],[135.20597,34.91515],[135.20594,34.91519],[135.20582,34.91541],[135.20564,34.9157],[135.20536,34.91606],[135.20505,34.91642],[135.20487,34.91658],[135.20461,34.91678],[135.20447,34.91688],[135.20432,34.91698],[135.20402,34.91714],[135.20326,34.91746],[135.20255,34.91775],[135.2013,34.91825],[135.20085,34.91843],[135.19878,34.91926],[135.19721,34.91989],[135.19574,34.92048],[135.19516,34.92071],[135.19439,34.92102],[135.19326,34.92148],[135.19279,34.92169],[135.19252,34.92183],[135.19201,34.92214],[135.1917,34.92237],[135.19138,34.92267],[135.19107,34.92305],[135.19087,34.92333],[135.19074,34.92359],[135.19069,34.92369],[135.19058,34.92408],[135.19057,34.92411],[135.19049,34.92444],[135.19048,34.92472],[135.19048,34.92503],[135.19051,34.92529],[135.19062,34.92582],[135.19076,34.92637],[135.19093,34.92692],[135.19105,34.92729],[135.19117,34.92773],[135.191267,34.928424],[135.19169,34.92937],[135.19186,34.92993],[135.1921,34.93078],[135.19214,34.93101],[135.19218,34.93136],[135.19217,34.9317],[135.19209,34.93202],[135.19193,34.93247],[135.19172,34.93279],[135.19156,34.93299],[135.19136,34.93321],[135.19114,34.9334],[135.19079,34.93366],[135.19059,34.93379],[135.19033,34.93392],[135.18999,34.93407],[135.18968,34.93417],[135.1891,34.93433],[135.18856,34.93444],[135.18594,34.93495],[135.18577,34.93499],[135.18288,34.93557],[135.17832,34.93652],[135.17728,34.93675],[135.17604,34.93706],[135.17534,34.93726],[135.17508,34.93734],[135.17471,34.93747],[135.17405,34.93775],[135.17277,34.93836],[135.17103,34.93924],[135.16805,34.94072],[135.1656,34.94201],[135.16518,34.94223],[135.16477,34.94246],[135.16435,34.94274],[135.16403,34.94299],[135.1638,34.9432],[135.16153,34.94543],[135.1614,34.94557],[135.16119,34.94574],[135.1608,34.94602],[135.16063,34.9461],[135.16037,34.94621],[135.15944,34.94652],[135.15739,34.94718],[135.15699,34.94732],[135.155998,34.947482],[135.15491,34.94795],[135.15335,34.94846],[135.15222,34.94882],[135.15146,34.94909],[135.15099,34.94928],[135.15072,34.9494],[135.15021,34.94967],[135.14967,34.95002],[135.14931,34.95033],[135.14907,34.95052],[135.14856,34.95111],[135.14847,34.95121],[135.14818,34.95163],[135.14689,34.9536],[135.14655,34.9541],[135.14588,34.95514],[135.14564,34.95555],[135.1455,34.95582],[135.14537,34.95615],[135.14526,34.95649],[135.14504,34.95735],[135.14455,34.95921],[135.14406,34.96108],[135.14399,34.9615],[135.14399,34.96196],[135.14404,34.9622],[135.1441,34.96242],[135.1442,34.96267],[135.14437,34.96296],[135.14475,34.96353],[135.14546,34.96466],[135.14584,34.96523],[135.14617,34.96567],[135.14637,34.9659],[135.14661,34.96611],[135.14739,34.96667],[135.14761,34.96682],[135.15094,34.96901],[135.15113,34.96913],[135.15307,34.97041],[135.15369,34.97085],[135.1544,34.97151],[135.15465,34.97178],[135.1548,34.97199],[135.15497,34.9723],[135.15534,34.97301],[135.1556,34.97354],[135.15572,34.97387],[135.15586,34.9743],[135.1559,34.97458],[135.15591,34.9749],[135.15589,34.97518],[135.15572,34.97612],[135.15534,34.9778],[135.155533,34.977041],[135.15508,34.97887],[135.15492,34.97944],[135.15478,34.97976],[135.1546,34.98021],[135.15443,34.98053],[135.15416,34.98099],[135.15339,34.9823],[135.15327,34.98255],[135.15321,34.98277],[135.15317,34.98296],[135.15315,34.98328],[135.15317,34.98362],[135.15321,34.98388],[135.15331,34.98432],[135.15343,34.98477],[135.15354,34.98524],[135.15369,34.98583],[135.15374,34.98621],[135.15374,34.98668],[135.15371,34.98708],[135.15365,34.9879],[135.15357,34.98874],[135.15357,34.98875],[135.15346,34.98972],[135.15339,34.99039],[135.15338,34.99055],[135.15336,34.99078],[135.15331,34.99109],[135.15313,34.99176],[135.15296,34.99229],[135.15253,34.99341],[135.15243,34.9937],[135.15237,34.99408],[135.15233,34.99448],[135.1523,34.99486],[135.15231,34.99574],[135.15235,34.99637],[135.1524,34.996887],[135.15239,34.99749],[135.15243,34.99805],[135.1525,34.99919],[135.15261,35.00091],[135.15276,35.00322],[135.15285,35.00543],[135.15285,35.00601],[135.1528,35.00648],[135.15271,35.00713],[135.15259,35.00813],[135.15226,35.01098],[135.15207,35.0122],[135.15196,35.01292],[135.15189,35.0133],[135.1518,35.0136],[135.15169,35.01388],[135.15155,35.01413],[135.1514,35.01435],[135.15118,35.01463],[135.15085,35.01497],[135.15022,35.01562],[135.15001,35.01584],[135.14987,35.01605],[135.14977,35.01623],[135.14971,35.01643],[135.14965,35.01667],[135.14961,35.01696],[135.14959,35.0172],[135.14959,35.0175],[135.14967,35.01785],[135.14979,35.01819],[135.14993,35.01841],[135.15015,35.01869],[135.15046,35.01904],[135.15092,35.01944],[135.15159,35.01998],[135.15174,35.02007],[135.15184,35.02014],[135.15238,35.02042],[135.15323,35.02087],[135.15392,35.02124],[135.1542,35.02141],[135.154808,35.021932],[135.1557,35.02251],[135.15619,35.0232],[135.15639,35.02341],[135.15667,35.02363],[135.15692,35.02377],[135.15723,35.0239],[135.16024,35.02466],[135.16075,35.02482],[135.16143,35.02509],[135.16182,35.02531],[135.1627,35.02591],[135.16474,35.02731],[135.16763,35.02931],[135.1716,35.03206],[135.17227,35.03258],[135.17254,35.03282],[135.17278,35.03306],[135.17295,35.03328],[135.17297,35.03331],[135.17317,35.03358],[135.17335,35.03394],[135.17363,35.03463],[135.1746,35.03715],[135.17501,35.03813],[135.174875,35.037697],[135.17568,35.03977],[135.17646,35.04149],[135.17719,35.04298],[135.17909,35.04651],[135.17921,35.04673],[135.18033,35.04879],[135.18064,35.04937],[135.18098,35.05009],[135.1811,35.05039],[135.18118,35.05065],[135.18122,35.05089],[135.18122,35.05111],[135.18119,35.05137],[135.18114,35.0516],[135.18104,35.05187],[135.18092,35.05214],[135.18076,35.05241],[135.18058,35.05262],[135.18037,35.05284],[135.18007,35.05304],[135.17942,35.05345],[135.17909,35.05372],[135.1788,35.05397],[135.1786,35.05419],[135.17847,35.05435],[135.17842,35.05443],[135.17823,35.05469],[135.17787,35.05527],[135.17711,35.05712],[135.177452,35.056223]]}},{"type":"Feature","properties":{"line_name":"大阪環状線"},"geometry":{"type":"LineString","coordinates":[[135.495188,34.702398],[135.49301,34.70074],[135.4923,34.70039],[135.49171,34.70003],[135.49026,34.69914],[135.48949,34.69871],[135.48938,34.69865],[135.48743,34.69759],[135.48736,34.69757],[135.4858,34.69679],[135.486563,34.697167],[135.48566,34.69672],[135.4841,34.69592],[135.4831,34.69541],[135.48266,34.6951],[135.4822,34.69473],[135.48183,34.69436],[135.48177,34.69429],[135.48145,34.69399],[135.48118,34.69374],[135.48083,34.69343],[135.47766,34.69103],[135.47571,34.68953],[135.47567,34.6895],[135.474837,34.689069],[135.47419,34.68837],[135.47414,34.68834],[135.47367,34.68797],[135.47142,34.68627],[135.46995,34.68516],[135.46916,34.68458],[135.46878,34.6843],[135.46796,34.68366],[135.46768,34.68344],[135.46765,34.68342],[135.4669,34.68275],[135.466779,34.68269],[135.46625,34.68215],[135.46622,34.68212],[135.46476,34.68072],[135.46358,34.67963],[135.46315,34.67919],[135.46266,34.67869],[135.46237,34.67838],[135.46217,34.67812],[135.46201,34.67785],[135.46182,34.67745],[135.46129,34.67635],[135.46094,34.67565],[135.46076,34.67523],[135.46066,34.6749],[135.46058,34.67447],[135.46051,34.674],[135.46051,34.67357],[135.46055,34.67316],[135.46062,34.67281],[135.46076,34.67238],[135.46095,34.67191],[135.46121,34.67138],[135.46152,34.67083],[135.46157,34.67076],[135.46182,34.67031],[135.46204,34.66992],[135.46238,34.66929],[135.462348,34.669403],[135.46243,34.66918],[135.46249,34.66907],[135.46297,34.66825],[135.46306,34.66812],[135.46316,34.66794],[135.46327,34.66778],[135.46342,34.66753],[135.46349,34.66743],[135.46351,34.66741],[135.46376,34.66705],[135.46399,34.66679],[135.46407,34.66671],[135.46412,34.66667],[135.46429,34.66654],[135.46458,34.66633],[135.46481,34.66619],[135.46515,34.66603],[135.46544,34.66594],[135.46564,34.66589],[135.46606,34.66583],[135.46629,34.66581],[135.46669,34.6658],[135.46724,34.66584],[135.46745,34.66588],[135.46762,34.66594],[135.46793,34.66605],[135.46813,34.66614],[135.46844,34.66628],[135.46931,34.66668],[135.46976,34.66688],[135.4698,34.66691],[135.46992,34.66696],[135.47089,34.6674],[135.47101,34.66746],[135.47149,34.66765],[135.47159,34.66767],[135.4716,34.66768],[135.47197,34.66777],[135.47213,34.66779],[135.47216,34.6678],[135.47242,34.66783],[135.47313,34.6678],[135.47317,34.66779],[135.4732,34.66779],[135.47352,34.66776],[135.47395,34.66769],[135.47395,34.66767],[135.474,34.66767],[135.47423,34.6676],[135.47444,34.66753],[135.47525,34.66725],[135.47568,34.6671],[135.47582,34.66705],[135.47903,34.66587],[135.479932,34.665582],[135.48096,34.66516],[135.48128,34.66505],[135.48156,34.66494],[135.48235,34.66465],[135.48314,34.66436],[135.48418,34.66396],[135.48445,34.66385],[135.48467,34.66375],[135.48512,34.66353],[135.48537,34.66337],[135.48551,34.66326],[135.48569,34.66312],[135.48597,34.66278],[135.48597,34.66277],[135.48613,34.66257],[135.48627,34.66238],[135.48638,34.66222],[135.48728,34.66097],[135.48757,34.66056],[135.48779,34.66026],[135.48811,34.65982],[135.48843,34.65936],[135.48853,34.65923],[135.48872,34.65903],[135.48874,34.65901],[135.48964,34.65814],[135.48924,34.658608],[135.48979,34.65799],[135.48985,34.65793],[135.49027,34.65757],[135.49064,34.65725],[135.49066,34.65723],[135.49107,34.65682],[135.49131,34.65653],[135.49158,34.65604],[135.49166,34.65585],[135.49184,34.65556],[135.49188,34.65549],[135.4923,34.65481],[135.49235,34.65467],[135.49239,34.65458],[135.49271,34.65394],[135.492975,34.654156],[135.49301,34.65341],[135.49303,34.65337],[135.49306,34.65332],[135.49327,34.65301],[135.49355,34.6527],[135.49401,34.65229],[135.4941,34.65223],[135.49434,34.65206],[135.49457,34.65192],[135.49469,34.65186],[135.49489,34.65177],[135.49499,34.65172],[135.49508,34.65168],[135.49553,34.6515],[135.49573,34.65144],[135.4958,34.65142],[135.496,34.65136],[135.49645,34.65126],[135.49676,34.6512],[135.49677,34.65119],[135.49702,34.65114],[135.49719,34.65111],[135.49744,34.65104],[135.49797,34.65088],[135.49813,34.65083],[135.49934,34.65051],[135.50016,34.6503],[135.50066,34.65019],[135.501076,34.650149],[135.50292,34.64962],[135.50316,34.64956],[135.5046,34.64923],[135.50606,34.64888],[135.50677,34.64871],[135.50951,34.64805],[135.51208,34.64744],[135.51294,34.64742],[135.51522,34.64685],[135.514124,34.647243],[135.51602,34.64665],[135.5164,34.64653],[135.51764,34.64621],[135.51782,34.64615],[135.51854,34.64597],[135.51886,34.6459],[135.51919,34.64585],[135.51996,34.64582],[135.52025,34.64589],[135.5206,34.64597],[135.52066,34.64599],[135.52099,34.64609],[135.52131,34.64621],[135.52188,34.64652],[135.52237,34.64686],[135.52319,34.64755],[135.523437,34.647957],[135.52401,34.64833],[135.52423,34.64859],[135.52428,34.64865],[135.52448,34.64888],[135.52463,34.64908],[135.52493,34.64951],[135.52502,34.64966],[135.52516,34.64991],[135.52522,34.65006],[135.5254,34.6506],[135.52571,34.65153],[135.52632,34.65339],[135.52662,34.65429],[135.52673,34.65463],[135.52693,34.65525],[135.52754,34.65712],[135.52777,34.65781],[135.527908,34.658453],[135.52823,34.65925],[135.52878,34.66088],[135.52939,34.66275],[135.53004,34.66471],[135.53014,34.66503],[135.53023,34.66532],[135.530133,34.665264],[135.5307,34.66679],[135.53121,34.66843],[135.53164,34.66992],[135.53191,34.67068],[135.5321,34.67121],[135.53222,34.67147],[135.53249,34.67198],[135.53265,34.67236],[135.53269,34.67254],[135.5327,34.67265],[135.53271,34.67273],[135.53304,34.67431],[135.532901,34.673559],[135.53318,34.6748],[135.53324,34.67505],[135.53337,34.67544],[135.53347,34.67573],[135.53358,34.67607],[135.53359,34.67608],[135.53386,34.67691],[135.53408,34.67774],[135.53415,34.67821],[135.53417,34.67829],[135.53417,34.67858],[135.53412,34.6794],[135.53408,34.67976],[135.53408,34.67983],[135.533996,34.680412],[135.53397,34.68108],[135.53392,34.68162],[135.53392,34.68176],[135.53393,34.68184],[135.53395,34.682],[135.53402,34.68304],[135.53403,34.68322],[135.53404,34.68341],[135.5341,34.68409],[135.53411,34.68438],[135.53415,34.68512],[135.53421,34.6861],[135.53422,34.68622],[135.53424,34.68648],[135.53427,34.68688],[135.53436,34.68772],[135.53444,34.68826],[135.53454,34.68879],[135.534482,34.68858],[135.5347,34.68947],[135.53472,34.68955],[135.53475,34.68966],[135.53486,34.69009],[135.53489,34.69021],[135.53515,34.69124],[135.53532,34.69202],[135.53538,34.69233],[135.53543,34.69273],[135.53543,34.69319],[135.53533,34.69358],[135.5352,34.69392],[135.535,34.69443],[135.53495,34.69457],[135.53471,34.69512],[135.53458,34.69539],[135.53437,34.69582],[135.53432,34.69593],[135.53422,34.69617],[135.534253,34.696047],[135.53358,34.69761],[135.53347,34.69785],[135.53334,34.69812],[135.53317,34.69851],[135.53309,34.69867],[135.53301,34.69884],[135.53298,34.69892],[135.53291,34.69907],[135.53276,34.69932],[135.53253,34.6996],[135.53224,34.69988],[135.53202,34.70005],[135.53185,34.70016],[135.5318,34.7002],[135.5316,34.70033],[135.53067,34.70091],[135.53049,34.70102],[135.52968,34.70152],[135.52932,34.70175],[135.5293,34.70176],[135.52911,34.70188],[135.52859,34.70221],[135.52809,34.70251],[135.52767,34.70276],[135.52764,34.70279],[135.52759,34.70282],[135.52745,34.7029],[135.52714,34.70308],[135.52689,34.70325],[135.52657,34.70344],[135.52647,34.7035],[135.52634,34.70358],[135.52631,34.7036],[135.52592,34.70385],[135.52549,34.70412],[135.52527,34.70426],[135.52498,34.70443],[135.52489,34.70449],[135.52476,34.70456],[135.52465,34.70462],[135.52422,34.70483],[135.52381,34.70499],[135.52361,34.70505],[135.52344,34.7051],[135.52326,34.70513],[135.52312,34.70515],[135.52293,34.70518],[135.52242,34.70523],[135.52195,34.70523],[135.52191,34.70523],[135.52163,34.7052],[135.52143,34.70517],[135.52109,34.70509],[135.520944,34.704976],[135.52069,34.70496],[135.52029,34.70483],[135.52004,34.70475],[135.51957,34.7046],[135.51936,34.70453],[135.51913,34.70445],[135.51909,34.70444],[135.51887,34.70437],[135.51849,34.70426],[135.51814,34.70415],[135.51695,34.7038],[135.51686,34.70378],[135.51662,34.70373],[135.51622,34.70368],[135.51611,34.70366],[135.51597,34.70365],[135.51554,34.70365],[135.51533,34.70367],[135.51508,34.7037],[135.51471,34.70379],[135.51434,34.7039],[135.51411,34.70398],[135.5139,34.70405],[135.51354,34.70423],[135.51317,34.70443],[135.51157,34.70545],[135.512233,34.704923]]}},{"type":"Feature","properties":{"line_name":"大和路線"},"geometry":{"type":"LineString","coordinates":[[135.869609,34.752575],[135.86911,34.75203],[135.86759,34.75039],[135.86698,34.7497],[135.86687,34.74957],[135.86673,34.74938],[135.86653,34.74901],[135.86563,34.74722],[135.86482,34.74554],[135.86421,34.74431],[135.86409,34.74407],[135.86357,34.74298],[135.86346,34.74276],[135.86272,34.74144],[135.86256,34.74119],[135.86237,34.74087],[135.86223,34.74072],[135.86194,34.74044],[135.86157,34.74011],[135.86133,34.73994],[135.861,34.73974],[135.86066,34.73954],[135.8602,34.7393],[135.85962,34.73903],[135.85831,34.73849],[135.85814,34.73842],[135.85666,34.73775],[135.85603,34.73745],[135.85536,34.73707],[135.8543,34.73649],[135.85314,34.73589],[135.85307,34.73586],[135.85294,34.73582],[135.85282,34.73579],[135.8523,34.73567],[135.85222,34.73565],[135.85178,34.73559],[135.85126,34.73554],[135.8506,34.73547],[135.85045,34.73545],[135.84994,34.7354],[135.84924,34.73532],[135.84857,34.73526],[135.84771,34.7352],[135.84689,34.73514],[135.84625,34.73512],[135.84577,34.73512],[135.84543,34.73513],[135.845,34.73516],[135.84461,34.73521],[135.84444,34.73526],[135.84401,34.73545],[135.84352,34.73576],[135.84311,34.73608],[135.84246,34.73667],[135.84123,34.7378],[135.84012,34.73879],[135.83898,34.73983],[135.83755,34.74114],[135.8374,34.74128],[135.83727,34.7414],[135.83648,34.74213],[135.83597,34.74254],[135.83582,34.74263],[135.83566,34.74273],[135.8355,34.74281],[135.8353,34.74289],[135.83513,34.74294],[135.83505,34.74296],[135.83491,34.743],[135.83454,34.74307],[135.83425,34.74311],[135.83399,34.74313],[135.83369,34.7431],[135.83345,34.74305],[135.83323,34.74298],[135.83298,34.7429],[135.83261,34.74274],[135.83224,34.74259],[135.82999,34.74161],[135.82907,34.74119],[135.82844,34.74094],[135.82825,34.74085],[135.82794,34.74076],[135.82763,34.74067],[135.82721,34.74054],[135.82689,34.74041],[135.82656,34.74024],[135.82622,34.74002],[135.82601,34.73983],[135.82568,34.73943],[135.82545,34.73902],[135.82529,34.73862],[135.82513,34.73809],[135.8249,34.73686],[135.824794,34.735962],[135.82465,34.73433],[135.82455,34.73338],[135.82454,34.73312],[135.82452,34.73284],[135.82441,34.73186],[135.82433,34.73106],[135.82429,34.73071],[135.82421,34.73029],[135.82412,34.72995],[135.82396,34.72946],[135.82386,34.72922],[135.82354,34.72875],[135.82317,34.72829],[135.8226,34.72766],[135.82243,34.7275],[135.82232,34.72738],[135.82211,34.72717],[135.82191,34.72697],[135.82147,34.72653],[135.82134,34.7264],[135.82114,34.72619],[135.82012,34.72518],[135.81945,34.72449],[135.81929,34.7243],[135.81904,34.724],[135.81851,34.72337],[135.81826,34.72307],[135.81779,34.72253],[135.81719,34.72178],[135.81616,34.72051],[135.81555,34.71977],[135.8154,34.71952],[135.81506,34.71899],[135.81496,34.71884],[135.81471,34.71834],[135.8145,34.71777],[135.8141,34.71665],[135.8136,34.7152],[135.81356,34.71508],[135.81314,34.71387],[135.81302,34.71349],[135.81292,34.71328],[135.81273,34.71296],[135.81254,34.71266],[135.81238,34.71247],[135.81205,34.71211],[135.81089,34.71104],[135.80981,34.71002],[135.810252,34.710431],[135.80853,34.70886],[135.80797,34.70834],[135.80771,34.70807],[135.80753,34.70788],[135.80731,34.70761],[135.80714,34.70736],[135.807,34.7071],[135.80694,34.70695],[135.80686,34.70674],[135.80681,34.70648],[135.8068,34.70597],[135.80683,34.70544],[135.80692,34.70502],[135.80696,34.70485],[135.8072,34.7043],[135.80749,34.70382],[135.80824,34.7028],[135.80904,34.70176],[135.80935,34.70131],[135.80964,34.70081],[135.80987,34.70034],[135.81013,34.69968],[135.81031,34.69905],[135.81063,34.69796],[135.81099,34.69672],[135.81103,34.69658],[135.81144,34.69521],[135.8118,34.69413],[135.81191,34.69389],[135.81204,34.69362],[135.81224,34.69329],[135.81253,34.69291],[135.81301,34.69245],[135.81374,34.69181],[135.81434,34.69131],[135.81553,34.69033],[135.81665,34.68942],[135.8168,34.68928],[135.8174,34.68879],[135.81761,34.68862],[135.81841,34.68796],[135.81861,34.6878],[135.81881,34.68763],[135.81946,34.68709],[135.81974,34.68679],[135.82001,34.68645],[135.82031,34.686],[135.82042,34.68576],[135.82049,34.68554],[135.82057,34.68526],[135.82062,34.68495],[135.82063,34.68473],[135.82064,34.68458],[135.82061,34.6842],[135.82046,34.68369],[135.82017,34.68304],[135.81986,34.68245],[135.81941,34.68162],[135.818935,34.680482],[135.81829,34.67937],[135.81781,34.67843],[135.81755,34.678],[135.81737,34.67773],[135.817,34.67736],[135.81671,34.67709],[135.81636,34.67684],[135.81605,34.67666],[135.81574,34.67649],[135.81537,34.67633],[135.8146,34.67604],[135.81406,34.67583],[135.81367,34.67566],[135.81333,34.67551],[135.81301,34.67534],[135.81271,34.67519],[135.81241,34.675],[135.81207,34.67476],[135.81162,34.67444],[135.81129,34.6741],[135.81019,34.67286],[135.80985,34.67246],[135.80913,34.67161],[135.80802,34.67039],[135.80776,34.67013],[135.80752,34.66993],[135.80719,34.66966],[135.80652,34.66908],[135.80632,34.66894],[135.80565,34.66844],[135.80446,34.66756],[135.80354,34.66686],[135.80281,34.66632],[135.80177,34.66551],[135.80085,34.66482],[135.80024,34.66437],[135.79956,34.66386],[135.79891,34.66337],[135.79816,34.66284],[135.79741,34.66227],[135.79731,34.66218],[135.79648,34.66157],[135.79598,34.6612],[135.79546,34.66083],[135.79504,34.6605],[135.79466,34.66023],[135.79449,34.66009],[135.79443,34.66005],[135.79426,34.65992],[135.79401,34.65968],[135.79373,34.65938],[135.79349,34.65904],[135.79333,34.65876],[135.79325,34.65855],[135.79306,34.65795],[135.793,34.65768],[135.79276,34.65672],[135.79252,34.65569],[135.79246,34.65548],[135.79207,34.65386],[135.79185,34.65291],[135.79146,34.65137],[135.79112,34.65022],[135.79068,34.64888],[135.79048,34.64841],[135.790441,34.648335],[135.79003,34.64736],[135.78941,34.6461],[135.78909,34.64555],[135.78866,34.64486],[135.78819,34.64414],[135.78781,34.64358],[135.78707,34.64268],[135.7868,34.64235],[135.78622,34.64166],[135.78529,34.64067],[135.78453,34.63991],[135.78362,34.63908],[135.7828,34.63843],[135.7819,34.63774],[135.78061,34.63676],[135.77956,34.63604],[135.77924,34.63581],[135.77723,34.63438],[135.77585,34.6334],[135.77498,34.6328],[135.77389,34.63203],[135.77316,34.63151],[135.77261,34.6311],[135.77187,34.63059],[135.77114,34.63003],[135.77092,34.62986],[135.77066,34.62965],[135.77003,34.62913],[135.76939,34.62853],[135.76876,34.62795],[135.76809,34.62723],[135.767,34.62605],[135.76581,34.62477],[135.76401,34.62282],[135.763488,34.622226],[135.76289,34.62157],[135.76205,34.62065],[135.7611,34.61961],[135.76061,34.61907],[135.76047,34.61891],[135.75925,34.61757],[135.75756,34.61575],[135.75674,34.61487],[135.75647,34.61458],[135.75552,34.61354],[135.75472,34.61266],[135.7539,34.61176],[135.75264,34.61035],[135.75202,34.60968],[135.75154,34.60914],[135.75102,34.60858],[135.75078,34.60831],[135.7505,34.60799],[135.75016,34.60762],[135.7499,34.60739],[135.74985,34.60734],[135.7496,34.60714],[135.74924,34.60687],[135.74882,34.60661],[135.74846,34.6064],[135.74819,34.60627],[135.74798,34.60617],[135.74734,34.6059],[135.74717,34.60582],[135.74679,34.60567],[135.74652,34.60556],[135.74481,34.60489],[135.7445,34.60475],[135.74421,34.60459],[135.74032,34.60236],[135.73979,34.60206],[135.73801,34.60104],[135.738604,34.601377],[135.73605,34.59988],[135.7318,34.59741],[135.73159,34.59729],[135.73137,34.59717],[135.73015,34.59648],[135.72835,34.59543],[135.72754,34.59499],[135.72705,34.59476],[135.72643,34.59449],[135.72612,34.59438],[135.72601,34.59434],[135.72586,34.5943],[135.72551,34.59421],[135.72508,34.59412],[135.72379,34.59395],[135.7233,34.59388],[135.72312,34.59386],[135.7227,34.59381],[135.72216,34.59374],[135.72145,34.59368],[135.7211,34.59367],[135.72068,34.5937],[135.71907,34.59388],[135.71791,34.59403],[135.71649,34.59421],[135.71571,34.59428],[135.71483,34.59435],[135.71441,34.59439],[135.71331,34.59448],[135.71243,34.59455],[135.71196,34.59463],[135.71151,34.59474],[135.71092,34.59494],[135.71032,34.5952],[135.70977,34.59549],[135.70925,34.59586],[135.70826,34.59651],[135.70792,34.59672],[135.70741,34.59696],[135.70695,34.59714],[135.70667,34.59724],[135.7063,34.59732],[135.70561,34.59739],[135.70502,34.59742],[135.70445,34.59744],[135.704005,34.597448],[135.7031,34.59749],[135.70237,34.59748],[135.70159,34.59748],[135.70119,34.59748],[135.70094,34.59746],[135.70058,34.59739],[135.70027,34.59731],[135.70008,34.59723],[135.69984,34.59707],[135.69981,34.59706],[135.69939,34.59669],[135.6982,34.59563],[135.69726,34.59477],[135.6969,34.59446],[135.69613,34.5938],[135.69584,34.59354],[135.69562,34.59335],[135.69507,34.5929],[135.69468,34.59261],[135.69419,34.59231],[135.69297,34.59168],[135.69063,34.59047],[135.68785,34.58905],[135.6872,34.58871],[135.687484,34.588867],[135.68666,34.58844],[135.68606,34.58809],[135.68581,34.58788],[135.68557,34.58764],[135.68536,34.58731],[135.68529,34.58717],[135.68501,34.5866],[135.68488,34.58629],[135.68484,34.58621],[135.68421,34.58482],[135.68405,34.58445],[135.68394,34.58421],[135.6838,34.58403],[135.68353,34.58379],[135.68262,34.58307],[135.68128,34.58201],[135.68028,34.58122],[135.67944,34.58076],[135.67879,34.58029],[135.67787,34.57972],[135.67711,34.57934],[135.67686,34.57919],[135.6768,34.57916],[135.67627,34.57897],[135.67548,34.57873],[135.67507,34.57872],[135.6747,34.57873],[135.67431,34.57876],[135.67373,34.57887],[135.67364,34.57889],[135.67311,34.57903],[135.6726,34.57912],[135.67253,34.57913],[135.67206,34.57919],[135.67158,34.57923],[135.67156,34.57923],[135.67146,34.57923],[135.6705,34.57921],[135.67042,34.57921],[135.6696,34.57919],[135.66908,34.57918],[135.66876,34.57915],[135.66872,34.57914],[135.66844,34.57909],[135.66799,34.57898],[135.66762,34.57887],[135.66719,34.57871],[135.66681,34.57851],[135.66644,34.57829],[135.66608,34.57804],[135.66554,34.57762],[135.66522,34.57737],[135.66491,34.57708],[135.66466,34.57679],[135.66443,34.57647],[135.6643,34.57626],[135.66396,34.57558],[135.66362,34.57498],[135.66319,34.57434],[135.66274,34.57377],[135.662956,34.574005],[135.6626,34.57362],[135.66213,34.57313],[135.66182,34.57285],[135.66142,34.57252],[135.66102,34.57224],[135.66068,34.57204],[135.66025,34.57183],[135.65985,34.5717],[135.65924,34.57155],[135.65893,34.57147],[135.65855,34.57143],[135.65791,34.57139],[135.65777,34.57139],[135.65766,34.5714],[135.65716,34.57147],[135.65668,34.5716],[135.65625,34.57175],[135.65583,34.57194],[135.65581,34.57195],[135.65568,34.57197],[135.65558,34.57198],[135.65475,34.57226],[135.65379,34.57258],[135.65341,34.57271],[135.65334,34.57274],[135.65302,34.57286],[135.65234,34.57303],[135.65175,34.57316],[135.65129,34.57323],[135.65095,34.57326],[135.65059,34.57328],[135.65006,34.57328],[135.64948,34.57325],[135.64788,34.57314],[135.64718,34.5731],[135.64692,34.57307],[135.64651,34.573],[135.64579,34.57276],[135.64533,34.57256],[135.64458,34.57215],[135.644,34.57189],[135.64341,34.57168],[135.64292,34.57155],[135.64218,34.57139],[135.64147,34.57131],[135.64103,34.57128],[135.64055,34.57129],[135.6397,34.57137],[135.63835,34.57152],[135.638645,34.57147],[135.63636,34.57171],[135.63576,34.57179],[135.63526,34.57189],[135.6347,34.57203],[135.63409,34.57218],[135.63378,34.5723],[135.6335,34.57243],[135.63299,34.57274],[135.63274,34.57291],[135.63228,34.57331],[135.63184,34.57384],[135.63146,34.57449],[135.6308,34.57579],[135.62885,34.57958],[135.62851,34.58024],[135.62835,34.58053],[135.62808,34.58086],[135.62573,34.58376],[135.62558,34.58395],[135.62545,34.58411],[135.62506,34.58459],[135.62463,34.58513],[135.6235,34.5866],[135.62341,34.586681],[135.62331,34.58684],[135.62242,34.58793],[135.62218,34.58825],[135.6221,34.58838],[135.62202,34.58852],[135.62172,34.58918],[135.62092,34.59102],[135.62013,34.5929],[135.6194,34.5945],[135.61929,34.59475],[135.61896,34.5954],[135.61886,34.5956],[135.61834,34.59665],[135.61788,34.59754],[135.61776,34.59775],[135.61763,34.59796],[135.61751,34.59814],[135.61724,34.59849],[135.61688,34.599],[135.6166,34.59938],[135.61621,34.59991],[135.615998,34.600248],[135.61561,34.60075],[135.61554,34.60084],[135.61543,34.60099],[135.61458,34.60211],[135.61449,34.60224],[135.61413,34.60274],[135.61312,34.6041],[135.61244,34.60503],[135.61226,34.60526],[135.61213,34.60543],[135.61165,34.60598],[135.61081,34.60693],[135.61034,34.60741],[135.60998,34.60777],[135.6094,34.6083],[135.60897,34.60871],[135.60813,34.6094],[135.60797,34.60953],[135.60786,34.60961],[135.60608,34.61099],[135.60561,34.61135],[135.60513,34.6117],[135.60459,34.61212],[135.60352,34.61296],[135.60286,34.61348],[135.60082,34.61506],[135.60049,34.61531],[135.60011,34.61558],[135.59938,34.61607],[135.59913,34.61622],[135.59895,34.61632],[135.59777,34.61692],[135.597136,34.617265],[135.59625,34.61759],[135.59579,34.61778],[135.59552,34.61788],[135.59527,34.61797],[135.5951,34.61803],[135.59451,34.61823],[135.59349,34.61857],[135.59127,34.61931],[135.59101,34.61939],[135.59081,34.61948],[135.59049,34.61962],[135.58768,34.62102],[135.58635,34.62166],[135.58616,34.62175],[135.5858,34.62188],[135.58523,34.62208],[135.58364,34.62259],[135.583988,34.622558],[135.58271,34.62287],[135.58161,34.62318],[135.58075,34.6234],[135.58027,34.6235],[135.57968,34.62361],[135.5793,34.62367],[135.57878,34.62374],[135.5783,34.6238],[135.57726,34.62397],[135.57641,34.62409],[135.57555,34.62424],[135.57546,34.62426],[135.57524,34.62431],[135.57503,34.62438],[135.57374,34.6248],[135.57217,34.62529],[135.57154,34.62549],[135.57027,34.62591],[135.57023,34.62592],[135.56866,34.62636],[135.56763,34.62665],[135.56728,34.62674],[135.566939,34.626888],[135.56621,34.62702],[135.56415,34.62756],[135.56065,34.62848],[135.55993,34.62867],[135.55721,34.62935],[135.55603,34.62965],[135.55562,34.62975],[135.55373,34.63022],[135.55231,34.63059],[135.551612,34.630842],[135.54974,34.63123],[135.54923,34.63137],[135.54901,34.63142],[135.54881,34.63148],[135.54828,34.63163],[135.54808,34.63168],[135.54763,34.63182],[135.54692,34.6321],[135.54658,34.63223],[135.5462,34.6324],[135.54586,34.63257],[135.54544,34.63277],[135.54515,34.63292],[135.54484,34.63309],[135.54461,34.63326],[135.5446,34.63326],[135.5443,34.63345],[135.54357,34.63395],[135.54212,34.63499],[135.54093,34.63583],[135.53884,34.63731],[135.53834,34.63767],[135.537802,34.638056],[135.53702,34.63851],[135.5363,34.63889],[135.53608,34.63901],[135.53575,34.63916],[135.53541,34.63929],[135.53506,34.63943],[135.53493,34.63947],[135.53486,34.6395],[135.53409,34.63978],[135.534,34.63981],[135.53372,34.6399],[135.53259,34.64024],[135.53178,34.6405],[135.5313,34.64065],[135.53063,34.64091],[135.52826,34.64188],[135.52811,34.64194],[135.52489,34.64324],[135.52418,34.64352],[135.52403,34.64358],[135.52372,34.64371],[135.52299,34.64401],[135.5226,34.64416],[135.52219,34.64433],[135.5218,34.64449],[135.52064,34.64495],[135.5196,34.64538],[135.51945,34.64543],[135.51903,34.64557],[135.51899,34.64559],[135.51773,34.64596],[135.51599,34.64646],[135.51516,34.64667],[135.51293,34.64723],[135.514124,34.647243],[135.51208,34.64744],[135.50951,34.64805],[135.50677,34.64871],[135.50606,34.64888],[135.5046,34.64923],[135.50316,34.64956],[135.50292,34.64962],[135.50066,34.65019],[135.501076,34.650149],[135.50016,34.6503],[135.49934,34.65051],[135.49813,34.65083],[135.49797,34.65088],[135.49744,34.65104],[135.49719,34.65111],[135.49702,34.65114],[135.49677,34.65119],[135.49676,34.6512],[135.49645,34.65126],[135.496,34.65136],[135.4958,34.65142],[135.49573,34.65144],[135.49553,34.6515],[135.49508,34.65168],[135.49499,34.65172],[135.49489,34.65177],[135.49469,34.65186],[135.49457,34.65192],[135.49434,34.65206],[135.4941,34.65223],[135.49401,34.65229],[135.49355,34.6527],[135.49327,34.65301],[135.49306,34.65332],[135.49303,34.65337],[135.49301,34.65341],[135.49271,34.65394],[135.492975,34.654156],[135.49239,34.65458],[135.49235,34.65467],[135.4923,34.65481],[135.4922,34.65537],[135.49218,34.65558],[135.49217,34.6557],[135.49217,34.65616],[135.49222,34.65645],[135.49227,34.65665],[135.49246,34.65722],[135.49262,34.65774],[135.4936,34.66044],[135.49418,34.66218],[135.4947,34.66418],[135.495,34.66537],[135.49506,34.66558],[135.49552,34.66715],[135.495265,34.666438]]}},{"type":"Feature","properties":{"line_name":"阪和線"},"geometry":{"type":"LineString","coordinates":[[135.514124,34.647243],[135.5161,34.64707],[135.51802,34.64645],[135.5184,34.64631],[135.5188,34.64616],[135.51932,34.64595],[135.51967,34.64576],[135.51972,34.64573],[135.52001,34.64557],[135.5203,34.64539],[135.52052,34.64523],[135.52071,34.64506],[135.52085,34.64493],[135.52105,34.6447],[135.52112,34.6446],[135.52159,34.64394],[135.52238,34.64287],[135.5225,34.6427],[135.52274,34.64238],[135.52316,34.64182],[135.52335,34.64154],[135.52349,34.64122],[135.52354,34.64101],[135.52367,34.64049],[135.52372,34.64018],[135.52375,34.63984],[135.52377,34.6394],[135.52378,34.63922],[135.52378,34.63804],[135.523765,34.638411],[135.52378,34.63777],[135.52378,34.63738],[135.52375,34.63553],[135.52372,34.63368],[135.5237,34.63252],[135.52366,34.63222],[135.52361,34.63193],[135.52355,34.63175],[135.52347,34.63154],[135.52342,34.63138],[135.52323,34.63099],[135.52321,34.63093],[135.52305,34.63055],[135.52284,34.63006],[135.52204,34.62823],[135.52184,34.62775],[135.52125,34.6264],[135.52106,34.62601],[135.52069,34.62511],[135.52086,34.625551],[135.52041,34.62453],[135.51953,34.62268],[135.51859,34.62079],[135.51787,34.61935],[135.51745,34.61865],[135.51675,34.6174],[135.517088,34.617999],[135.51651,34.61703],[135.51596,34.61614],[135.51535,34.61516],[135.51417,34.61328],[135.51302,34.61138],[135.51286,34.61108],[135.512769,34.6109],[135.51217,34.60996],[135.51189,34.60952],[135.51074,34.60767],[135.50957,34.60582],[135.50913,34.60513],[135.50879,34.60464],[135.50841,34.60408],[135.50807,34.60362],[135.50771,34.60311],[135.50753,34.6029],[135.50654,34.60168],[135.50667,34.601873],[135.50544,34.60035],[135.50515,34.59996],[135.50498,34.59974],[135.50481,34.59951],[135.5046,34.59921],[135.50442,34.59893],[135.50424,34.59862],[135.50408,34.59827],[135.50392,34.5979],[135.50371,34.59732],[135.50352,34.59673],[135.50341,34.59619],[135.50328,34.59559],[135.5032,34.59505],[135.50317,34.59484],[135.50307,34.59364],[135.503034,34.593113],[135.50297,34.59238],[135.50289,34.5914],[135.50286,34.59106],[135.50273,34.58918],[135.5026,34.58731],[135.50258,34.5866],[135.50256,34.58616],[135.50255,34.58589],[135.50255,34.58581],[135.50253,34.58568],[135.50249,34.58531],[135.502423,34.585303],[135.50241,34.58478],[135.50235,34.58458],[135.5023,34.58441],[135.50224,34.58422],[135.50202,34.58369],[135.50186,34.58343],[135.50172,34.58318],[135.501,34.58187],[135.50076,34.58144],[135.49988,34.57984],[135.49953,34.5792],[135.49902,34.57827],[135.498644,34.577765],[135.49832,34.57697],[135.49728,34.57519],[135.49719,34.57508],[135.49684,34.57442],[135.49652,34.5739],[135.49647,34.5738],[135.49614,34.57316],[135.49569,34.57229],[135.49561,34.57214],[135.49536,34.57163],[135.49489,34.57063],[135.49437,34.56954],[135.49349,34.56762],[135.49322,34.56716],[135.49299,34.56667],[135.492743,34.566319],[135.49255,34.56573],[135.49167,34.56372],[135.49129,34.56292],[135.49117,34.56266],[135.49042,34.56108],[135.49019,34.56053],[135.48953,34.55921],[135.48875,34.55787],[135.488934,34.558322],[135.48864,34.55765],[135.48843,34.55737],[135.4879,34.55678],[135.48783,34.55671],[135.48757,34.5565],[135.48708,34.55614],[135.48655,34.55575],[135.48554,34.555],[135.48448,34.55419],[135.48261,34.55279],[135.4825,34.5527],[135.48223,34.55251],[135.48201,34.55234],[135.48186,34.55224],[135.48165,34.55207],[135.47985,34.55072],[135.47935,34.55034],[135.47893,34.55003],[135.478026,34.549484],[135.47714,34.54877],[135.47712,34.54875],[135.47586,34.54784],[135.47486,34.5471],[135.4745,34.54684],[135.47424,34.54665],[135.47381,34.54634],[135.47328,34.54596],[135.47299,34.54575],[135.4728,34.5456],[135.47182,34.54489],[135.47165,34.54476],[135.47079,34.54412],[135.47042,34.54386],[135.4702,34.54369],[135.46976,34.54337],[135.46947,34.54316],[135.46881,34.5427],[135.46879,34.54268],[135.46771,34.54188],[135.468108,34.542287],[135.46748,34.5417],[135.46691,34.54122],[135.46676,34.54108],[135.46657,34.54091],[135.46627,34.54063],[135.46622,34.54059],[135.46611,34.54048],[135.46533,34.53968],[135.46518,34.5395],[135.46512,34.53944],[135.46381,34.53786],[135.46377,34.53781],[135.46323,34.53717],[135.46313,34.53705],[135.46282,34.53667],[135.46223,34.53596],[135.46057,34.53395],[135.46023,34.53354],[135.46014,34.53342],[135.45997,34.53335],[135.45971,34.53319],[135.45883,34.53233],[135.4583,34.53169],[135.458734,34.531674],[135.45883,34.53233],[135.45971,34.53319],[135.45997,34.53335],[135.46014,34.53342],[135.45993,34.53318],[135.45959,34.53277],[135.45954,34.5327],[135.45918,34.53227],[135.45817,34.53101],[135.45812,34.53094],[135.45779,34.53054],[135.45734,34.53001],[135.45706,34.52965],[135.45662,34.52911],[135.4563,34.52872],[135.4555,34.52774],[135.45474,34.52682],[135.45424,34.52621],[135.45395,34.52585],[135.4532,34.52494],[135.45304,34.52475],[135.45171,34.52311],[135.45166,34.52306],[135.45078,34.52198],[135.451171,34.522534],[135.45005,34.52108],[135.44984,34.52084],[135.44962,34.52056],[135.44907,34.5199],[135.44854,34.51927],[135.44712,34.51753],[135.44668,34.517],[135.44662,34.51694],[135.44592,34.51607],[135.44511,34.51507],[135.44396,34.51362],[135.44295,34.51238],[135.44246,34.51177],[135.44218,34.51145],[135.44195,34.51116],[135.441506,34.510671],[135.44092,34.50992],[135.44033,34.50921],[135.44027,34.50915],[135.44014,34.50898],[135.43948,34.50817],[135.4394,34.50808],[135.43773,34.50598],[135.43717,34.50527],[135.43673,34.50473],[135.4364,34.50437],[135.43547,34.50327],[135.43405,34.50159],[135.43346,34.50089],[135.43247,34.49963],[135.432895,34.500183],[135.43232,34.49944],[135.43086,34.49758],[135.43007,34.49652],[135.42906,34.49514],[135.42872,34.49468],[135.42758,34.49314],[135.42594,34.49089],[135.42566,34.49049],[135.42475,34.4892],[135.42441,34.48873],[135.42333,34.48724],[135.423891,34.48794],[135.42317,34.48703],[135.42264,34.48631],[135.42162,34.48492],[135.4207,34.48365],[135.4198,34.48242],[135.41951,34.48202],[135.41831,34.48032],[135.41776,34.4796],[135.41763,34.47943],[135.41685,34.47831],[135.41631,34.47758],[135.41612,34.47733],[135.41552,34.47649],[135.41529,34.47616],[135.41394,34.47427],[135.41366,34.47386],[135.41345,34.47357],[135.41318,34.47322],[135.41274,34.47276],[135.41174,34.47177],[135.41039,34.47046],[135.4092,34.46928],[135.40817,34.46828],[135.40674,34.46688],[135.40597,34.46614],[135.40502,34.46523],[135.405384,34.46574],[135.40418,34.46443],[135.40268,34.46296],[135.4023,34.46258],[135.40043,34.4608],[135.39992,34.46032],[135.39875,34.45919],[135.39804,34.45852],[135.39778,34.45826],[135.39739,34.45788],[135.39648,34.45698],[135.39683,34.457344],[135.39637,34.45688],[135.39554,34.45608],[135.39513,34.45569],[135.39449,34.45511],[135.39393,34.45469],[135.39324,34.4542],[135.39109,34.45276],[135.39054,34.45242],[135.3884,34.45101],[135.38733,34.45031],[135.38655,34.44981],[135.385859,34.449341],[135.3851,34.44884],[135.38428,34.44828],[135.38327,34.44753],[135.38167,34.44638],[135.38078,34.44571],[135.38007,34.44518],[135.37997,34.4451],[135.37982,34.445],[135.37966,34.4449],[135.37818,34.44381],[135.37788,34.44361],[135.37697,34.44293],[135.37566,34.44197],[135.37398,34.44075],[135.37364,34.4405],[135.373055,34.440051],[135.37243,34.4396],[135.37227,34.43947],[135.37221,34.43942],[135.37034,34.43809],[135.36619,34.43504],[135.3659,34.43484],[135.36535,34.43446],[135.3651,34.43428],[135.36476,34.43402],[135.36456,34.43386],[135.3636,34.43314],[135.36265,34.43236],[135.36232,34.43204],[135.36216,34.43184],[135.36185,34.43148],[135.3614,34.43094],[135.36112,34.43058],[135.36039,34.42952],[135.36016,34.4292],[135.35911,34.42768],[135.358762,34.427379],[135.35854,34.42692],[135.35647,34.42393],[135.35598,34.42327],[135.35444,34.4215],[135.35428,34.42133],[135.3532,34.42018],[135.35297,34.41995],[135.35284,34.41977],[135.35283,34.41976],[135.35235,34.41931],[135.35194,34.41882],[135.35176,34.41865],[135.35056,34.41724],[135.35042,34.41708],[135.350138,34.416744],[135.34966,34.41619],[135.34771,34.41395],[135.34736,34.41351],[135.34702,34.41315],[135.34681,34.4129],[135.3449,34.41065],[135.34333,34.40879],[135.3423,34.40757],[135.34219,34.40745],[135.34206,34.4073],[135.34189,34.4071],[135.3418,34.407],[135.34063,34.40558],[135.341086,34.406048],[135.33985,34.40464],[135.33969,34.40444],[135.33887,34.40344],[135.33696,34.40112],[135.33687,34.401],[135.33635,34.40025],[135.33571,34.39912],[135.33559,34.3989],[135.33451,34.39691],[135.33411,34.39614],[135.3337,34.3953],[135.33338,34.3947],[135.3322,34.39246],[135.3317,34.39149],[135.331309,34.39075],[135.33087,34.38997],[135.33075,34.3898],[135.33041,34.38938],[135.32935,34.38826],[135.32854,34.38756],[135.32741,34.38674],[135.3244,34.38476],[135.32394,34.38445],[135.3226,34.38358],[135.32117,34.38265],[135.32065,34.3823],[135.31948,34.38156],[135.319574,34.381865],[135.31883,34.38114],[135.31711,34.37992],[135.31529,34.37869],[135.31419,34.37801],[135.31319,34.3774],[135.31215,34.37688],[135.31206,34.37685],[135.31125,34.37654],[135.31018,34.37621],[135.30791,34.37563],[135.3061,34.37531],[135.30535,34.37515],[135.30467,34.37497],[135.30458,34.37495],[135.30414,34.37481],[135.30385,34.37473],[135.3035,34.3746],[135.30283,34.37434],[135.302,34.37399],[135.30107,34.37348],[135.29977,34.37272],[135.29847,34.37199],[135.299076,34.372405],[135.29834,34.37191],[135.29764,34.37151],[135.29727,34.37129],[135.29572,34.37039],[135.29545,34.37023],[135.29524,34.37011],[135.29191,34.36817],[135.28956,34.36682],[135.28739,34.36564],[135.28639,34.36502],[135.28546,34.36431],[135.28522,34.36409],[135.28373,34.36269],[135.28266,34.36164],[135.28216,34.36115],[135.28196,34.36096],[135.281242,34.360289],[135.28043,34.35951],[135.28029,34.35936],[135.27856,34.35769],[135.27688,34.35606],[135.27523,34.35445],[135.27477,34.35404],[135.27467,34.35394],[135.27414,34.35345],[135.27326,34.35263],[135.27302,34.35242],[135.27045,34.35008],[135.27016,34.3498],[135.26991,34.34957],[135.26957,34.34925],[135.267,34.34691],[135.26649,34.34644],[135.26617,34.34615],[135.26603,34.34602],[135.2658,34.3458],[135.26561,34.34562],[135.26518,34.34523],[135.26395,34.34409],[135.26374,34.34388],[135.26359,34.34364],[135.26351,34.34348],[135.26337,34.34317],[135.26334,34.3431],[135.26323,34.34275],[135.26318,34.34245],[135.263238,34.342538],[135.26315,34.34183],[135.26314,34.34177],[135.26314,34.3415],[135.26318,34.34118],[135.26319,34.34111],[135.26328,34.3407],[135.2634,34.34043],[135.26386,34.33972],[135.26395,34.33958],[135.26446,34.33876],[135.26504,34.3378],[135.26526,34.33743],[135.26562,34.33683],[135.26569,34.33662],[135.26632,34.33576],[135.26647,34.33554],[135.26677,34.3351],[135.26699,34.33477],[135.26747,34.33407],[135.26762,34.33385],[135.26782,34.33358],[135.26934,34.33137],[135.26952,34.3311],[135.27043,34.32981],[135.27071,34.32936],[135.27086,34.32896],[135.2709,34.32876],[135.27092,34.32863],[135.27092,34.32836],[135.27091,34.32801],[135.2708,34.32751],[135.27066,34.32709],[135.27053,34.32679],[135.27032,34.32648],[135.26991,34.32591],[135.269741,34.325534],[135.26944,34.32516],[135.26919,34.32476],[135.26906,34.32445],[135.26895,34.32411],[135.26892,34.32394],[135.26889,34.32349],[135.26889,34.32312],[135.26895,34.32274],[135.26918,34.32169],[135.26926,34.32126],[135.26935,34.32082],[135.26941,34.32055],[135.26964,34.31943],[135.26973,34.319],[135.26982,34.31848],[135.26986,34.31823],[135.26996,34.31727],[135.27,34.3159],[135.26999,34.31545],[135.26998,34.31499],[135.26994,34.3142],[135.26981,34.31295],[135.26976,34.31243],[135.26968,34.31162],[135.26965,34.31126],[135.26941,34.3088],[135.26933,34.30771],[135.26931,34.30737],[135.26925,34.30639],[135.26923,34.30612],[135.26922,34.30596],[135.26915,34.30488],[135.26915,34.30441],[135.26915,34.30432],[135.26917,34.304],[135.26925,34.30347],[135.26945,34.30267],[135.2695,34.30246],[135.27021,34.29967],[135.27063,34.29799],[135.27098,34.29675],[135.27152,34.29455],[135.27174,34.29363],[135.27224,34.29162],[135.27293,34.28896],[135.27315,34.28815],[135.27334,34.28754],[135.27364,34.28686],[135.27384,34.28627],[135.2741,34.28531],[135.27428,34.2845],[135.27432,34.28425],[135.27432,34.284],[135.27427,34.28354],[135.27425,34.28341],[135.27421,34.28305],[135.27406,34.28274],[135.27399,34.28253],[135.27364,34.28182],[135.27325,34.28123],[135.27278,34.28053],[135.27271,34.2804],[135.27243,34.27999],[135.27194,34.27929],[135.27154,34.27882],[135.27132,34.27862],[135.27052,34.27813],[135.27015,34.27795],[135.26974,34.27779],[135.26908,34.27761],[135.2673,34.27726],[135.26525,34.27694],[135.26447,34.27688],[135.26252,34.27675],[135.26136,34.27656],[135.26073,34.2764],[135.26069,34.27639],[135.2604,34.27628],[135.26011,34.27616],[135.25967,34.27593],[135.25894,34.27546],[135.25835,34.27494],[135.25811,34.27471],[135.25694,34.27355],[135.25631,34.27293],[135.25583,34.2725],[135.25522,34.27195],[135.25483,34.27161],[135.25443,34.27132],[135.25387,34.27098],[135.25363,34.27089],[135.25233,34.27043],[135.25055,34.26992],[135.24961,34.26966],[135.24856,34.26951],[135.24798,34.26943],[135.24722,34.26931],[135.24678,34.26929],[135.24575,34.26922],[135.246179,34.269213],[135.24562,34.26921],[135.24501,34.26915],[135.24497,34.26915],[135.24419,34.2691],[135.24404,34.2691],[135.2439,34.26908],[135.24322,34.26904],[135.24251,34.269],[135.24231,34.26899],[135.24195,34.26896],[135.24157,34.26894],[135.24149,34.26894],[135.24147,34.26894],[135.24136,34.26893],[135.24121,34.26891],[135.241,34.26891],[135.24077,34.26889],[135.24049,34.26887],[135.23996,34.26883],[135.23941,34.26879],[135.23925,34.26877],[135.23842,34.26872],[135.23776,34.26867],[135.23632,34.26856],[135.23628,34.26856],[135.23612,34.26855],[135.23477,34.26846],[135.23462,34.26844],[135.23398,34.2684],[135.23347,34.26837],[135.23333,34.26835],[135.23318,34.26835],[135.23311,34.26834],[135.23233,34.26829],[135.2315,34.26824],[135.22959,34.26811],[135.22934,34.26809],[135.22909,34.26808],[135.22894,34.26807],[135.22771,34.26799],[135.22745,34.26797],[135.22691,34.26794],[135.22657,34.26791],[135.22638,34.2679],[135.22612,34.26788],[135.22522,34.26783],[135.22463,34.26779],[135.22426,34.26777],[135.22422,34.26776],[135.22329,34.26769],[135.22292,34.26767],[135.22287,34.26766],[135.22247,34.26764],[135.2222,34.26762],[135.22202,34.26762],[135.22183,34.2676],[135.22147,34.26758],[135.22094,34.26754],[135.22084,34.26753],[135.22073,34.26753],[135.2197,34.26746],[135.21946,34.26745],[135.21914,34.26743],[135.21908,34.26742],[135.21883,34.26741],[135.21838,34.26737],[135.2174,34.26732],[135.21733,34.26731],[135.21708,34.26729],[135.21674,34.26727],[135.21655,34.26726],[135.21629,34.26724],[135.2161,34.26724],[135.216,34.26723],[135.21599,34.26723],[135.21406,34.26707],[135.21399,34.26706],[135.21385,34.26706],[135.21339,34.26698],[135.21299,34.26691],[135.21226,34.2667],[135.21199,34.2666],[135.21173,34.2665],[135.21158,34.26643],[135.21154,34.26642],[135.21141,34.26634],[135.21137,34.26634],[135.21096,34.26614],[135.2105,34.26591],[135.21005,34.26563],[135.2095,34.26524],[135.20919,34.265],[135.20892,34.26474],[135.20879,34.26462],[135.20864,34.26448],[135.2086,34.26443],[135.20837,34.26415],[135.20832,34.26409],[135.20809,34.26377],[135.20785,34.26343],[135.20761,34.26307],[135.20716,34.26223],[135.207116,34.26244],[135.20687,34.26172],[135.20678,34.26156],[135.2067,34.2614],[135.20657,34.26115],[135.20637,34.26077],[135.20613,34.26025],[135.206,34.25992],[135.20579,34.25917],[135.20579,34.25914],[135.20576,34.25893],[135.20575,34.25885],[135.20561,34.25806],[135.20558,34.25781],[135.20556,34.25769],[135.20554,34.25758],[135.20544,34.25678],[135.20537,34.25611],[135.20522,34.25473],[135.20506,34.25342],[135.20506,34.2534],[135.20506,34.2533],[135.20506,34.25328],[135.20492,34.25243],[135.20471,34.25155],[135.20439,34.25068],[135.20391,34.24982],[135.20357,34.24936],[135.20301,34.24881],[135.20228,34.24828],[135.20155,34.24787],[135.20153,34.24787],[135.20072,34.24754],[135.19973,34.2472],[135.19608,34.24594],[135.19563,34.24579],[135.19372,34.24513],[135.19291,34.24489],[135.19233,34.24464],[135.19194,34.24444],[135.19166,34.24427],[135.19145,34.2441],[135.19105,34.24376],[135.19048,34.24315],[135.190223,34.242894],[135.1899,34.24255],[135.18979,34.24241],[135.18964,34.24219],[135.18938,34.24153],[135.1893,34.24112],[135.18926,34.24068],[135.1893,34.24015],[135.18938,34.23976],[135.18946,34.23944],[135.18965,34.23889],[135.18989,34.23836],[135.19027,34.23759],[135.1905,34.23714],[135.19103,34.23419],[135.19123,34.23334],[135.19156,34.23162],[135.191454,34.232436]]}},{"type":"Feature","properties":{"line_name":"関西空港線"},"geometry":{"type":"LineString","coordinates":[[135.331309,34.39075],[135.33087,34.38997],[135.33075,34.3898],[135.33041,34.38938],[135.32935,34.38826],[135.32854,34.38756],[135.32812,34.38742],[135.32724,34.38717],[135.32693,34.38711],[135.32653,34.38705],[135.32618,34.38704],[135.32508,34.38717],[135.3244,34.38729],[135.32375,34.38748],[135.32285,34.38779],[135.32232,34.38804],[135.32173,34.38843],[135.32119,34.38909],[135.31947,34.39158],[135.31657,34.3957],[135.31631,34.39605],[135.31427,34.39898],[135.31394,34.39938],[135.31265,34.40072],[135.31075,34.40259],[135.31022,34.40304],[135.30983,34.40338],[135.30937,34.40377],[135.30748,34.40528],[135.30629,34.40612],[135.30497,34.40697],[135.30472,34.40714],[135.3046,34.40722],[135.30283,34.40834],[135.30138,34.40938],[135.301,34.4097],[135.30059,34.41004],[135.30022,34.41035],[135.300117,34.410308],[135.30011,34.41044],[135.30003,34.4105],[135.29887,34.41143],[135.29849,34.41173],[135.2983,34.41189],[135.29755,34.4125],[135.29743,34.41259],[135.29712,34.41282],[135.29604,34.41347],[135.29569,34.41368],[135.29554,34.41376],[135.29513,34.41396],[135.29501,34.41402],[135.29479,34.41413],[135.2941,34.41446],[135.29367,34.41478],[135.29266,34.41556],[135.2923,34.41583],[135.29063,34.41709],[135.28715,34.4197],[135.28675,34.41995],[135.28652,34.42012],[135.28539,34.42097],[135.28364,34.42229],[135.28179,34.42367],[135.28024,34.42484],[135.2786,34.42606],[135.27855,34.4261],[135.27592,34.42806],[135.27213,34.4309],[135.27045,34.43216],[135.26878,34.43342],[135.26769,34.43426],[135.26677,34.435],[135.26576,34.43596],[135.26396,34.4378],[135.26292,34.43884],[135.26121,34.44053],[135.26076,34.44091],[135.26016,34.44131],[135.25943,34.44171],[135.25885,34.44196],[135.25832,34.44215],[135.25773,34.44235],[135.25671,34.44258],[135.25575,34.44269],[135.25455,34.4427],[135.25348,34.44265],[135.25216,34.44255],[135.25137,34.44248],[135.25048,34.44228],[135.24989,34.44207],[135.24939,34.44186],[135.24906,34.44171],[135.24884,34.44157],[135.2484,34.44129],[135.24777,34.44081],[135.24722,34.44034],[135.24609,34.43855],[135.24554,34.43775],[135.24496,34.43708],[135.24454,34.43671],[135.24423,34.43646],[135.24413,34.43639],[135.24349,34.43597],[135.243419,34.436]]}},{"type":"Feature","properties":{"line_name":"奈良線"},"geometry":{"type":"LineString","coordinates":[[135.757748,34.985465],[135.76116,34.98521],[135.76218,34.98537],[135.7626,34.9854],[135.76325,34.98543],[135.76422,34.98543],[135.76458,34.98542],[135.7651,34.98538],[135.76566,34.98529],[135.76625,34.98497],[135.76768,34.98371],[135.76811,34.98332],[135.76829,34.98316],[135.76889,34.98262],[135.76919,34.98225],[135.76955,34.98182],[135.76972,34.98147],[135.769778,34.981371],[135.76985,34.98093],[135.77001,34.98022],[135.77011,34.97871],[135.77017,34.97681],[135.77018,34.97661],[135.77026,34.97304],[135.77026,34.97292],[135.77028,34.97168],[135.77038,34.97018],[135.77042,34.969],[135.77049,34.96831],[135.77054,34.96786],[135.77061,34.96729],[135.7707,34.96674],[135.770707,34.966758],[135.770191,34.956782],[135.771673,34.932647],[135.77291,34.93234],[135.77413,34.93215],[135.77442,34.93211],[135.7762,34.9319],[135.77711,34.93179],[135.77933,34.93151],[135.7802,34.93143],[135.78079,34.93142],[135.78141,34.93152],[135.7821,34.93172],[135.78264,34.93201],[135.78296,34.93218],[135.78327,34.93239],[135.78355,34.9326],[135.78427,34.93324],[135.7847,34.93356],[135.7851,34.93379],[135.78563,34.93401],[135.786,34.93412],[135.78647,34.93422],[135.78687,34.93431],[135.78875,34.93458],[135.78978,34.9347],[135.79048,34.93472],[135.79137,34.93468],[135.79172,34.93467],[135.79247,34.93456],[135.7931,34.93438],[135.79475,34.93377],[135.79497,34.93369],[135.79539,34.93355],[135.79562,34.93347],[135.79641,34.93324],[135.79676,34.93313],[135.79731,34.93292],[135.797335,34.932843],[135.7979,34.9326],[135.79818,34.93241],[135.79851,34.93218],[135.79867,34.93204],[135.79891,34.93175],[135.79914,34.93143],[135.79936,34.93106],[135.79948,34.9308],[135.79957,34.93048],[135.79963,34.93028],[135.79965,34.92979],[135.79945,34.92803],[135.79917,34.92611],[135.79906,34.92554],[135.79903,34.92538],[135.798901,34.924962],[135.79882,34.92424],[135.79854,34.92272],[135.7985,34.9225],[135.79847,34.92202],[135.79845,34.92148],[135.79848,34.92112],[135.79853,34.92087],[135.7986,34.92056],[135.79868,34.92033],[135.79891,34.9199],[135.79936,34.91919],[135.80162,34.91628],[135.80219,34.91557],[135.80271,34.91493],[135.80286,34.91467],[135.8031,34.91428],[135.8035,34.91332],[135.803665,34.912831],[135.80387,34.91227],[135.80411,34.91158],[135.80562,34.90722],[135.80668,34.90416],[135.80688,34.90357],[135.80774,34.90108],[135.80783,34.90085],[135.80867,34.89842],[135.80868,34.89839],[135.80873,34.89812],[135.80878,34.89772],[135.80875,34.89739],[135.8087,34.89709],[135.80861,34.89678],[135.80847,34.89638],[135.80828,34.89601],[135.80804,34.89565],[135.80784,34.89542],[135.80759,34.89516],[135.80724,34.89491],[135.80705,34.89476],[135.80673,34.89453],[135.80488,34.89312],[135.80482,34.89307],[135.80447,34.89281],[135.8043,34.89268],[135.80315,34.89181],[135.80297,34.89169],[135.80228,34.89123],[135.80167,34.89085],[135.80141,34.89068],[135.80021,34.89008],[135.800629,34.890437],[135.781914,34.89304],[135.780707,34.874314],[135.78066,34.87289],[135.78065,34.87261],[135.78051,34.87012],[135.78047,34.86988],[135.78046,34.86976],[135.78042,34.86949],[135.77999,34.86739],[135.77927,34.86405],[135.77925,34.86393],[135.77872,34.86149],[135.7787,34.86136],[135.77867,34.86106],[135.77867,34.86066],[135.77871,34.86023],[135.77883,34.85956],[135.77891,34.85928],[135.77905,34.8589],[135.77926,34.85848],[135.78027,34.85685],[135.78078,34.85603],[135.78134,34.85513],[135.781071,34.855536],[135.78163,34.85469],[135.78224,34.85373],[135.78288,34.85274],[135.7832,34.85212],[135.7835,34.85145],[135.78396,34.85039],[135.78399,34.85032],[135.78492,34.8481],[135.78594,34.8456],[135.7862,34.84501],[135.78657,34.8444],[135.78661,34.84434],[135.78697,34.84385],[135.78725,34.84356],[135.78767,34.84329],[135.78804,34.84312],[135.78919,34.84264],[135.79036,34.84214],[135.789801,34.842351],[135.79073,34.84199],[135.79211,34.84141],[135.79363,34.84076],[135.79432,34.84039],[135.79445,34.84032],[135.79496,34.83995],[135.79529,34.83964],[135.79559,34.83922],[135.79581,34.83877],[135.79596,34.83839],[135.79598,34.8383],[135.79612,34.8378],[135.79634,34.83722],[135.79658,34.83658],[135.79673,34.83612],[135.79685,34.83567],[135.79691,34.83532],[135.79693,34.83471],[135.79691,34.83395],[135.79685,34.83323],[135.79682,34.83292],[135.79685,34.83251],[135.79702,34.83163],[135.79721,34.83121],[135.79745,34.83087],[135.79766,34.8306],[135.7979,34.83033],[135.79831,34.82993],[135.7987,34.82958],[135.79916,34.8291],[135.79988,34.82841],[135.800111,34.828127],[135.80043,34.82787],[135.80124,34.82709],[135.80183,34.82651],[135.80238,34.82598],[135.8029,34.82546],[135.80311,34.82524],[135.80324,34.82507],[135.80372,34.82396],[135.80418,34.82284],[135.8044,34.82228],[135.80453,34.82194],[135.80484,34.82117],[135.80559,34.81925],[135.80612,34.81795],[135.806,34.818009],[135.8064,34.81724],[135.80671,34.81645],[135.80712,34.81543],[135.80735,34.81467],[135.80746,34.81432],[135.80762,34.81372],[135.80766,34.81345],[135.8077,34.81299],[135.80769,34.81233],[135.80764,34.81178],[135.80753,34.81136],[135.80729,34.81053],[135.80704,34.80981],[135.80692,34.80936],[135.80687,34.80913],[135.80687,34.80876],[135.80686,34.80822],[135.80685,34.80779],[135.80688,34.80677],[135.80692,34.80539],[135.80693,34.80504],[135.80693,34.80417],[135.80696,34.80273],[135.80697,34.80154],[135.80696,34.80124],[135.80698,34.80097],[135.80698,34.80036],[135.80698,34.80014],[135.807022,34.800108],[135.807,34.79979],[135.80704,34.7989],[135.80706,34.79848],[135.80708,34.79809],[135.80713,34.79777],[135.8072,34.7974],[135.80736,34.79706],[135.80751,34.79676],[135.80823,34.79565],[135.80864,34.79502],[135.80942,34.79376],[135.8099,34.79299],[135.81025,34.79229],[135.81058,34.79155],[135.81073,34.79125],[135.8109,34.79093],[135.81145,34.78983],[135.81189,34.78905],[135.81223,34.78839],[135.81255,34.78777],[135.81273,34.78738],[135.81298,34.78693],[135.81324,34.78644],[135.8135,34.786],[135.81408,34.78499],[135.81461,34.78406],[135.8153,34.78288],[135.81586,34.78188],[135.81602,34.78156],[135.81613,34.78128],[135.81619,34.78105],[135.81631,34.78055],[135.81639,34.78018],[135.81641,34.77954],[135.81641,34.77911],[135.81638,34.77874],[135.8163,34.77807],[135.81621,34.77743],[135.8161,34.7762],[135.81604,34.775],[135.816141,34.774705],[135.816,34.77427],[135.81596,34.77361],[135.81586,34.77205],[135.8158,34.77121],[135.81579,34.77092],[135.81578,34.77054],[135.81573,34.77018],[135.81561,34.7695],[135.81543,34.76861],[135.81535,34.76824],[135.8153,34.76774],[135.81529,34.76703],[135.81531,34.76692],[135.81534,34.76657],[135.81545,34.76582],[135.81555,34.76527],[135.81564,34.76496],[135.81605,34.76414],[135.81655,34.7636],[135.81703,34.76312],[135.81735,34.76268],[135.81754,34.76233],[135.8177,34.76184],[135.81773,34.7614],[135.81776,34.76086],[135.81777,34.76045],[135.81779,34.76007],[135.81779,34.75977],[135.81784,34.7592],[135.81793,34.75892],[135.81829,34.75818],[135.81832,34.75811],[135.81848,34.75775],[135.81897,34.75652],[135.8193,34.75566],[135.81946,34.75524],[135.81996,34.75398],[135.82023,34.75325],[135.8204,34.75279],[135.8209,34.75146],[135.82107,34.75105],[135.82153,34.7499],[135.821225,34.750447],[135.82194,34.74886],[135.8222,34.7482],[135.8224,34.74771],[135.82249,34.74747],[135.82289,34.74644],[135.82299,34.74619],[135.8233,34.74545],[135.82383,34.74411],[135.82394,34.74383],[135.82466,34.742],[135.8248,34.74163],[135.82489,34.7413],[135.82499,34.74093],[135.82504,34.74056],[135.82506,34.74042],[135.82508,34.74026],[135.82509,34.74011],[135.82508,34.73938],[135.82502,34.73857],[135.8249,34.73686],[135.824794,34.735962],[135.818935,34.680482]]}},{"type":"Feature","properties":{"line_name":"おおさか東線"},"geometry":{"type":"LineString","coordinates":[[135.501852,34.734136],[135.5019639296909,34.73540304047521],[135.5038130555803,34.73910571955697],[135.50469838402978,34.74098831453572],[135.50566512199183,34.74343059991356],[135.50668274089924,34.74560830437546],[135.5070185551387,34.74658521852659],[135.50732384081093,34.747256847005495],[135.5075782455378,34.74779618502643],[135.50780212169744,34.74808111832051],[135.5080056454789,34.74827446591293],[135.50849410255447,34.748600103963305],[135.50918608341152,34.748935918202754],[135.50989841664673,34.74923102768591],[135.51036919754972,34.74932723892801],[135.51102893178165,34.74944142369892],[135.51125,34.749444],[135.51175210199742,34.74947948528922],[135.51222152827782,34.74942873650215],[135.51263072341317,34.74938128547773],[135.51308865192152,34.74925917120884],[135.51358728518616,34.749075999805505],[135.51414697558522,34.748709656998834],[135.5149101897658,34.74784468092753],[135.5152968849506,34.74739692860826],[135.51652820382859,34.745147990822865],[135.51712859898396,34.744059138591915],[135.51739317989987,34.74364191483987],[135.51765267272128,34.74331118869496],[135.518029191717,34.74286343637569],[135.51850747260346,34.742308834071146],[135.51931367127105,34.741385053751294],[135.52031595981572,34.74021783164864],[135.5198061,34.740767],[135.5208123794288,34.73968337729001],[135.5217180602564,34.73866067028805],[135.52292393866168,34.73731741333026],[135.52336660288637,34.736818780065626],[135.52367697665312,34.73640155631358],[135.52397717423082,34.73593345161617],[135.52455721700812,34.734859863668845],[135.52610908584188,34.73200035453899],[135.52814432365682,34.72823516458154],[135.5298437472322,34.725100898346675],[135.53023893358775,34.72435566388953],[135.53096210380352,34.723048882622436],[135.530694,34.723472],[135.53129894226979,34.72255685107813],[135.53185354457432,34.72185469403201],[135.53320188962667,34.72022141568559],[135.53641756537408,34.716329023364715],[135.5398062363358,34.71222801916781],[135.54095105760663,34.710828793170116],[135.54122072661713,34.71037086466176],[135.541408986115,34.70988749568074],[135.54151074800575,34.7094295671724],[135.54153618847843,34.70895637438045],[135.54148530753307,34.708208424483495],[135.54142904113706,34.70757050256555],[135.5413887,34.7072157],[135.54135291795646,34.706111474937245],[135.54095105760663,34.700616987434124],[135.5409714099848,34.70030661366736],[135.54104264330832,34.6998588613481],[135.54118510995536,34.69939584474522],[135.54147513134393,34.69865807103734],[135.5418669146233,34.69781344734419],[135.54208570268838,34.69746745691567],[135.54229940265895,34.697187611716124],[135.5426097764257,34.69682635700399],[135.54297103113782,34.696383692779264],[135.54326105252645,34.69588505951463],[135.5436782762785,34.69487761679628],[135.54405479527423,34.693987200252295],[135.54436117125366,34.69338205359241],[135.5445689241007,34.69313941095424],[135.54491544316252,34.692834125282026],[135.544995,34.692769],[135.563296,34.688103],[135.56463392402569,34.68800446630001],[135.56534123524548,34.68799812270162],[135.56792545863718,34.68797433420766],[135.56968,34.68792],[135.5705,34.68775],[135.57145,34.68735],[135.57217,34.68684],[135.57265,34.68624],[135.57304,34.68549],[135.5732,34.68477],[135.57319,34.68389],[135.57274,34.68133],[135.57252,34.68017],[135.57244,34.67968],[135.57219,34.67802],[135.572362,34.678764],[135.57204,34.67705],[135.57197,34.67628],[135.57197,34.67493],[135.57215,34.66904],[135.57229,34.66507],[135.572255,34.664717],[135.57234,34.66359],[135.57239,34.66232],[135.57246,34.65942],[135.57249,34.6583],[135.572421,34.658372],[135.57243,34.65789],[135.57229,34.65692],[135.5705,34.65056],[135.57017,34.64937],[135.570168,34.649516],[135.567304588955,34.63908344552305],[135.56694299495598,34.6377797733058],[135.567028,34.638333],[135.56527,34.63161],[135.56523,34.63097],[135.5654,34.63022],[135.5659,34.62935],[135.56703,34.62819],[135.56721,34.62803],[135.56817,34.62717],[135.56907,34.62663],[135.568588,34.626861],[135.5699,34.62614],[135.57535,34.62435],[135.57887,34.62383],[135.58121,34.6234],[135.58288,34.6229],[135.58364,34.62259],[135.583988,34.622558]]}},{"type":"Feature","properties":{"line_name":"学研都市線"},"geometry":{"type":"LineString","coordinates":[[135.824794,34.735962],[135.82476,34.73743],[135.82463,34.73767],[135.82456,34.73781],[135.82432,34.73817],[135.82412,34.73843],[135.82375,34.73874],[135.82353,34.73889],[135.82328,34.73903],[135.82282,34.73925],[135.82247,34.73934],[135.82184,34.73947],[135.82139,34.73951],[135.82098,34.73952],[135.82056,34.73949],[135.82008,34.73941],[135.81974,34.73933],[135.81938,34.73922],[135.81881,34.73901],[135.81807,34.73869],[135.8176,34.73852],[135.8173,34.73843],[135.81662,34.73831],[135.81638,34.73826],[135.81613,34.73817],[135.81591,34.73806],[135.81518,34.73765],[135.81504,34.73758],[135.81485,34.7375],[135.81476,34.73746],[135.81452,34.73739],[135.81437,34.73736],[135.81379,34.73727],[135.81251,34.73715],[135.81239,34.73714],[135.81226,34.73713],[135.81121,34.73705],[135.81101,34.73703],[135.81056,34.737],[135.80947,34.73691],[135.80881,34.73688],[135.80812,34.73686],[135.80724,34.73692],[135.80647,34.737],[135.80589,34.73709],[135.80525,34.73724],[135.80424,34.73753],[135.80286,34.738],[135.803507,34.737762],[135.80203,34.73826],[135.80179,34.73834],[135.80092,34.73862],[135.79919,34.73921],[135.7989,34.73934],[135.79834,34.7397],[135.79789,34.74004],[135.79741,34.74051],[135.7965,34.74147],[135.79616,34.74185],[135.79572,34.74232],[135.79539,34.74282],[135.79502,34.74365],[135.79496,34.74396],[135.79494,34.74425],[135.79498,34.74534],[135.79499,34.74613],[135.795,34.74696],[135.79501,34.74795],[135.79502,34.74866],[135.79502,34.74896],[135.79502,34.74918],[135.795,34.74939],[135.79496,34.74973],[135.79488,34.75013],[135.79476,34.75052],[135.79474,34.7506],[135.79462,34.75093],[135.79443,34.75135],[135.79418,34.75192],[135.79397,34.75236],[135.79373,34.75287],[135.79349,34.75325],[135.79324,34.75374],[135.79286,34.75483],[135.79258,34.75597],[135.79229,34.75784],[135.79216,34.75882],[135.79208,34.75955],[135.79205,34.75985],[135.792107,34.76017],[135.792,34.76053],[135.79179,34.76244],[135.79178,34.76254],[135.7915,34.76487],[135.79132,34.76654],[135.79127,34.76709],[135.7911,34.76832],[135.79087,34.77],[135.79067,34.77141],[135.79044,34.77322],[135.79018,34.77494],[135.79009,34.77563],[135.78988,34.7766],[135.7897,34.77719],[135.78947,34.77768],[135.78905,34.77843],[135.78882,34.77911],[135.78862,34.78022],[135.78849,34.78093],[135.788574,34.780579],[135.78846,34.78116],[135.78839,34.78162],[135.78813,34.78306],[135.78783,34.78497],[135.78756,34.78671],[135.78748,34.78725],[135.78728,34.78842],[135.78723,34.78879],[135.78721,34.78891],[135.78692,34.79047],[135.78661,34.792],[135.78635,34.79322],[135.7861,34.79435],[135.78598,34.79482],[135.78591,34.79507],[135.78581,34.79541],[135.78566,34.7959],[135.78555,34.79614],[135.78483,34.79774],[135.78474,34.79795],[135.784578,34.798334],[135.78427,34.79899],[135.78419,34.79915],[135.78397,34.79966],[135.78361,34.80036],[135.78299,34.80126],[135.78276,34.80147],[135.78201,34.8022],[135.78101,34.80311],[135.78052,34.80355],[135.77998,34.80408],[135.77978,34.80426],[135.77975,34.80429],[135.77933,34.80467],[135.77903,34.80494],[135.77865,34.8053],[135.778633,34.805124],[135.77835,34.80563],[135.77822,34.80583],[135.77799,34.8062],[135.77775,34.80677],[135.77751,34.80727],[135.77729,34.80789],[135.77725,34.808],[135.77704,34.80858],[135.77688,34.80904],[135.77663,34.80969],[135.77653,34.80985],[135.7764,34.81012],[135.77619,34.81053],[135.77587,34.81089],[135.77521,34.81163],[135.77468,34.81226],[135.77438,34.81259],[135.77419,34.8128],[135.77402,34.81299],[135.77356,34.81351],[135.77307,34.81408],[135.77274,34.81446],[135.77245,34.81482],[135.77206,34.81548],[135.7714,34.81655],[135.77077,34.81764],[135.77015,34.81866],[135.76975,34.81937],[135.76947,34.81984],[135.76895,34.82071],[135.768664,34.821114],[135.76818,34.822],[135.76776,34.8227],[135.76754,34.82311],[135.76727,34.8235],[135.76701,34.82382],[135.76679,34.82402],[135.7666,34.82414],[135.76653,34.8242],[135.76646,34.82423],[135.7664,34.82427],[135.76628,34.82433],[135.76615,34.82439],[135.76598,34.82444],[135.7658,34.82449],[135.76558,34.82453],[135.76529,34.82458],[135.76507,34.82464],[135.76448,34.82468],[135.76388,34.82468],[135.76351,34.8247],[135.76279,34.82469],[135.76201,34.82467],[135.7613,34.82468],[135.76094,34.82471],[135.76046,34.82475],[135.75986,34.82484],[135.75932,34.82497],[135.75905,34.82505],[135.7585,34.82524],[135.75801,34.82547],[135.75776,34.8256],[135.75724,34.82593],[135.75652,34.82648],[135.75615,34.8268],[135.7559,34.82706],[135.75553,34.82741],[135.75539,34.82757],[135.75509,34.82789],[135.75455,34.82853],[135.75423,34.82892],[135.75394,34.82924],[135.75365,34.82951],[135.75336,34.82974],[135.75316,34.82988],[135.75282,34.83009],[135.75246,34.83027],[135.75229,34.83034],[135.75201,34.83046],[135.7515,34.83057],[135.75108,34.83064],[135.7503,34.83074],[135.74949,34.83087],[135.749874,34.830785],[135.74921,34.8309],[135.7489,34.83095],[135.74849,34.83101],[135.74815,34.83107],[135.74791,34.83115],[135.74771,34.83122],[135.74758,34.83127],[135.74717,34.83147],[135.74624,34.83201],[135.74578,34.83225],[135.7453,34.83247],[135.74452,34.83277],[135.74359,34.83311],[135.74302,34.83329],[135.74265,34.83338],[135.74239,34.83343],[135.74196,34.83346],[135.741,34.83343],[135.74017,34.83339],[135.73965,34.83339],[135.73947,34.8334],[135.73902,34.83349],[135.73867,34.8336],[135.73839,34.83372],[135.73827,34.83379],[135.73812,34.83388],[135.73784,34.83406],[135.7376,34.83426],[135.73738,34.83448],[135.73707,34.83486],[135.73678,34.83511],[135.73647,34.83533],[135.73619,34.83548],[135.73582,34.83567],[135.73539,34.83581],[135.73499,34.83591],[135.73434,34.83605],[135.73354,34.83618],[135.73241,34.83636],[135.73209,34.83639],[135.7316,34.83638],[135.73115,34.83633],[135.73068,34.83623],[135.73018,34.83606],[135.72961,34.83577],[135.72934,34.83561],[135.72904,34.83538],[135.72874,34.83511],[135.72853,34.83489],[135.72834,34.83464],[135.72822,34.83447],[135.72803,34.8341],[135.72784,34.83374],[135.727617,34.833288],[135.7273,34.83264],[135.72675,34.83147],[135.72639,34.83082],[135.72614,34.83041],[135.72598,34.83021],[135.72571,34.82995],[135.72547,34.82976],[135.7252,34.82957],[135.72476,34.82931],[135.72415,34.82896],[135.72384,34.82879],[135.72326,34.82849],[135.72309,34.82841],[135.7226,34.82823],[135.72218,34.82812],[135.72216,34.82811],[135.72205,34.82809],[135.72152,34.82803],[135.7211,34.828],[135.72069,34.82799],[135.72,34.828],[135.71978,34.82798],[135.71955,34.82794],[135.7193,34.82789],[135.71859,34.82771],[135.71573,34.82703],[135.71504,34.82684],[135.71455,34.82667],[135.71394,34.82643],[135.71339,34.82617],[135.71303,34.82596],[135.713091,34.825938],[135.71268,34.82571],[135.71237,34.82546],[135.71211,34.82521],[135.71172,34.82472],[135.7103,34.82288],[135.70951,34.8219],[135.70925,34.82164],[135.70882,34.82124],[135.70834,34.82084],[135.70755,34.82025],[135.70729,34.82005],[135.70691,34.81976],[135.70588,34.819],[135.7055,34.8187],[135.70507,34.81834],[135.70474,34.81798],[135.70452,34.81771],[135.70425,34.81731],[135.70372,34.81638],[135.70332,34.81572],[135.7032,34.81549],[135.70307,34.81519],[135.7029,34.81479],[135.702748,34.814466],[135.7026,34.81409],[135.70251,34.81385],[135.70235,34.81346],[135.7023,34.81331],[135.70153,34.81128],[135.70145,34.81107],[135.70062,34.80895],[135.69986,34.807],[135.69901,34.80477],[135.69847,34.80336],[135.69827,34.80277],[135.69814,34.80231],[135.69804,34.80188],[135.69791,34.80094],[135.697946,34.801373],[135.69771,34.7997],[135.69769,34.79954],[135.69761,34.79891],[135.6974,34.79709],[135.69704,34.79401],[135.69687,34.79249],[135.69671,34.79134],[135.69661,34.79074],[135.69652,34.79033],[135.69643,34.79011],[135.69625,34.78972],[135.69606,34.78935],[135.69576,34.7889],[135.69464,34.78731],[135.69328,34.78532],[135.69314,34.78512],[135.69293,34.7848],[135.69279,34.78458],[135.69251,34.78415],[135.69085,34.78169],[135.69067,34.78142],[135.68948,34.77969],[135.68908,34.77918],[135.68878,34.77883],[135.68843,34.7785],[135.68808,34.77823],[135.68767,34.77792],[135.68739,34.77774],[135.68713,34.7776],[135.68502,34.77668],[135.68428,34.77635],[135.684592,34.776501],[135.68122,34.77503],[135.68092,34.7749],[135.68072,34.77482],[135.67791,34.77357],[135.67751,34.77339],[135.6768,34.77308],[135.67473,34.77219],[135.67371,34.77174],[135.67181,34.77093],[135.67169,34.77089],[135.66751,34.76909],[135.66414,34.76765],[135.66408,34.76762],[135.663455,34.767346],[135.66281,34.76708],[135.66208,34.76675],[135.66173,34.76657],[135.66148,34.76639],[135.66128,34.76624],[135.66094,34.76596],[135.66084,34.76587],[135.6601,34.76525],[135.65936,34.76459],[135.65869,34.76399],[135.65669,34.76225],[135.6552,34.761],[135.655,34.76081],[135.6541,34.76002],[135.65373,34.75966],[135.65358,34.75947],[135.65345,34.75922],[135.65338,34.759],[135.65333,34.75874],[135.65332,34.75857],[135.65332,34.7583],[135.6533,34.75753],[135.65331,34.75677],[135.65331,34.75674],[135.65337,34.75592],[135.65337,34.75583],[135.65333,34.75518],[135.653276,34.755491],[135.65333,34.75507],[135.65331,34.75486],[135.65322,34.75441],[135.65312,34.7541],[135.65297,34.75377],[135.65283,34.75352],[135.65264,34.75325],[135.65249,34.75313],[135.65204,34.75269],[135.65096,34.75157],[135.65071,34.75131],[135.64993,34.75051],[135.64986,34.75043],[135.64964,34.75021],[135.64881,34.74936],[135.64861,34.74916],[135.64858,34.74912],[135.64857,34.74912],[135.64657,34.7471],[135.64598,34.7465],[135.64596,34.74647],[135.64557,34.74608],[135.64544,34.74595],[135.645232,34.745762],[135.64487,34.74534],[135.64478,34.74526],[135.6444,34.74485],[135.64393,34.74433],[135.64378,34.74413],[135.64365,34.74393],[135.64352,34.7437],[135.64345,34.74353],[135.64305,34.74242],[135.64298,34.74224],[135.64294,34.74211],[135.64274,34.74154],[135.64252,34.74092],[135.64247,34.7408],[135.64233,34.74039],[135.64223,34.7401],[135.64213,34.73985],[135.64189,34.73914],[135.64169,34.73854],[135.64165,34.73844],[135.64129,34.73736],[135.64096,34.73634],[135.64075,34.73583],[135.64069,34.73567],[135.64036,34.73511],[135.64001,34.73461],[135.63983,34.73434],[135.63965,34.73398],[135.63957,34.73376],[135.63943,34.73327],[135.63937,34.73299],[135.63932,34.73274],[135.63931,34.73236],[135.63929,34.73187],[135.63927,34.73117],[135.63922,34.72963],[135.639297,34.730128],[135.63923,34.72891],[135.63925,34.72808],[135.63927,34.72793],[135.63928,34.72745],[135.63926,34.72695],[135.63918,34.7265],[135.63908,34.72592],[135.63906,34.72587],[135.63902,34.7257],[135.63901,34.72567],[135.63882,34.72492],[135.6388,34.72491],[135.6388,34.72486],[135.63874,34.72469],[135.63864,34.7243],[135.63853,34.72394],[135.63851,34.72386],[135.63847,34.72374],[135.63835,34.7233],[135.63831,34.72312],[135.63826,34.72296],[135.63821,34.72277],[135.6382,34.72276],[135.63813,34.72248],[135.63809,34.72234],[135.63791,34.72169],[135.63777,34.72122],[135.63777,34.72114],[135.63775,34.72113],[135.63765,34.72076],[135.63737,34.71971],[135.63732,34.71954],[135.63718,34.71902],[135.63717,34.71896],[135.63688,34.71795],[135.636942,34.718334],[135.63686,34.71789],[135.63664,34.71711],[135.63657,34.71688],[135.63631,34.71595],[135.63622,34.71564],[135.63616,34.71546],[135.63563,34.71358],[135.63551,34.71317],[135.63541,34.71284],[135.63533,34.71255],[135.63517,34.71199],[135.63507,34.71163],[135.63498,34.71138],[135.63489,34.71119],[135.63483,34.71108],[135.63467,34.7108],[135.6345,34.71057],[135.63416,34.71013],[135.63391,34.70986],[135.63362,34.70964],[135.63313,34.70937],[135.63275,34.70922],[135.63258,34.70916],[135.63228,34.70904],[135.63224,34.70903],[135.63207,34.70898],[135.63107,34.70864],[135.62961,34.70813],[135.62821,34.70766],[135.62794,34.70756],[135.6264,34.70702],[135.62568,34.70677],[135.62539,34.70668],[135.62481,34.70651],[135.62434,34.70639],[135.62371,34.70633],[135.62238,34.70631],[135.62218,34.7063],[135.621496,34.706238],[135.62049,34.70626],[135.61998,34.70625],[135.61938,34.70623],[135.61933,34.70623],[135.61876,34.7062],[135.61865,34.70619],[135.61856,34.70619],[135.61781,34.70613],[135.61721,34.70606],[135.61714,34.70606],[135.61644,34.70592],[135.61533,34.70565],[135.61502,34.70556],[135.61473,34.70548],[135.61442,34.70539],[135.61408,34.7053],[135.61371,34.70518],[135.61344,34.70509],[135.61307,34.70496],[135.6127,34.70481],[135.61223,34.7046],[135.61077,34.70389],[135.61062,34.7038],[135.61013,34.70354],[135.60642,34.7016],[135.60582,34.7013],[135.60556,34.70116],[135.60518,34.70097],[135.60515,34.70095],[135.6047,34.70072],[135.60343,34.70008],[135.6015,34.69909],[135.60112,34.69893],[135.60079,34.69882],[135.60022,34.6987],[135.59992,34.69868],[135.59966,34.69867],[135.59914,34.69868],[135.59872,34.69872],[135.59852,34.69874],[135.59848,34.69875],[135.597679,34.698847],[135.59681,34.69897],[135.59622,34.69905],[135.5957,34.69912],[135.59468,34.69926],[135.59462,34.69928],[135.59402,34.69935],[135.59295,34.69951],[135.59238,34.69956],[135.59182,34.69953],[135.59148,34.69946],[135.59071,34.69926],[135.59041,34.69917],[135.59034,34.69916],[135.59,34.69907],[135.58993,34.69906],[135.58959,34.69897],[135.58882,34.69877],[135.588,34.69855],[135.58785,34.6985],[135.58762,34.69844],[135.58676,34.69818],[135.58651,34.6981],[135.58623,34.69799],[135.58618,34.69797],[135.58612,34.69794],[135.5861,34.69794],[135.58585,34.69781],[135.58551,34.6976],[135.58536,34.69749],[135.58505,34.69716],[135.58499,34.6971],[135.58475,34.6968],[135.58442,34.69639],[135.58438,34.69634],[135.58408,34.69595],[135.58353,34.69522],[135.58277,34.69424],[135.58184,34.69301],[135.581,34.69197],[135.581386,34.692423],[135.58067,34.69158],[135.58017,34.691],[135.58009,34.6909],[135.57946,34.69025],[135.57909,34.68989],[135.57891,34.68975],[135.57813,34.68922],[135.57751,34.68881],[135.57682,34.68844],[135.57641,34.68825],[135.57629,34.68821],[135.5762,34.68817],[135.57579,34.68805],[135.57533,34.68793],[135.57501,34.68789],[135.5747,34.68787],[135.57334,34.68789],[135.57307,34.6879],[135.57186,34.68792],[135.5702,34.68796],[135.56968,34.68792],[135.56792545863718,34.68797433420766],[135.56534123524548,34.68799812270162],[135.56463392402569,34.68800446630001],[135.5640035289362,34.687978298956686],[135.563296,34.688103],[135.56227152834026,34.68802012705851],[135.56180527385905,34.68805501684962],[135.5612280064062,34.68812796823103],[135.5603018410422,34.68828972998982],[135.5588903904018,34.68855774702154],[135.557951537841,34.688776601165785],[135.55738695758484,34.68891774622981],[135.5569777954891,34.68902875920153],[135.55665744377072,34.68913342857486],[135.55628898702827,34.689291938409696],[135.55583898702827,34.689471938409696],[135.5546615891292,34.69000567335263],[135.553822648243,34.690395804653235],[135.55299480865386,34.69082241164453],[135.5522,34.6912],[135.55184661734646,34.69131166166991],[135.55160238880867,34.69137668355334],[135.55145172834708,34.69141315924404],[135.55139305006202,34.691427432340404],[135.55123446010242,34.69145597853313],[135.5510853855404,34.691481352926665],[135.55092520968122,34.69149721192262],[135.54974688628135,34.69156223380605],[135.54805790321163,34.691682762175354],[135.54755200124046,34.69172875326362],[135.54739341128086,34.691750955857955],[135.54700962357865,34.691823907239375],[135.54662583587645,34.69192540481351],[135.54590425156033,34.69220135134321],[135.54525799747523,34.69257562364788],[135.54491544316252,34.692834125282026],[135.544995,34.692769],[135.5445689241007,34.69313941095424],[135.54436117125366,34.69338205359241],[135.54414575737255,34.69356104302911],[135.54409959693888,34.6936269865058],[135.54394572882663,34.693866581137755],[135.54381164375732,34.694145741855706],[135.54372591723765,34.694350166633434],[135.54349731318518,34.694974431546036],[135.543242331742,34.695658045587656],[135.5430928598615,34.695945998769176],[135.54300493522592,34.69608887630199],[135.54288403885204,34.69628011238438],[135.54268401030606,34.69653949005934],[135.54251915161436,34.69672852802582],[135.54233670799553,34.69689558483343],[135.54206633974113,34.697097811495254],[135.54180696206618,34.69724068902807],[135.54156297120244,34.69735499105432],[135.541213470776,34.69747368931235],[135.5409650836805,34.69753303844137],[135.54075186643922,34.6975682082956],[135.54055403600918,34.697583595106835],[135.54026168659587,34.69760777438162],[135.53994735602367,34.69759898191806],[135.53957807255426,34.69755501960027],[135.53923,34.69749],[135.53903,34.69744],[135.53898,34.69743],[135.53894,34.69742],[135.53795,34.69713],[135.53791,34.69712],[135.53785,34.6971],[135.53667,34.69676],[135.53636,34.69667],[135.53555,34.69645],[135.53554,34.69643],[135.53525,34.69636],[135.53519,34.69634],[135.53483,34.69624],[135.534105,34.696019],[135.534253,34.696047]]}},{"type":"Feature","properties":{"line_name":"阪急京都線"},"geometry":{"type":"LineString","coordinates":[[135.498312,34.705517],[135.48248,34.720226],[135.48235,34.7207],[135.48231,34.72113],[135.48232,34.72138],[135.48236,34.72155],[135.4824,34.72174],[135.4828,34.72242],[135.48311,34.72282],[135.48335,34.72307],[135.48375,34.72332],[135.48558,34.72428],[135.48757,34.72527],[135.48809,34.72548],[135.48863,34.72562],[135.48907,34.72569],[135.4895,34.7257],[135.49165,34.72568],[135.49379,34.72566],[135.49681,34.72564],[135.49719,34.72567],[135.49851,34.7257],[135.50008,34.72572],[135.499507,34.725656],[135.50224,34.72572],[135.50242,34.72575],[135.50257,34.72578],[135.50323,34.72593],[135.50326,34.72594],[135.5034,34.72599],[135.50353,34.72604],[135.50395,34.72621],[135.50422,34.72633],[135.50441,34.72643],[135.50457,34.72654],[135.50505,34.72681],[135.50547,34.72702],[135.50782,34.72843],[135.50824,34.72873],[135.50865,34.72913],[135.50923,34.72982],[135.50969,34.73044],[135.51064,34.73158],[135.510186,34.731048],[135.51099,34.73203],[135.51162,34.73281],[135.51219,34.7335],[135.51239,34.73377],[135.51269,34.73411],[135.51293,34.73442],[135.51298,34.73447],[135.51298,34.73449],[135.51303,34.73453],[135.51611,34.73833],[135.5164,34.7387],[135.516527,34.738827],[135.51755,34.74006],[135.518,34.74055],[135.51809,34.74064],[135.5183,34.74083],[135.51861,34.74109],[135.51884,34.74128],[135.51895,34.74138],[135.51934,34.74165],[135.51958,34.74178],[135.52002,34.74198],[135.52022,34.74207],[135.52029,34.74209],[135.52049,34.74216],[135.52093,34.74228],[135.52132,34.74238],[135.52164,34.74244],[135.52167,34.74245],[135.52184,34.74248],[135.52207,34.74253],[135.52212,34.74253],[135.52259,34.74264],[135.5226,34.74265],[135.52272,34.74267],[135.52281,34.74269],[135.52296,34.74273],[135.52308,34.74276],[135.5232,34.7428],[135.52362,34.74292],[135.52389,34.743],[135.5242,34.74309],[135.52566,34.7435],[135.52568,34.74351],[135.52586,34.74355],[135.52673,34.7438],[135.52681,34.74382],[135.52683,34.74384],[135.5269,34.74385],[135.52729,34.74396],[135.5277,34.74407],[135.52776,34.7441],[135.52786,34.74413],[135.52795,34.74415],[135.52877,34.74439],[135.52879,34.7444],[135.5291,34.74448],[135.5292,34.74451],[135.52924,34.74454],[135.52934,34.74456],[135.5295,34.74461],[135.52955,34.74463],[135.5298,34.74471],[135.52989,34.74473],[135.52991,34.74474],[135.52998,34.74475],[135.53004,34.74478],[135.53027,34.74484],[135.5308,34.74508],[135.53094,34.74514],[135.53109,34.74523],[135.53147,34.74547],[135.53147,34.74548],[135.53154,34.74551],[135.53165,34.7456],[135.53169,34.74565],[135.53173,34.74567],[135.53176,34.7457],[135.53176,34.74571],[135.53179,34.74572],[135.5319,34.74581],[135.53205,34.74597],[135.53227,34.74624],[135.53242,34.74649],[135.53244,34.74654],[135.53267,34.74708],[135.53275,34.74734],[135.5328,34.74763],[135.53284,34.74798],[135.53285,34.74806],[135.5329,34.74863],[135.53293,34.74909],[135.5331,34.75104],[135.533114,34.750873],[135.53319,34.75214],[135.53327,34.75325],[135.53328,34.75337],[135.53335,34.75418],[135.53336,34.75441],[135.53337,34.75454],[135.53338,34.75464],[135.5334,34.75486],[135.53344,34.75521],[135.53346,34.75535],[135.53346,34.75538],[135.53349,34.75588],[135.5335,34.75596],[135.53353,34.75638],[135.53355,34.75691],[135.53369,34.7579],[135.533853,34.757942],[135.53372,34.75814],[135.53374,34.75824],[135.53375,34.75833],[135.53383,34.75865],[135.5339,34.75887],[135.53391,34.75889],[135.53392,34.75894],[135.53404,34.75927],[135.53408,34.75935],[135.53412,34.75945],[135.53436,34.75991],[135.53455,34.76025],[135.53457,34.76029],[135.53468,34.76048],[135.53471,34.76051],[135.5351,34.76109],[135.53515,34.76117],[135.53548,34.76163],[135.53548,34.76164],[135.53555,34.76172],[135.53582,34.76208],[135.53594,34.76224],[135.53608,34.76242],[135.53654,34.76303],[135.53667,34.7632],[135.53689,34.7635],[135.53691,34.76353],[135.53731,34.76407],[135.53767,34.76456],[135.53782,34.76477],[135.53809,34.76513],[135.53819,34.76529],[135.53833,34.76545],[135.53842,34.76558],[135.53912,34.76654],[135.53994,34.76766],[135.54035,34.76822],[135.54051,34.76844],[135.54194,34.77039],[135.54205,34.77054],[135.5427,34.77141],[135.54279,34.77154],[135.54317,34.77204],[135.54324,34.77214],[135.54328,34.77221],[135.54363,34.77268],[135.54375,34.77284],[135.54417,34.77342],[135.54446,34.7738],[135.54459,34.77399],[135.54487,34.77436],[135.54524,34.77489],[135.54572,34.77558],[135.545657,34.775454],[135.54603,34.77602],[135.54612,34.77615],[135.54665,34.77686],[135.54695,34.77728],[135.5471,34.77746],[135.54758,34.77811],[135.54786,34.77848],[135.54794,34.77857],[135.54826,34.77902],[135.54848,34.77931],[135.5487,34.7796],[135.54876,34.77968],[135.54882,34.77975],[135.54926,34.78033],[135.54939,34.78051],[135.54969,34.78092],[135.54984,34.78112],[135.55046,34.78195],[135.55092,34.78259],[135.55094,34.78261],[135.55094,34.78262],[135.55111,34.78285],[135.5519,34.78393],[135.55202,34.78409],[135.55286,34.78524],[135.55323,34.78575],[135.554138,34.786988],[135.553715,34.786409],[135.55428,34.78718],[135.55453,34.78751],[135.55459,34.7876],[135.5546,34.7876],[135.55488,34.78801],[135.55577,34.78924],[135.55621,34.78985],[135.55629,34.78995],[135.55637,34.79004],[135.55681,34.79066],[135.557,34.79089],[135.55731,34.79133],[135.55733,34.79137],[135.55736,34.7914],[135.55744,34.7915],[135.55804,34.79233],[135.55806,34.79234],[135.55812,34.79243],[135.55858,34.79308],[135.55882,34.79342],[135.55912,34.79383],[135.55916,34.79389],[135.55945,34.79428],[135.55951,34.79437],[135.55966,34.7946],[135.56073,34.79609],[135.5611,34.7966],[135.56169,34.79742],[135.5619,34.79774],[135.56207,34.79799],[135.56214,34.79809],[135.56228,34.79828],[135.56263,34.79878],[135.56289,34.79915],[135.5631,34.79944],[135.56332,34.79975],[135.56346,34.79995],[135.56392,34.8006],[135.56393,34.80063],[135.56396,34.80066],[135.56422,34.80103],[135.56435,34.80122],[135.56468,34.80171],[135.56534,34.80267],[135.565152,34.802351],[135.56576,34.8033],[135.56628,34.80404],[135.56662,34.80452],[135.56689,34.80489],[135.5669,34.80493],[135.56741,34.80565],[135.56743,34.80565],[135.56745,34.8057],[135.56765,34.806],[135.56769,34.80602],[135.56773,34.80611],[135.5679,34.80633],[135.56813,34.80666],[135.56846,34.80714],[135.56848,34.80717],[135.56857,34.8073],[135.56864,34.80736],[135.56873,34.8075],[135.56893,34.80777],[135.5692,34.80815],[135.56924,34.80823],[135.56947,34.80852],[135.56997,34.80924],[135.5701,34.80941],[135.57056,34.81007],[135.57075,34.81033],[135.57077,34.81036],[135.57105,34.81076],[135.57115,34.8109],[135.57189,34.81196],[135.57211,34.81225],[135.57245,34.81269],[135.5725,34.81276],[135.57275,34.81307],[135.57296,34.81332],[135.57347,34.81392],[135.57367,34.81416],[135.5738,34.8143],[135.57402,34.81455],[135.57471,34.81534],[135.57506,34.81573],[135.57509,34.81578],[135.57627,34.81722],[135.575815,34.816472],[135.5763,34.81727],[135.57671,34.81774],[135.57672,34.81777],[135.57681,34.81787],[135.57761,34.81881],[135.57798,34.81923],[135.57913,34.82056],[135.57942,34.82089],[135.5797,34.82122],[135.57986,34.82141],[135.58015,34.82175],[135.58038,34.82202],[135.58087,34.82259],[135.58132,34.8231],[135.58182,34.82369],[135.58205,34.82396],[135.58218,34.82412],[135.58238,34.82435],[135.58253,34.82453],[135.58387,34.82607],[135.58416,34.8264],[135.58429,34.82656],[135.58432,34.82659],[135.58526,34.82774],[135.58492,34.827257],[135.58553,34.82807],[135.5858,34.82839],[135.58601,34.82863],[135.58614,34.82878],[135.58642,34.82911],[135.58679,34.82954],[135.58722,34.83006],[135.58735,34.8302],[135.58741,34.83027],[135.58857,34.83163],[135.58889,34.83199],[135.58952,34.83265],[135.58981,34.83293],[135.58995,34.83307],[135.5904,34.83347],[135.59055,34.83361],[135.59119,34.83412],[135.59201,34.8347],[135.59225,34.83487],[135.59317,34.83545],[135.592721,34.835207],[135.59365,34.83572],[135.5953,34.83657],[135.59556,34.8367],[135.59622,34.83703],[135.5991,34.83834],[135.59934,34.83846],[135.59987,34.8387],[135.60023,34.83887],[135.60063,34.83905],[135.60091,34.83919],[135.6022,34.8398],[135.60246,34.83992],[135.60627,34.84172],[135.60658,34.84187],[135.60777,34.84242],[135.60807,34.84258],[135.6095,34.84325],[135.60976,34.84338],[135.61072,34.84384],[135.61132,34.84413],[135.61307,34.84499],[135.61339,34.84515],[135.61545,34.84614],[135.61679,34.84678],[135.62012,34.84837],[135.62218,34.84935],[135.62219,34.84936],[135.62222,34.84938],[135.62407,34.85027],[135.623265,34.849905],[135.6271,34.85173],[135.62794,34.85212],[135.63128,34.85374],[135.63362,34.85485],[135.63464,34.85534],[135.63712,34.85653],[135.63799,34.85695],[135.64083,34.85832],[135.64118,34.85848],[135.64123,34.85851],[135.64135,34.85857],[135.64147,34.85862],[135.64302,34.85936],[135.64331,34.8595],[135.64475,34.86018],[135.64511,34.86035],[135.64539,34.86049],[135.64679,34.86115],[135.64715,34.86132],[135.64814,34.86179],[135.65153,34.8634],[135.65258,34.86396],[135.65278,34.86407],[135.65359,34.8646],[135.65427,34.86509],[135.65456,34.86533],[135.65514,34.86589],[135.65596,34.86666],[135.65662,34.86728],[135.65869,34.86921],[135.66069,34.87108],[135.66076,34.87115],[135.66091,34.87129],[135.66112,34.87148],[135.661629,34.872018],[135.66228,34.87259],[135.66278,34.87307],[135.66298,34.87326],[135.66481,34.87499],[135.66684,34.87692],[135.66749,34.87754],[135.66777,34.87781],[135.667853,34.877745],[135.66805,34.87807],[135.66887,34.87885],[135.67013,34.88004],[135.6709,34.88077],[135.67291,34.88272],[135.67495,34.88467],[135.67517,34.88487],[135.67531,34.88501],[135.677,34.88662],[135.67738,34.887],[135.67767,34.88729],[135.6789,34.88851],[135.67982,34.8895],[135.67994,34.88963],[135.68069,34.89044],[135.68126,34.89108],[135.68135,34.89119],[135.6814,34.89124],[135.68142,34.89127],[135.681637,34.891485],[135.68183,34.89184],[135.68189,34.89194],[135.68217,34.8924],[135.68237,34.89276],[135.68241,34.89284],[135.68258,34.89325],[135.68273,34.89363],[135.68281,34.89388],[135.68291,34.89427],[135.68298,34.89458],[135.68317,34.89507],[135.6836,34.8962],[135.68437,34.89816],[135.68456,34.89871],[135.68475,34.89929],[135.68494,34.89997],[135.68499,34.90012],[135.68502,34.90023],[135.68556,34.90206],[135.68612,34.90398],[135.686563,34.90564],[135.686614,34.90584],[135.686634,34.90593],[135.687165,34.90784],[135.687276,34.908287],[135.687356,34.908567],[135.687446,34.908902],[135.687505,34.909102],[135.687686,34.90979],[135.688215,34.91173],[135.688229,34.911779],[135.688272,34.911915],[135.688353,34.912142],[135.688754,34.913647],[135.688611,34.913333],[135.688943,34.91435],[135.689023,34.91466],[135.689283,34.91563],[135.68966,34.91693],[135.68973,34.91719],[135.68983,34.91759],[135.69045,34.9199],[135.69077,34.92119],[135.69097,34.92194],[135.69117,34.92255],[135.69135,34.92294],[135.69179,34.92378],[135.69198,34.92411],[135.69233,34.924791],[135.69294,34.92565],[135.69388,34.92724],[135.69467,34.92856],[135.69624,34.93122],[135.69627,34.93126],[135.6964,34.93147],[135.69674,34.93205],[135.69682,34.93219],[135.69782,34.93388],[135.69819,34.93445],[135.69836,34.93468],[135.69855,34.93493],[135.69858,34.93496],[135.69899,34.93549],[135.69928,34.93583],[135.69945,34.93604],[135.69959,34.9362],[135.69974,34.93639],[135.7004,34.93716],[135.70064,34.93744],[135.70101,34.93788],[135.70121,34.93811],[135.70148,34.93843],[135.70222,34.93933],[135.702657,34.939892],[135.70322,34.94055],[135.70377,34.94135],[135.70399,34.94169],[135.70444,34.94259],[135.70483,34.94345],[135.70515,34.94432],[135.7052,34.94452],[135.70525,34.94473],[135.7054,34.94533],[135.70553,34.94601],[135.70559,34.94653],[135.70562,34.94676],[135.70564,34.94696],[135.70566,34.94759],[135.70564,34.94819],[135.70558,34.94908],[135.70552,34.9496],[135.70531,34.95089],[135.70518,34.95152],[135.70501,34.95227],[135.70485,34.95303],[135.704646,34.953885],[135.70447,34.9548],[135.70391,34.95746],[135.70375,34.95829],[135.70372,34.95846],[135.7034,34.9601],[135.70332,34.96071],[135.70325,34.96131],[135.70324,34.96149],[135.70323,34.96167],[135.70317,34.9627],[135.70316,34.96307],[135.70312,34.96417],[135.703096,34.964081],[135.70308,34.96531],[135.70302,34.96796],[135.70298,34.9706],[135.70297,34.97186],[135.70299,34.97245],[135.70299,34.9726],[135.70302,34.97325],[135.70307,34.9759],[135.70308,34.9769],[135.70309,34.9775],[135.70313,34.97832],[135.70349,34.98029],[135.703302,34.979522],[135.70376,34.9823],[135.70379,34.98282],[135.70385,34.98322],[135.70393,34.98351],[135.70406,34.98383],[135.70419,34.98411],[135.70436,34.98433],[135.70495,34.98507],[135.70544,34.98557],[135.7058,34.98588],[135.70582,34.9859],[135.70619,34.98617],[135.70631,34.98626],[135.70716,34.9868],[135.70886,34.98771],[135.70918,34.98788],[135.71067,34.98861],[135.7128,34.98967],[135.71318,34.98985],[135.71404,34.99028],[135.71447,34.9905],[135.71603,34.99128],[135.71625,34.99138],[135.71706,34.99179],[135.71731,34.99192],[135.7175,34.99201],[135.71754,34.99203],[135.71785,34.99219],[135.71871,34.99264],[135.718462,34.992459],[135.719,34.99278],[135.71905,34.99281],[135.71953,34.99308],[135.71978,34.99325],[135.72002,34.99342],[135.72027,34.9936],[135.72066,34.99391],[135.72112,34.99435],[135.72128,34.99449],[135.72142,34.99463],[135.72271,34.99585],[135.72291,34.99603],[135.72311,34.99623],[135.72422,34.99727],[135.72437,34.99741],[135.72455,34.99758],[135.72706,34.99993],[135.72975,35.00246],[135.73057,35.00323],[135.73064,35.00328],[135.73099,35.00347],[135.73118,35.00354],[135.73143,35.00356],[135.7316,35.00357],[135.73233,35.00356],[135.732447,35.003619],[135.73286,35.00357],[135.73296,35.00357],[135.7349,35.00357],[135.73608,35.00357],[135.73611,35.00357],[135.73771,35.00357],[135.73902,35.00357],[135.74039,35.00356],[135.74122,35.00357],[135.74191,35.00358],[135.7423,35.00357],[135.74346,35.00358],[135.74437,35.00359],[135.7452,35.00359],[135.746,35.00358],[135.74666,35.00359],[135.74716,35.00361],[135.74794,35.00363],[135.74897,35.00365],[135.748756,35.003587],[135.74913,35.00365],[135.74918,35.00365],[135.74975,35.00365],[135.75,35.00366],[135.75045,35.00366],[135.75107,35.00366],[135.75122,35.00366],[135.75202,35.00367],[135.7528,35.00367],[135.75295,35.00367],[135.75368,35.00368],[135.75511,35.00368],[135.75595,35.00368],[135.75669,35.00369],[135.75814,35.00369],[135.75968,35.0037],[135.759108,35.003665],[135.75996,35.0037],[135.76079,35.0037],[135.76113,35.00371],[135.7626,35.00372],[135.76327,35.00372],[135.764,35.00373],[135.76493,35.00375],[135.76565,35.00375],[135.76641,35.00376],[135.76692,35.00376],[135.76719,35.00377],[135.76831,35.00378],[135.76881,35.00378],[135.76905,35.00378],[135.769463,35.003765]]}},{"type":"Feature","properties":{"line_name":"阪急神戸線"},"geometry":{"type":"LineString","coordinates":[[135.498312,34.705517],[135.49813,34.70646],[135.49781,34.70739],[135.4977,34.70762],[135.49768,34.70767],[135.49748,34.70794],[135.49735,34.70812],[135.49719,34.70825],[135.49649,34.70872],[135.49585,34.70907],[135.49541,34.70923],[135.49484,34.70939],[135.49336,34.70969],[135.493011,34.709745],[135.49169,34.71006],[135.49067,34.71034],[135.49031,34.71047],[135.48994,34.71067],[135.48956,34.71093],[135.48913,34.71135],[135.48868,34.71185],[135.48661,34.71431],[135.48579,34.71529],[135.48418,34.7172],[135.48405,34.71735],[135.48371,34.71777],[135.48337,34.71824],[135.48301,34.71876],[135.48297,34.71881],[135.48279,34.71909],[135.48241,34.7197],[135.48248,34.720226],[135.48179,34.72079],[135.48054,34.72308],[135.48008,34.72391],[135.47982,34.72436],[135.47959,34.72468],[135.47933,34.72498],[135.47924,34.72507],[135.47911,34.72522],[135.47881,34.72557],[135.47867,34.72571],[135.47821,34.72623],[135.47804,34.72642],[135.47767,34.72678],[135.47691,34.72762],[135.47672,34.72784],[135.47604,34.72862],[135.47586,34.72883],[135.47527,34.72952],[135.47508,34.72975],[135.47383,34.7312],[135.47368,34.73137],[135.47358,34.73146],[135.47324,34.73185],[135.47304,34.73208],[135.472967,34.732249],[135.47269,34.73251],[135.47264,34.73257],[135.47188,34.7334],[135.47126,34.73407],[135.47124,34.73411],[135.47066,34.73475],[135.47062,34.73479],[135.47011,34.73533],[135.46952,34.7359],[135.46949,34.73594],[135.46893,34.73645],[135.46538,34.73972],[135.46455,34.7405],[135.46385,34.74109],[135.46156,34.74318],[135.46112,34.74357],[135.4605,34.74414],[135.46041,34.7442],[135.46017,34.7444],[135.46002,34.74452],[135.4598,34.74467],[135.45958,34.74483],[135.45911,34.74513],[135.45853,34.74548],[135.45699,34.74641],[135.45509,34.74759],[135.45362,34.74846],[135.45289,34.7489],[135.45283,34.74894],[135.44961,34.75089],[135.44888,34.75134],[135.4488,34.7514],[135.448186,34.751905],[135.44742,34.75229],[135.44735,34.75233],[135.44655,34.75275],[135.44604,34.753],[135.44566,34.75316],[135.44543,34.75325],[135.44511,34.75339],[135.44457,34.75356],[135.44419,34.75365],[135.44386,34.75371],[135.44349,34.75375],[135.44323,34.75376],[135.44309,34.75376],[135.44176,34.75378],[135.44051,34.75374],[135.43987,34.75373],[135.43958,34.75373],[135.43816,34.75369],[135.43759,34.75367],[135.437,34.75364],[135.43699,34.75365],[135.43695,34.75365],[135.43508,34.75358],[135.43386,34.75354],[135.43273,34.75351],[135.43255,34.75351],[135.43195,34.75348],[135.43091,34.75345],[135.42945,34.7534],[135.4291,34.75339],[135.42834,34.75336],[135.42666,34.7533],[135.42485,34.75325],[135.42463,34.75325],[135.42452,34.75324],[135.42361,34.7532],[135.42109,34.75305],[135.41695,34.7529],[135.41689,34.7529],[135.41531,34.75282],[135.41585,34.752826],[135.41218,34.75267],[135.41159,34.75266],[135.40751,34.75251],[135.40284,34.75232],[135.40052,34.75223],[135.39818,34.75213],[135.39697,34.75205],[135.39646,34.75201],[135.39587,34.75195],[135.39494,34.75183],[135.39278,34.75148],[135.393821,34.751587],[135.3894,34.75094],[135.38627,34.75043],[135.38572,34.75032],[135.38239,34.74981],[135.38191,34.74974],[135.37731,34.74905],[135.37582,34.74885],[135.37575,34.74884],[135.37451,34.74868],[135.37297,34.74847],[135.37259,34.74842],[135.3722,34.74837],[135.37071,34.74814],[135.36965,34.74798],[135.36744,34.74765],[135.36523,34.74732],[135.36302,34.74696],[135.36082,34.74661],[135.35982,34.74645],[135.35932,34.74637],[135.35865,34.74626],[135.3581,34.74618],[135.35755,34.74607],[135.3572,34.74602],[135.35713,34.74601],[135.35684,34.74597],[135.356702,34.745951],[135.35612,34.74586],[135.35536,34.74575],[135.35493,34.74568],[135.35472,34.74566],[135.35467,34.74565],[135.35085,34.74506],[135.34878,34.74475],[135.3485,34.74471],[135.3479,34.74461],[135.34734,34.74452],[135.34579,34.74429],[135.34359,34.74397],[135.34138,34.74365],[135.34116,34.74362],[135.33917,34.74333],[135.33696,34.74301],[135.33476,34.7427],[135.33386,34.74257],[135.33314,34.74248],[135.33257,34.74244],[135.3302,34.74235],[135.32897,34.74229],[135.3281,34.74226],[135.328207,34.742246],[135.32715,34.74222],[135.32504,34.7421],[135.32222,34.74196],[135.32134,34.74191],[135.32101,34.74189],[135.32022,34.7418],[135.31805,34.74151],[135.31716,34.74139],[135.31588,34.74122],[135.3156,34.74118],[135.31511,34.74112],[135.31463,34.74102],[135.31409,34.7409],[135.31357,34.74076],[135.31163,34.74022],[135.31126,34.74012],[135.3093,34.73957],[135.30899,34.73948],[135.30816,34.73923],[135.30749,34.73901],[135.30692,34.73881],[135.3057,34.73834],[135.30555,34.73828],[135.30464,34.73794],[135.30441,34.73785],[135.30427,34.73779],[135.30372,34.73758],[135.30358,34.73752],[135.30337,34.73744],[135.30326,34.7374],[135.30303,34.73731],[135.30289,34.73726],[135.30272,34.73719],[135.30259,34.73714],[135.30193,34.73688],[135.30182,34.73684],[135.30161,34.73675],[135.30149,34.7367],[135.30091,34.73644],[135.300651,34.736338],[135.29997,34.73603],[135.29976,34.73592],[135.29954,34.73581],[135.29822,34.73513],[135.29797,34.73501],[135.29607,34.73404],[135.29387,34.73291],[135.29374,34.73284],[135.29169,34.73178],[135.29108,34.7315],[135.29033,34.73122],[135.28964,34.73101],[135.28877,34.73081],[135.28848,34.73076],[135.28769,34.73062],[135.2875,34.73058],[135.28728,34.73055],[135.28552,34.73027],[135.28338,34.72994],[135.28183,34.72968],[135.28123,34.7296],[135.27999,34.72948],[135.27655,34.72921],[135.27533,34.72914],[135.275937,34.729171],[135.27507,34.72913],[135.27458,34.72908],[135.27408,34.72901],[135.27387,34.72897],[135.27357,34.72892],[135.27343,34.72889],[135.27288,34.72875],[135.27266,34.72868],[135.27253,34.72865],[135.27192,34.72847],[135.27177,34.72842],[135.27151,34.72835],[135.27143,34.72832],[135.27075,34.72811],[135.27064,34.72808],[135.27037,34.72799],[135.27024,34.72795],[135.26955,34.72774],[135.2695,34.72773],[135.26917,34.72762],[135.26913,34.72761],[135.2685,34.72741],[135.26845,34.7274],[135.26817,34.72731],[135.26806,34.72728],[135.26737,34.72707],[135.26731,34.72706],[135.26702,34.72697],[135.26697,34.72695],[135.26664,34.72685],[135.26658,34.72684],[135.26627,34.72674],[135.2662,34.72672],[135.26514,34.7264],[135.26501,34.72636],[135.26482,34.7263],[135.26471,34.72627],[135.26329,34.72585],[135.26259,34.72566],[135.26251,34.72563],[135.26198,34.72549],[135.26191,34.72547],[135.26131,34.72532],[135.26123,34.7253],[135.26095,34.72523],[135.26026,34.72506],[135.25999,34.72501],[135.2597,34.72495],[135.25951,34.72491],[135.25927,34.72488],[135.25887,34.72485],[135.25844,34.72486],[135.25779,34.7249],[135.25737,34.72494],[135.25714,34.72496],[135.25624,34.72506],[135.25598,34.72508],[135.25541,34.72511],[135.25488,34.72512],[135.2545,34.7251],[135.25433,34.72508],[135.25392,34.72502],[135.2535,34.72493],[135.25344,34.72492],[135.25324,34.72488],[135.2526,34.72475],[135.25115,34.72439],[135.251803,34.724508],[135.24846,34.72376],[135.24721,34.72353],[135.24515,34.72305],[135.24459,34.72293],[135.24453,34.72291],[135.24385,34.72276],[135.24254,34.72246],[135.24208,34.72235],[135.24141,34.7222],[135.2412,34.72215],[135.24093,34.72208],[135.24071,34.72202],[135.24004,34.72185],[135.23951,34.72172],[135.23921,34.72164],[135.23855,34.72144],[135.23769,34.72114],[135.23698,34.72086],[135.23515,34.7201],[135.23457,34.71985],[135.234371,34.719891],[135.23283,34.7191],[135.23249,34.71895],[135.23212,34.7188],[135.23053,34.71812],[135.22733,34.71675],[135.22686,34.71655],[135.22682,34.71653],[135.22509,34.71579],[135.22443,34.71546],[135.22392,34.71519],[135.22331,34.7148],[135.22269,34.71434],[135.22213,34.71386],[135.22149,34.71324],[135.21937,34.71112],[135.21912,34.71085],[135.21816,34.70983],[135.218553,34.710354],[135.2174,34.70894],[135.21609,34.70739],[135.21558,34.70687],[135.21507,34.70642],[135.2146,34.70608],[135.21458,34.70607],[135.21404,34.70575],[135.21343,34.70548],[135.21312,34.70537],[135.2128,34.70525],[135.21199,34.70502],[135.20838,34.7042],[135.20731,34.70395],[135.20695,34.70384],[135.20643,34.70361],[135.20621,34.70349],[135.20595,34.70335],[135.20535,34.70299],[135.205396,34.70299],[135.20454,34.70244],[135.20449,34.70241],[135.20205,34.70069],[135.20114,34.70004],[135.19983,34.69911],[135.19881,34.69838],[135.1979,34.69766],[135.1972,34.69709],[135.19654,34.6965],[135.19561,34.69563],[135.19379,34.69395],[135.19342,34.69359],[135.19229,34.6927],[135.192862,34.693136]]}},{"type":"Feature","properties":{"line_name":"阪急宝塚線"},"geometry":{"type":"LineString","coordinates":[[135.498312,34.705517],[135.49836,34.70647],[135.4982,34.70688],[135.49792,34.70752],[135.49772,34.70786],[135.49748,34.7082],[135.49731,34.70839],[135.49719,34.70848],[135.49665,34.70883],[135.49625,34.70905],[135.49576,34.70927],[135.49521,34.70945],[135.4944,34.70963],[135.49341,34.70982],[135.493011,34.709745],[135.49174,34.71019],[135.49078,34.71046],[135.49028,34.71066],[135.48986,34.71092],[135.48953,34.7112],[135.48922,34.7115],[135.48678,34.71441],[135.48649,34.71475],[135.48464,34.71691],[135.48433,34.71728],[135.4835,34.71836],[135.48315,34.71888],[135.48297,34.71916],[135.48263,34.71977],[135.48249,34.72013],[135.48248,34.720226],[135.48235,34.7207],[135.48231,34.72113],[135.48232,34.72138],[135.48236,34.72155],[135.4824,34.72174],[135.48311,34.72464],[135.48369,34.72708],[135.48392,34.7281],[135.484,34.7284],[135.48428,34.72951],[135.48439,34.73005],[135.48441,34.73044],[135.48439,34.73092],[135.48437,34.73115],[135.48366,34.73462],[135.4836,34.73498],[135.48349,34.7357],[135.483255,34.73662],[135.482967,34.737499],[135.483128,34.737254],[135.482629,34.738311],[135.482119,34.739185],[135.481591,34.739857],[135.480733,34.740897],[135.48043,34.74131],[135.48024,34.74151],[135.48012,34.74166],[135.4799,34.74193],[135.47941,34.74254],[135.47921,34.74278],[135.4788,34.74326],[135.47864,34.74346],[135.47644,34.74611],[135.47605,34.74655],[135.47575,34.74689],[135.47553,34.74721],[135.47536,34.74753],[135.47524,34.74782],[135.47516,34.74811],[135.47514,34.74839],[135.47514,34.74971],[135.475095,34.750333],[135.47514,34.75098],[135.47508,34.75325],[135.47507,34.75369],[135.47509,34.7538],[135.47509,34.75598],[135.47509,34.75654],[135.4751,34.75705],[135.47511,34.75803],[135.47511,34.75823],[135.47511,34.75901],[135.47513,34.75943],[135.47514,34.75947],[135.47513,34.75986],[135.47514,34.76007],[135.47516,34.76088],[135.47517,34.76186],[135.47517,34.76217],[135.47519,34.76369],[135.475111,34.763024],[135.4752,34.76374],[135.47519,34.76388],[135.47514,34.76437],[135.4751,34.76454],[135.47506,34.76475],[135.475,34.76489],[135.47487,34.76519],[135.47471,34.76545],[135.47467,34.76549],[135.47466,34.76552],[135.47455,34.76566],[135.47435,34.7658],[135.47395,34.76599],[135.47384,34.76606],[135.47365,34.76615],[135.47324,34.76636],[135.47304,34.76646],[135.47298,34.76648],[135.47297,34.7665],[135.47231,34.76683],[135.4703,34.76785],[135.46951,34.76826],[135.46927,34.7684],[135.46897,34.76861],[135.46875,34.7688],[135.46848,34.76913],[135.46826,34.76948],[135.46816,34.76968],[135.46792,34.77033],[135.46754,34.77155],[135.46777,34.771078],[135.46525,34.77835],[135.46489,34.77949],[135.465103,34.778949],[135.46393,34.78243],[135.46367,34.78323],[135.46366,34.7833],[135.46296,34.78543],[135.46275,34.78597],[135.46262,34.78623],[135.46247,34.78653],[135.46234,34.78674],[135.46219,34.78699],[135.46198,34.78724],[135.462073,34.787248],[135.46175,34.78745],[135.46149,34.78763],[135.46131,34.78773],[135.46125,34.78777],[135.45805,34.78898],[135.45762,34.78916],[135.45704710525098,34.78937102266648],[135.45365302440402,34.79071657949506],[135.45326775813257,34.790912087752226],[135.45307800011827,34.79097677798439],[135.45282930211465,34.7910774072344],[135.4525130387575,34.79119959989512],[135.45234628171465,34.79126141500584],[135.4520630822539,34.79137210718084],[135.45172238036466,34.79150436276658],[135.45155131063967,34.79156905299873],[135.45144349358605,34.79162080518445],[135.45131123800033,34.791676870052314],[135.45122210923603,34.791730059798745],[135.45110279169674,34.79180050027375],[135.4509274092896,34.79192844317733],[135.4508116856521,34.79203266632913],[135.4507577771253,34.792090887538066],[135.45071752542532,34.79213473313984],[135.4506894929914,34.79216635947556],[135.4506607417771,34.7922008609327],[135.45063630324495,34.79223464360949],[135.45059677032532,34.792288552136284],[135.45053854911637,34.79237696212022],[135.45042,34.79256],[135.44968,34.79386],[135.44959,34.79402],[135.449238,34.794365],[135.44887,34.79527],[135.44876,34.79546],[135.44842,34.79607],[135.44794,34.79687],[135.44775,34.79724],[135.44765,34.79748],[135.44748,34.79795],[135.44742,34.7982],[135.4473,34.79889],[135.44716,34.79977],[135.44715,34.7999],[135.44706,34.80051],[135.44694,34.80139],[135.4469,34.80162],[135.44688,34.8018],[135.44677,34.80252],[135.44675,34.8027],[135.44669,34.80298],[135.44663,34.80322],[135.44658,34.80342],[135.4465,34.80381],[135.44649,34.80383],[135.44646,34.804],[135.44634,34.80452],[135.44618,34.80524],[135.44585,34.80669],[135.44572,34.80728],[135.44569,34.80743],[135.44561,34.80776],[135.44537,34.80863],[135.445487,34.808254],[135.44536,34.80868],[135.44534,34.80876],[135.44527,34.8089],[135.44518,34.80903],[135.445,34.80918],[135.44494,34.80924],[135.44467,34.80942],[135.44425,34.80968],[135.44401,34.80981],[135.44384,34.80991],[135.44271,34.81057],[135.44262,34.81061],[135.44227,34.81081],[135.44224,34.81083],[135.44186,34.81105],[135.44126,34.81138],[135.44076,34.81167],[135.44066,34.81173],[135.43998,34.81213],[135.43898,34.8127],[135.43846,34.813],[135.4379,34.81333],[135.43783,34.81337],[135.43779,34.8134],[135.43727,34.8137],[135.43655,34.81413],[135.43635,34.81425],[135.43598,34.81448],[135.43506,34.8151],[135.43505,34.81511],[135.43469,34.81536],[135.43462,34.8154],[135.43425,34.81566],[135.43396,34.81585],[135.43346,34.8162],[135.43333,34.81629],[135.43196,34.81723],[135.43182,34.81734],[135.43146,34.81757],[135.4305,34.81823],[135.43045,34.81825],[135.43032,34.81835],[135.43025,34.81839],[135.42965,34.8188],[135.42924,34.81908],[135.42802,34.81993],[135.4266,34.82093],[135.425797,34.821544],[135.42466,34.82227],[135.42377,34.82286],[135.42345,34.82308],[135.4224,34.82379],[135.42203,34.82404],[135.42178,34.82421],[135.42116,34.82463],[135.42066,34.82496],[135.42006,34.82537],[135.41938,34.82584],[135.41915,34.826],[135.41871,34.82624],[135.41849,34.82634],[135.41834,34.8264],[135.41828,34.82643],[135.41805,34.8265],[135.41779,34.82658],[135.41773,34.82659],[135.41734,34.82668],[135.41526,34.82717],[135.41491,34.82724],[135.41401,34.82738],[135.41354,34.82745],[135.413393,34.827654],[135.41298,34.8275],[135.41246,34.82751],[135.41187,34.82748],[135.41152,34.82744],[135.41116,34.82741],[135.4111,34.82741],[135.41096,34.8274],[135.41081,34.82738],[135.41076,34.82738],[135.41057,34.82737],[135.41038,34.82735],[135.40926,34.82725],[135.40911,34.82724],[135.40872,34.82724],[135.40831,34.8273],[135.40804,34.82736],[135.40763,34.82749],[135.40742,34.82756],[135.40737,34.82759],[135.40681,34.82781],[135.40638,34.82797],[135.40618,34.82803],[135.40595,34.82809],[135.4056,34.82812],[135.40514,34.82812],[135.40492,34.82811],[135.40489,34.8281],[135.40485,34.8281],[135.40483,34.82809],[135.40479,34.82809],[135.40478,34.82808],[135.40468,34.82806],[135.40459,34.82804],[135.40415,34.82791],[135.40396,34.82785],[135.40375,34.82776],[135.40268,34.8272],[135.402946,34.827357],[135.40207,34.82688],[135.40179,34.82675],[135.40137,34.82653],[135.40089,34.82628],[135.39878,34.82521],[135.39813,34.8249],[135.39747,34.82458],[135.39742,34.82457],[135.39741,34.82455],[135.39708,34.82439],[135.3966,34.82416],[135.39614,34.82395],[135.39593,34.82387],[135.39568,34.82377],[135.39544,34.82371],[135.39533,34.82368],[135.39531,34.82368],[135.39528,34.82366],[135.39503,34.82361],[135.39462,34.82351],[135.39456,34.82349],[135.39428,34.82343],[135.39422,34.82342],[135.39342,34.82322],[135.39333,34.82321],[135.39322,34.82318],[135.3929,34.82311],[135.3926,34.82303],[135.39251,34.82302],[135.39246,34.823],[135.3923,34.82296],[135.39202,34.8229],[135.39192,34.82287],[135.39133,34.82274],[135.39116,34.8227],[135.39012,34.82244],[135.39002,34.82241],[135.38963,34.82231],[135.38934,34.82223],[135.3893,34.82223],[135.38768,34.82167],[135.388503,34.821918],[135.38748,34.82159],[135.38679,34.82133],[135.38615,34.82108],[135.38611,34.82106],[135.38588,34.82098],[135.38528,34.82075],[135.38506,34.82068],[135.38498,34.82065],[135.3848,34.8206],[135.38461,34.82057],[135.38439,34.82053],[135.38418,34.8205],[135.3839,34.82049],[135.38374,34.8205],[135.38365,34.8205],[135.38356,34.82052],[135.38332,34.82054],[135.38328,34.82055],[135.3831,34.82056],[135.38309,34.82058],[135.38304,34.82058],[135.383,34.82059],[135.38284,34.8206],[135.38282,34.82061],[135.38252,34.82067],[135.3824,34.82067],[135.38237,34.82068],[135.38205,34.8207],[135.38119,34.82077],[135.38063,34.82081],[135.38056,34.82081],[135.38046,34.82082],[135.38005,34.82079],[135.37981,34.82077],[135.37974,34.82076],[135.37944,34.8207],[135.37883,34.8206],[135.37871,34.82059],[135.37868,34.82058],[135.37813,34.82053],[135.37799,34.82053],[135.37775,34.82053],[135.37759,34.82053],[135.37647,34.82052],[135.37628,34.82051],[135.37608,34.82052],[135.37527,34.82053],[135.37478,34.82053],[135.37391,34.82054],[135.37331,34.82054],[135.37277,34.82054],[135.3722,34.82052],[135.37145,34.82044],[135.37093,34.82039],[135.37061,34.82032],[135.37042,34.82024],[135.37014,34.82012],[135.36981,34.81989],[135.36877,34.81919],[135.369235,34.819518],[135.36832,34.81888],[135.36814,34.8188],[135.36788,34.81869],[135.36688,34.81832],[135.36473,34.81756],[135.36336,34.81712],[135.36284,34.81694],[135.36263,34.81687],[135.36245,34.81678],[135.36233,34.81671],[135.36226,34.81667],[135.36203,34.81653],[135.36185,34.81638],[135.36171,34.81625],[135.36158,34.81608],[135.361339,34.815863],[135.36119,34.81558],[135.361,34.81533],[135.36073,34.81489],[135.36047,34.81449],[135.36024,34.81417],[135.36,34.81387],[135.35972,34.81357],[135.35936,34.81324],[135.35911,34.81308],[135.3587,34.81283],[135.35813,34.8125],[135.35686,34.81179],[135.3563,34.81151],[135.3559,34.81134],[135.35561,34.81126],[135.35531,34.81121],[135.35504,34.81119],[135.35487,34.81119],[135.35461,34.81119],[135.35392,34.81119],[135.35352,34.811271],[135.35297,34.8112],[135.35075,34.81125],[135.34979,34.81128],[135.34836,34.8113],[135.34803,34.8113],[135.34735,34.81131],[135.34692,34.8113],[135.34666,34.81128],[135.34649,34.81125],[135.34634,34.81121],[135.34616,34.81114],[135.34594,34.81106],[135.34565,34.81091],[135.34537,34.81079],[135.34508,34.81063],[135.34481,34.81047],[135.3445,34.81028],[135.34438,34.81021],[135.34421,34.81013],[135.3441,34.81008],[135.34378,34.80995],[135.34353,34.80989],[135.34349,34.80989],[135.3432,34.80987],[135.34301,34.80988],[135.34246,34.8099],[135.34216,34.81003],[135.341054,34.810469]]}},{"type":"Feature","properties":{"line_name":"阪急千里線"},"geometry":{"type":"LineString","coordinates":[[135.510757,34.710265],[135.51074,34.71094],[135.51073,34.71113],[135.51075,34.71142],[135.51082,34.71163],[135.51093,34.71189],[135.51126,34.71242],[135.51147,34.71284],[135.51161,34.71319],[135.51162,34.71328],[135.51165,34.71341],[135.51167,34.71352],[135.51175,34.71386],[135.51188,34.71442],[135.5119,34.71453],[135.51196,34.71483],[135.512,34.71504],[135.51206,34.71536],[135.51207,34.71539],[135.5121,34.71555],[135.51214,34.71574],[135.51218,34.71611],[135.5122,34.71623],[135.51222,34.71641],[135.51224,34.71651],[135.51225,34.71663],[135.51227,34.71682],[135.51227,34.71698],[135.51227,34.71719],[135.51225,34.7174],[135.51221,34.71762],[135.51214,34.71793],[135.51213,34.718],[135.5121,34.71816],[135.51203,34.71835],[135.51178,34.71911],[135.5115,34.71997],[135.51126,34.7207],[135.51079,34.72218],[135.51057,34.7229],[135.51029,34.72378],[135.51027,34.72405],[135.51026,34.72462],[135.51028,34.72493],[135.51032,34.7253],[135.51033,34.7254],[135.51037,34.72569],[135.51041,34.72612],[135.51049,34.72666],[135.51059,34.72703],[135.51063,34.72712],[135.51065,34.72718],[135.51087,34.72758],[135.511,34.72778],[135.51103,34.72784],[135.51111,34.72794],[135.51137,34.72827],[135.511478,34.728437],[135.51197,34.72907],[135.51255,34.7298],[135.51272,34.73003],[135.51297,34.73035],[135.5133,34.73076],[135.51352,34.73104],[135.51372,34.73127],[135.51403,34.73167],[135.5145,34.73225],[135.51556,34.7336],[135.51576,34.73384],[135.51596,34.73413],[135.51604,34.73433],[135.51622,34.73476],[135.51623,34.73497],[135.51622,34.73549],[135.51622,34.73558],[135.51621,34.73562],[135.51619,34.73582],[135.51615,34.73619],[135.5161,34.73648],[135.51604,34.73679],[135.51602,34.73709],[135.51599,34.73736],[135.51599,34.73769],[135.51602,34.73792],[135.51611,34.73833],[135.5164,34.7387],[135.516527,34.738827],[135.51755,34.74006],[135.518,34.74055],[135.51809,34.74064],[135.51855,34.7413],[135.51867,34.74146],[135.51876,34.7416],[135.51911,34.74214],[135.5195,34.74284],[135.51967,34.74333],[135.51975,34.74361],[135.5198,34.74372],[135.5198,34.74377],[135.51982,34.7438],[135.51982,34.74385],[135.51985,34.74394],[135.51995,34.74439],[135.51998,34.74462],[135.51999,34.74519],[135.51999,34.7459],[135.51981,34.74693],[135.519893,34.746474],[135.51977,34.74709],[135.51969,34.74734],[135.51952,34.74793],[135.51951,34.74794],[135.51952,34.74797],[135.5195,34.74799],[135.5195,34.74803],[135.51948,34.74805],[135.51947,34.74811],[135.51937,34.74847],[135.51934,34.74857],[135.51928,34.74876],[135.51925,34.74886],[135.51924,34.7489],[135.51922,34.74894],[135.51921,34.749],[135.51906,34.74951],[135.51886,34.75021],[135.51879,34.75046],[135.51877,34.75047],[135.51873,34.75063],[135.51869,34.75076],[135.51836,34.75184],[135.51797,34.75325],[135.51793,34.75341],[135.51783,34.75381],[135.51782,34.75387],[135.51781,34.7539],[135.5178,34.75397],[135.51778,34.75403],[135.51772,34.7544],[135.51772,34.75479],[135.51776,34.75502],[135.51784,34.75529],[135.518,34.75556],[135.51806,34.75567],[135.51818,34.75583],[135.51821,34.75586],[135.51862,34.75634],[135.51881,34.75654],[135.51908,34.75689],[135.51916,34.75705],[135.51918,34.75711],[135.51923,34.75729],[135.51924,34.75735],[135.51924,34.7576],[135.51923,34.75773],[135.51913,34.75806],[135.51897,34.75833],[135.5188,34.75853],[135.51861,34.75874],[135.5184,34.7589],[135.51813,34.75909],[135.51801,34.75917],[135.517366,34.759675],[135.51658,34.76004],[135.51615,34.76031],[135.51591,34.76044],[135.51577,34.76053],[135.51488,34.76101],[135.51462,34.76115],[135.5141,34.76142],[135.51399,34.76149],[135.51381,34.76158],[135.51318,34.76192],[135.51289,34.76207],[135.51172,34.76267],[135.51141,34.76283],[135.51133,34.76287],[135.51129,34.76289],[135.51095,34.76308],[135.51087,34.76311],[135.51045,34.76339],[135.51023,34.76354],[135.51007,34.76367],[135.51002,34.7637],[135.50987,34.7638],[135.50984,34.76384],[135.50962,34.76398],[135.50951,34.76406],[135.50904,34.76444],[135.509005,34.764588],[135.50879,34.76471],[135.50865,34.76488],[135.50851,34.7651],[135.50844,34.76524],[135.50837,34.76535],[135.50829,34.76557],[135.50822,34.7659],[135.5082,34.76606],[135.5082,34.76635],[135.50825,34.76665],[135.50837,34.76702],[135.50848,34.76736],[135.5086,34.76775],[135.50863,34.76791],[135.50863,34.76823],[135.50857,34.76842],[135.50851,34.76851],[135.5085,34.76851],[135.50849,34.76856],[135.50843,34.76863],[135.50842,34.76866],[135.5084,34.76867],[135.50822,34.76885],[135.50811,34.76896],[135.50777,34.76922],[135.50755,34.76937],[135.50753,34.76938],[135.50749,34.7694],[135.50694,34.76977],[135.50658,34.77004],[135.50645,34.77016],[135.5063,34.77034],[135.50625,34.77042],[135.50614,34.77066],[135.506,34.77107],[135.506136,34.770984],[135.50587,34.77149],[135.50576,34.77202],[135.50574,34.77216],[135.50572,34.77224],[135.50567,34.77262],[135.50566,34.7729],[135.50565,34.77313],[135.50567,34.7738],[135.50573,34.77474],[135.50573,34.77483],[135.50577,34.77545],[135.50579,34.77595],[135.50582,34.77631],[135.50588,34.77736],[135.50586,34.77776],[135.50581,34.77797],[135.50581,34.77802],[135.50573,34.77828],[135.5057,34.77838],[135.50567,34.77847],[135.505466,34.778903],[135.50535,34.77949],[135.50533,34.77957],[135.50529,34.77986],[135.50529,34.78017],[135.50536,34.78046],[135.50538,34.78046],[135.50538,34.78051],[135.5054,34.78055],[135.50542,34.78056],[135.50542,34.7806],[135.50575,34.78122],[135.50581,34.78135],[135.50583,34.7814],[135.50612,34.78191],[135.50615,34.78194],[135.50622,34.78206],[135.50625,34.78216],[135.50627,34.78218],[135.50627,34.78221],[135.50629,34.78221],[135.50663,34.78283],[135.50665,34.78288],[135.50671,34.78299],[135.50701,34.78354],[135.50716,34.78378],[135.50746,34.78432],[135.50754,34.78445],[135.50755,34.78449],[135.50781,34.78493],[135.50783,34.78495],[135.50796,34.78521],[135.50798,34.78521],[135.50799,34.78526],[135.508,34.78527],[135.50803,34.78532],[135.50803,34.78536],[135.50805,34.78537],[135.50822,34.78576],[135.50832,34.78602],[135.50833,34.78607],[135.50835,34.78614],[135.50842,34.78638],[135.50851,34.78693],[135.50857,34.78748],[135.50859,34.78795],[135.50862,34.7888],[135.50867,34.79005],[135.50867,34.79027],[135.5087,34.79108],[135.50872,34.79146],[135.50872,34.7916],[135.508794,34.792393],[135.50878,34.79322],[135.50878,34.7935],[135.50884,34.79393],[135.50891,34.79429],[135.50903,34.79465],[135.50915,34.79493],[135.50916,34.79495],[135.50918,34.795],[135.50933,34.79522],[135.50968,34.79553],[135.51009,34.79589],[135.51085,34.79662],[135.51199,34.79762],[135.51263,34.79828],[135.51271,34.79835],[135.51298,34.79864],[135.51319,34.79885],[135.51325,34.79891],[135.51351,34.79917],[135.51377,34.79943],[135.51417,34.79989],[135.51434,34.8001],[135.5146,34.80051],[135.51477,34.80082],[135.51481,34.80087],[135.51481,34.80091],[135.51483,34.80093],[135.51488,34.80104],[135.51507,34.80155],[135.51511,34.80164],[135.51515,34.80178],[135.51522,34.80198],[135.51529,34.80227],[135.51532,34.80236],[135.51533,34.80245],[135.51537,34.80263],[135.5154,34.80275],[135.51541,34.80283],[135.51543,34.80288],[135.51548,34.80316],[135.5155,34.80324],[135.51573,34.80448],[135.515692,34.804237],[135.51575,34.80457],[135.51577,34.80465],[135.51578,34.80472],[135.51589,34.80528],[135.51607,34.80618],[135.51614,34.80654],[135.51617,34.80662],[135.51619,34.80679],[135.51622,34.80696],[135.51625,34.80718],[135.51627,34.80727],[135.51632,34.80758],[135.51638,34.80805],[135.51638,34.80823],[135.51638,34.8086],[135.51636,34.80873],[135.51634,34.80893],[135.51633,34.80895],[135.51631,34.80907],[135.5163,34.80914],[135.51625,34.80936],[135.51623,34.80941],[135.51618,34.80963],[135.516,34.81017],[135.5158,34.81067],[135.5157,34.81086],[135.51558,34.81111],[135.51546,34.81136],[135.51531,34.81164],[135.51524,34.81177],[135.51522,34.81177],[135.51522,34.81182],[135.51518,34.81188],[135.51511,34.81202],[135.51485,34.81254],[135.51466,34.81291],[135.51459,34.81304],[135.51442,34.81336],[135.51441,34.81341],[135.5144,34.81341],[135.51435,34.81352],[135.51434,34.81353],[135.51431,34.81358],[135.51415,34.81388],[135.51395,34.81427],[135.51393,34.81431],[135.51379,34.81456],[135.5136,34.81495],[135.51358,34.81497],[135.51356,34.81503],[135.51352,34.81507],[135.5135,34.81513],[135.51323,34.81565],[135.51307,34.81594],[135.51304,34.81601],[135.51279,34.81651],[135.51276,34.81653],[135.51272,34.81665],[135.5127,34.81669],[135.51267,34.81672],[135.51235,34.81735],[135.5123,34.81744],[135.51222,34.81761],[135.51194,34.81814],[135.51178,34.81845],[135.51176,34.81851],[135.51154,34.81894],[135.51152,34.81896],[135.51141,34.81917],[135.51111,34.81987]]}},{"type":"Feature","properties":{"line_name":"阪急嵐山線"},"geometry":{"type":"LineString","coordinates":[[135.703302,34.979522],[135.7035,34.98187],[135.70351,34.98189],[135.70355,34.98233],[135.70356,34.98277],[135.70356,34.98286],[135.70356,34.9829],[135.70352,34.98314],[135.70349,34.98325],[135.70335,34.98359],[135.70311,34.98394],[135.70285,34.98427],[135.70275,34.98439],[135.70261,34.98452],[135.70249,34.98463],[135.70243,34.9847],[135.7018,34.98522],[135.69981,34.98696],[135.69963,34.98711],[135.69941,34.9873],[135.69886,34.98778],[135.69858,34.98801],[135.6974,34.98902],[135.69724,34.98916],[135.69686,34.98949],[135.69661,34.98969],[135.69581,34.99036],[135.696069,34.990201],[135.69479,34.99121],[135.69469,34.99128],[135.69461,34.99136],[135.69379,34.99203],[135.69296,34.9928],[135.69284,34.99291],[135.69149,34.99415],[135.69106,34.99465],[135.69061,34.99523],[135.69059,34.99526],[135.69047,34.99545],[135.69032,34.99568],[135.69021,34.99586],[135.68999,34.9962],[135.68983,34.99648],[135.68975,34.99662],[135.68973,34.99665],[135.68952,34.99705],[135.68934,34.99746],[135.68907,34.99807],[135.68902,34.9982],[135.68898,34.99833],[135.68846,34.99969],[135.68811,35.00066],[135.688214,35.000331],[135.68716,35.00323],[135.68703,35.00359],[135.68685,35.00408],[135.6865,35.00509],[135.68609,35.00619],[135.68591,35.00663],[135.68555,35.00722],[135.68538,35.00749],[135.68515,35.00775],[135.68485,35.00804],[135.68442,35.00839],[135.68412,35.00865],[135.68376,35.00889],[135.68292,35.00948],[135.68174,35.01026],[135.681603,35.010315]]}},{"type":"Feature","properties":{"line_name":"阪急今津線"},"geometry":{"type":"LineString","coordinates":[[135.351573,34.732015],[135.35318,34.73457],[135.35467,34.73708],[135.354702,34.73715],[135.356702,34.745951],[135.35679,34.7463],[135.35668,34.74713],[135.35678,34.74765],[135.35681,34.748],[135.35687,34.74848],[135.35701,34.74948],[135.35719,34.7506],[135.35752,34.75265],[135.35762,34.75324],[135.3578,34.75423],[135.35796,34.7553],[135.35807,34.75601],[135.35812,34.7563],[135.35836,34.75779],[135.358221,34.757086],[135.35864,34.75958],[135.35891,34.76136],[135.35921,34.76312],[135.35949,34.7648],[135.35963,34.7658],[135.35966,34.76596],[135.35968,34.76608],[135.35973,34.76626],[135.359757,34.76676],[135.35989,34.76727],[135.35997,34.76828],[135.35997,34.76856],[135.35997,34.76887],[135.35994,34.76908],[135.35989,34.7693],[135.35981,34.76956],[135.3596,34.77006],[135.3593,34.7707],[135.35917,34.77094],[135.35872,34.77178],[135.35861,34.77199],[135.35774,34.77348],[135.3574,34.77413],[135.35735,34.77423],[135.35729,34.77435],[135.3572,34.77451],[135.35654,34.77565],[135.356854,34.775117],[135.35601,34.7766],[135.35587,34.77686],[135.35574,34.77709],[135.35532,34.7778],[135.35499,34.77839],[135.35484,34.77868],[135.35474,34.7789],[135.35465,34.77908],[135.35457,34.77927],[135.35446,34.77965],[135.3544,34.77997],[135.35425,34.78068],[135.35388,34.78244],[135.35347,34.78422],[135.35307,34.786],[135.353,34.7863],[135.35271,34.7878],[135.35244,34.78884],[135.35223,34.78992],[135.352282,34.789396],[135.35204,34.79129],[135.352,34.79149],[135.35192,34.79201],[135.3518,34.79307],[135.35159,34.79485],[135.35151,34.79534],[135.35146,34.79567],[135.35137,34.79601],[135.35124,34.7964],[135.35117,34.79656],[135.35114,34.79665],[135.35102,34.79687],[135.35088,34.79711],[135.350707,34.797181],[135.35071,34.79734],[135.35057,34.79752],[135.35038,34.79774],[135.35023,34.79791],[135.34976,34.79842],[135.34965,34.79853],[135.34945,34.79874],[135.34883,34.79939],[135.34815,34.80015],[135.34786,34.80048],[135.3476,34.80078],[135.34738,34.80104],[135.34699,34.8015],[135.3466,34.80195],[135.34631,34.80238],[135.3462,34.80254],[135.34604,34.80282],[135.34597,34.80297],[135.34592,34.80307],[135.34585,34.80337],[135.34581,34.80354],[135.34579,34.80377],[135.34579,34.80394],[135.34581,34.8041],[135.34584,34.80427],[135.345918,34.804256],[135.34594,34.80451],[135.346,34.80462],[135.34602,34.80466],[135.3461,34.80484],[135.34621,34.80508],[135.34638,34.80544],[135.34668,34.80607],[135.34686,34.80645],[135.34694,34.80669],[135.34699,34.80686],[135.34701,34.80706],[135.34699,34.80723],[135.34694,34.80745],[135.34686,34.80762],[135.34673,34.80778],[135.3466,34.80795],[135.34645,34.80809],[135.34626,34.80821],[135.34609,34.80831],[135.34572,34.80849],[135.34474,34.80892],[135.34381,34.80932],[135.34246,34.8099],[135.34216,34.81003],[135.341054,34.810469]]}},{"type":"Feature","properties":{"line_name":"阪急伊丹線"},"geometry":{"type":"LineString","coordinates":[[135.41585,34.752826],[135.41589,34.75325],[135.41579,34.75341],[135.41576,34.7535],[135.41574,34.7537],[135.41573,34.75411],[135.41573,34.75432],[135.41572,34.75504],[135.41572,34.75589],[135.4157,34.75633],[135.4157,34.75679],[135.41568,34.75856],[135.41568,34.7587],[135.41568,34.75942],[135.41568,34.75995],[135.41567,34.76128],[135.41566,34.7622],[135.41565,34.76373],[135.41565,34.76423],[135.41564,34.76466],[135.415532,34.764817],[135.41564,34.76547],[135.41563,34.76613],[135.41562,34.7668],[135.41561,34.76731],[135.4156,34.77099],[135.41559,34.77197],[135.41559,34.77276],[135.415479,34.772574],[135.41559,34.77349],[135.41558,34.7741],[135.41558,34.77526],[135.41557,34.77611],[135.41557,34.77653],[135.41551,34.77725],[135.41549,34.77732],[135.41549,34.77744],[135.41539,34.77781],[135.41532,34.778],[135.41522,34.77825],[135.41512,34.77843],[135.41498,34.77865],[135.41484,34.77884],[135.4146,34.7791],[135.41458,34.77911],[135.41411,34.77953],[135.41335,34.7803],[135.413618,34.779875]]}},{"type":"Feature","properties":{"line_name":"阪神本線"},"geometry":{"type":"LineString","coordinates":[[135.496745,34.701242],[135.4957,34.70066],[135.49449,34.69995],[135.49417,34.69971],[135.4931,34.69874],[135.49228,34.69801],[135.49096,34.6971],[135.49055,34.69691],[135.49008,34.69673],[135.48906,34.69636],[135.48749,34.69578],[135.488205,34.696047],[135.48433,34.69464],[135.48381,34.69447],[135.48325,34.69434],[135.48294,34.69426],[135.4821,34.69416],[135.48146,34.69413],[135.48079,34.69414],[135.48062,34.69415],[135.48025,34.69417],[135.48008,34.69418],[135.47957,34.69421],[135.47938,34.69422],[135.47662,34.69437],[135.47653,34.69438],[135.47559,34.69442],[135.47606,34.694432],[135.47553,34.69442],[135.473,34.69459],[135.46867,34.69484],[135.46807,34.6949],[135.46763,34.69498],[135.46693,34.69518],[135.46642,34.69537],[135.46601,34.69557],[135.4657,34.69575],[135.46557,34.69586],[135.46551,34.6959],[135.465249,34.696159],[135.4649,34.69649],[135.46485,34.69653],[135.46442,34.69695],[135.46368,34.69781],[135.46207,34.69977],[135.46133,34.70067],[135.45897,34.70352],[135.45858,34.70397],[135.4585,34.70405],[135.45788,34.70465],[135.45823,34.704466],[135.45782,34.70469],[135.45741,34.705],[135.45688,34.70531],[135.45641,34.70554],[135.45479,34.70624],[135.44909,34.7087],[135.44848,34.70898],[135.44821,34.70913],[135.448,34.70925],[135.44762,34.70952],[135.44721,34.70991],[135.44689,34.7103],[135.44592,34.71155],[135.44574,34.71176],[135.44569,34.71183],[135.445361,34.712245],[135.44501,34.71268],[135.44497,34.71272],[135.44362,34.7144],[135.44325,34.7148],[135.44294,34.71505],[135.44259,34.71535],[135.44141,34.7163],[135.44022,34.71726],[135.43937,34.71795],[135.4393,34.718],[135.43921,34.71805],[135.43884,34.718272],[135.43815,34.71857],[135.43806,34.7186],[135.43761,34.71873],[135.43719,34.7188],[135.43677,34.71883],[135.43625,34.7188],[135.43576,34.71876],[135.43531,34.71869],[135.43472,34.71857],[135.43408,34.71839],[135.43289,34.71799],[135.42994,34.71694],[135.4289,34.71665],[135.42852,34.7166],[135.4282,34.71658],[135.42752,34.71659],[135.42685,34.71661],[135.42669,34.71661],[135.42533,34.71669],[135.425549,34.716583],[135.4249,34.71676],[135.42443,34.71685],[135.42182,34.71747],[135.41922,34.7181],[135.41788,34.71837],[135.41675,34.71865],[135.417309,34.718634],[135.41615,34.7188],[135.41604,34.71883],[135.4157,34.71891],[135.41482,34.71912],[135.41451,34.71918],[135.41403,34.71925],[135.41353,34.71927],[135.4131,34.71928],[135.41257,34.71924],[135.41185,34.71914],[135.41054,34.71892],[135.40708,34.7183],[135.40661,34.71823],[135.4063,34.7182],[135.406,34.71819],[135.40549,34.7182],[135.40519,34.71821],[135.40509,34.71821],[135.40413,34.71831],[135.404604,34.718232],[135.40406,34.71832],[135.40131,34.71866],[135.40056,34.71874],[135.40018,34.71877],[135.39981,34.71878],[135.39954,34.71878],[135.39931,34.71877],[135.39904,34.71874],[135.39842,34.71865],[135.39779,34.71854],[135.39675,34.71831],[135.396,34.71812],[135.39591,34.7181],[135.39539,34.71793],[135.395044,34.71776],[135.39446,34.71759],[135.3944,34.71757],[135.39299,34.71715],[135.39235,34.71701],[135.3917,34.71693],[135.39004,34.71683],[135.38862,34.71679],[135.38807,34.7168],[135.38733,34.7169],[135.38688,34.71701],[135.38649,34.71714],[135.3846,34.71785],[135.38398,34.71809],[135.38391,34.71811],[135.383654,34.718154],[135.3831,34.71842],[135.38305,34.71844],[135.38276,34.71854],[135.38155,34.71892],[135.38085,34.71904],[135.38075,34.71905],[135.38014,34.71911],[135.37899,34.71918],[135.37765,34.71921],[135.3742,34.71929],[135.3722,34.71934],[135.37161,34.71941],[135.37108,34.7195],[135.37035,34.71968],[135.37036,34.719684],[135.36973,34.71987],[135.36944,34.72],[135.36906,34.7202],[135.36803,34.72085],[135.36746,34.72131],[135.36622,34.72232],[135.36558,34.72283],[135.36518,34.7231],[135.36451,34.72343],[135.36395,34.72368],[135.36385,34.72372],[135.3627,34.7242],[135.363157,34.723987],[135.36196,34.7245],[135.36082,34.72498],[135.35978,34.72543],[135.35888,34.72583],[135.35881,34.72586],[135.35851,34.72602],[135.35833,34.72611],[135.35815,34.72622],[135.3572,34.72681],[135.35658,34.72723],[135.356811,34.726975],[135.35559,34.72794],[135.35448,34.72878],[135.35211,34.7306],[135.35136,34.73118],[135.351568,34.730953],[135.35014,34.73208],[135.34818,34.73354],[135.3462,34.73501],[135.34565,34.73537],[135.34498,34.73575],[135.34438,34.736],[135.34424,34.73603],[135.34405,34.73607],[135.34387,34.7361],[135.34154,34.73642],[135.34058,34.73654],[135.33843,34.73682],[135.33737,34.73696],[135.337759,34.736858],[135.33667,34.73703],[135.33608,34.73705],[135.33541,34.73702],[135.33497,34.73695],[135.33472,34.73689],[135.3344,34.73676],[135.33374,34.73644],[135.33265,34.73579],[135.33198,34.7354],[135.33129,34.73503],[135.33066,34.73473],[135.33007,34.73456],[135.32933,34.7344],[135.328929,34.734344],[135.32845,34.73423],[135.32662,34.7339],[135.32431,34.73346],[135.32373,34.73334],[135.32208,34.73303],[135.32197,34.73301],[135.32083,34.73279],[135.32035,34.73269],[135.31798,34.73223],[135.3173,34.73208],[135.31655,34.7319],[135.31594,34.73172],[135.31519,34.73149],[135.315481,34.731616],[135.31476,34.73136],[135.31408,34.73116],[135.31293,34.7308],[135.3124,34.73064],[135.3107,34.73012],[135.3103,34.72999],[135.30837,34.72941],[135.30808,34.72932],[135.30798,34.72928],[135.30612,34.72871],[135.30604,34.72868],[135.30579,34.7286],[135.30564,34.72856],[135.30443,34.72815],[135.30435,34.72812],[135.30409,34.728],[135.303969,34.728052],[135.30301,34.72754],[135.30181,34.72705],[135.30152,34.72693],[135.30125,34.72682],[135.30089,34.72666],[135.30066,34.72656],[135.30064,34.72656],[135.29963,34.72612],[135.29936,34.726],[135.29891,34.7258],[135.29658,34.72481],[135.29248,34.72303],[135.29194,34.72279],[135.29096,34.72235],[135.291347,34.722583],[135.29048,34.72213],[135.29037,34.72209],[135.28829,34.72121],[135.28625,34.72034],[135.28536,34.71997],[135.28472,34.71966],[135.28391,34.71924],[135.28336,34.7189],[135.2828,34.71856],[135.28161,34.71771],[135.28106,34.71729],[135.28024,34.71667],[135.28062,34.71695],[135.27993,34.71644],[135.27912,34.71582],[135.27887,34.71563],[135.27853,34.71538],[135.27792,34.71499],[135.27752,34.71477],[135.27688,34.71446],[135.27619,34.71422],[135.27545,34.71401],[135.27463,34.71381],[135.27438,34.71376],[135.27422,34.71372],[135.27289,34.71342],[135.2726,34.71335],[135.27246,34.71332],[135.27058,34.7129],[135.27049,34.71288],[135.27023,34.71281],[135.27014,34.71279],[135.26923,34.71257],[135.26924,34.71262],[135.26914,34.71255],[135.26892,34.7125],[135.2684,34.71237],[135.26762,34.71219],[135.26732,34.71212],[135.2664,34.71191],[135.26602,34.71186],[135.26575,34.71184],[135.26549,34.71184],[135.26531,34.71184],[135.26523,34.71184],[135.26454,34.71194],[135.26408,34.71204],[135.26348,34.71224],[135.26344,34.71226],[135.2618,34.71286],[135.2617,34.7129],[135.261655,34.713025],[135.26083,34.71321],[135.2563,34.71486],[135.25609,34.71491],[135.25587,34.71494],[135.25561,34.71494],[135.25569,34.714895],[135.25536,34.71493],[135.25514,34.7149],[135.25498,34.71487],[135.25474,34.71482],[135.25451,34.71476],[135.25042,34.71363],[135.24998,34.71349],[135.24885,34.71315],[135.249329,34.71327],[135.24721,34.71266],[135.24646,34.71242],[135.24546,34.71214],[135.24353,34.71154],[135.24335,34.71148],[135.2433,34.71146],[135.24117,34.71079],[135.24102,34.71074],[135.24012,34.71047],[135.240565,34.710573],[135.24002,34.71043],[135.23925,34.71019],[135.23536,34.70901],[135.23223,34.70806],[135.23171,34.7079],[135.23043,34.70751],[135.231055,34.707671],[135.22981,34.70731],[135.22744,34.70657],[135.22619,34.70622],[135.22603,34.70618],[135.22568,34.70608],[135.22498,34.7059],[135.224639,34.705782],[135.22369,34.70555],[135.22326,34.70544],[135.21947,34.70445],[135.21925,34.70439],[135.21773,34.70401],[135.217962,34.704065],[135.21753,34.70396],[135.21726,34.70391],[135.21652,34.70369],[135.2159,34.70348],[135.21577,34.70342],[135.21507,34.70313],[135.2128,34.7022],[135.21226,34.70197],[135.21195,34.70181],[135.2115,34.70148],[135.21056,34.70082],[135.20997,34.70044],[135.20894,34.69994],[135.20852,34.69977],[135.20781,34.69947],[135.207968,34.699513],[135.20671,34.69899],[135.20578,34.69859],[135.20536,34.69837],[135.20491,34.69814],[135.20274,34.69718],[135.20096,34.69636],[135.19946,34.69568],[135.19714,34.69463],[135.19648,34.69435],[135.19567,34.694],[135.19504,34.69374],[135.19499,34.69372],[135.195104,34.693502],[135.19454,34.69351],[135.19423,34.69331],[135.19332,34.69261],[135.19159,34.6914],[135.19064,34.69078],[135.18951,34.69013],[135.18849,34.68959],[135.18755,34.68916],[135.187503,34.689422]]}},{"type":"Feature","properties":{"line_name":"阪神なんば線"},"geometry":{"type":"LineString","coordinates":[[135.499144,34.667113],[135.49835,34.66711],[135.49699,34.66734],[135.49533,34.66764],[135.4915,34.66802],[135.48749,34.66838],[135.48713,34.66841],[135.48675,34.66844],[135.486612,34.668559],[135.48621,34.66841],[135.48592,34.66838],[135.48514,34.66831],[135.48214,34.66784],[135.48152,34.66784],[135.48078,34.66808],[135.4799,34.66862],[135.47913,34.66944],[135.47857,34.67074],[135.478313,34.670266],[135.47831,34.67115],[135.47796,34.6717],[135.47751,34.67211],[135.47671,34.6725],[135.47528,34.6731],[135.47424,34.67354],[135.474483,34.673412],[135.47367,34.67388],[135.473,34.67428],[135.47003,34.67648],[135.46804,34.67808],[135.46765,34.67871],[135.46739,34.68001],[135.46709,34.68049],[135.46632,34.6817],[135.46582,34.68241],[135.46534,34.68309],[135.465653,34.682889],[135.46528,34.68315],[135.46487,34.68346],[135.46451,34.68366],[135.46402,34.6839],[135.46359,34.68407],[135.46301,34.68424],[135.46245,34.68437],[135.46196,34.68444],[135.46158,34.68453],[135.46093,34.68473],[135.46057,34.68487],[135.46011,34.68503],[135.45941,34.68521],[135.45887,34.6853],[135.45851,34.68535],[135.45833,34.68536],[135.45821,34.68537],[135.457817,34.68546],[135.45732,34.68538],[135.45708,34.6854],[135.45676,34.68541],[135.45653,34.68543],[135.45624,34.68544],[135.45578,34.68551],[135.45563,34.68554],[135.45532,34.68562],[135.45519,34.68566],[135.45503,34.68571],[135.45481,34.6858],[135.45467,34.68585],[135.45453,34.68593],[135.45441,34.68602],[135.45431,34.68609],[135.45412,34.68627],[135.45363,34.68685],[135.45357,34.68693],[135.45225,34.68851],[135.45217,34.6886],[135.45198,34.68883],[135.45187,34.68895],[135.45135,34.68959],[135.451559,34.689256],[135.45073,34.69033],[135.44844,34.69305],[135.44713,34.6946],[135.44601,34.69595],[135.44581,34.69618],[135.44565,34.69639],[135.44521,34.69688],[135.44296,34.69955],[135.442692,34.699791],[135.44251,34.7001],[135.44202,34.70072],[135.44177,34.70104],[135.44158,34.70128],[135.44101,34.702],[135.44096,34.70205],[135.43955,34.70387],[135.43718,34.70683],[135.43714,34.70689],[135.436921,34.707173],[135.43655,34.70765],[135.4341,34.71079],[135.43237,34.71297],[135.43236,34.71298],[135.43149,34.7141],[135.43121,34.71446],[135.43096,34.71472],[135.43073,34.71492],[135.43052,34.71507],[135.43025,34.71521],[135.42993,34.71534],[135.42955,34.71548],[135.42889,34.71567],[135.42664,34.71624],[135.42652,34.71627],[135.4253,34.71661],[135.425549,34.716583],[135.42488,34.71671],[135.42441,34.7168],[135.4218,34.71742],[135.4192,34.71805],[135.41788,34.71837],[135.41675,34.71865],[135.417309,34.718634]]}},{"type":"Feature","properties":{"line_name":"阪神武庫川線"},"geometry":{"type":"LineString","coordinates":[[135.383654,34.718154],[135.38104,34.71805],[135.38044,34.71705],[135.37999,34.7161],[135.37972,34.71539],[135.37954,34.71484],[135.37937,34.71426],[135.37929,34.71383],[135.3792,34.71305],[135.3791,34.71239],[135.379065,34.712646],[135.37902,34.7119],[135.37883,34.71118],[135.37867,34.71061],[135.37855,34.71032],[135.3781,34.70931],[135.378049,34.709046],[135.37782,34.70869],[135.37753,34.70801],[135.37731,34.70754],[135.37718,34.70735],[135.37701,34.70716],[135.37606,34.70658],[135.37577,34.70638],[135.37557,34.7062],[135.37537,34.70592],[135.375,34.70523],[135.37471,34.70464],[135.374757,34.704894]]}},{"type":"Feature","properties":{"line_name":"京阪本線・鴨東線"},"geometry":{"type":"LineString","coordinates":[[135.501648,34.692456],[135.50344,34.69215],[135.50385,34.69211],[135.50423,34.69208],[135.50474,34.69207],[135.50586,34.69195],[135.50655,34.69187],[135.50689,34.69176],[135.50683,34.691799],[135.50829,34.69125],[135.50877,34.6911],[135.50898,34.69104],[135.50928,34.69091],[135.50971,34.69079],[135.51028,34.69067],[135.51198,34.69055],[135.51299,34.69052],[135.51403,34.69046],[135.51552,34.6904],[135.51707,34.69039],[135.516633,34.6902],[135.51751,34.6904],[135.51809,34.69045],[135.51915,34.69066],[135.51967,34.69082],[135.52015,34.69098],[135.52104,34.69146],[135.52116,34.69153],[135.52169,34.69182],[135.52173,34.69185],[135.52221,34.69211],[135.52263,34.69233],[135.52287,34.69246],[135.52344,34.69271],[135.52415,34.69301],[135.52436,34.69309],[135.5244,34.69311],[135.5245,34.69314],[135.52506,34.69336],[135.52595,34.69371],[135.52645,34.69395],[135.52722,34.69434],[135.5281,34.69483],[135.52822,34.6949],[135.52913,34.6954],[135.52976,34.69576],[135.53034,34.69608],[135.53069,34.69625],[135.53096,34.6964],[135.53154,34.69666],[135.532182,34.697052],[135.53329,34.69738],[135.5336,34.69757],[135.53383,34.69769],[135.53412,34.69782],[135.53462,34.69797],[135.53484,34.69803],[135.53592,34.69829],[135.53637,34.69845],[135.53691,34.69868],[135.53719,34.69884],[135.53753,34.69906],[135.53769,34.69919],[135.53793,34.69943],[135.53845,34.70013],[135.53924,34.70128],[135.53973,34.70199],[135.54038,34.70297],[135.54042,34.703],[135.54077,34.70351],[135.54118,34.70413],[135.54128,34.70431],[135.54146,34.70456],[135.54149,34.7046],[135.54179,34.70503],[135.54195,34.70527],[135.54202,34.70537],[135.54215,34.70555],[135.54222,34.70566],[135.54227,34.70574],[135.54229,34.70578],[135.54231,34.7058],[135.54266,34.7063],[135.54272,34.70639],[135.54279,34.70649],[135.54293,34.7067],[135.54298,34.70678],[135.543356,34.707223],[135.54369,34.70782],[135.54374,34.70788],[135.5439,34.70812],[135.54395,34.7082],[135.54478,34.70941],[135.54484,34.7095],[135.54496,34.70967],[135.54501,34.70975],[135.54535,34.71025],[135.54539,34.71031],[135.54552,34.7105],[135.54559,34.7106],[135.54605,34.71127],[135.54622,34.71152],[135.54624,34.71155],[135.54639,34.71177],[135.54642,34.71181],[135.54657,34.71202],[135.54671,34.71223],[135.546953,34.71252],[135.54726,34.71302],[135.54731,34.7131],[135.54738,34.71319],[135.54743,34.71327],[135.5475,34.71337],[135.54753,34.71341],[135.54779,34.71379],[135.54787,34.71392],[135.54798,34.71408],[135.54803,34.71414],[135.54807,34.71421],[135.54826,34.7145],[135.54829,34.71452],[135.54832,34.71457],[135.54875,34.71519],[135.54879,34.71525],[135.54882,34.7153],[135.54908,34.71568],[135.54914,34.71576],[135.54919,34.71583],[135.5494,34.71614],[135.54993,34.71692],[135.54998,34.71699],[135.55011,34.71718],[135.55014,34.71723],[135.5502,34.71731],[135.55064,34.71794],[135.55087,34.71827],[135.55125,34.71881],[135.55131,34.7189],[135.551686,34.719419],[135.55205,34.72001],[135.55209,34.72007],[135.55242,34.72053],[135.5527,34.72096],[135.55307,34.72148],[135.55313,34.72157],[135.55321,34.72169],[135.55327,34.72177],[135.55332,34.72185],[135.55352,34.72215],[135.55391,34.72272],[135.5541,34.72299],[135.55427,34.72324],[135.55439,34.72341],[135.5544,34.72344],[135.554741,34.723966],[135.55524,34.72467],[135.55532,34.72479],[135.5554,34.7249],[135.55618,34.72603],[135.5568,34.72695],[135.55683,34.72697],[135.55713,34.72741],[135.557463,34.727868],[135.55776,34.72839],[135.55781,34.72848],[135.55794,34.72867],[135.55814,34.72894],[135.55822,34.72903],[135.55831,34.72914],[135.55837,34.72922],[135.55851,34.72937],[135.55861,34.72947],[135.55894,34.72985],[135.55898,34.72988],[135.55933,34.73023],[135.559763,34.730577],[135.56024,34.73104],[135.56221,34.73274],[135.56226,34.73277],[135.56405,34.73433],[135.56427,34.73451],[135.5651,34.73521],[135.565273,34.735323],[135.56606,34.73599],[135.56665,34.73639],[135.56725,34.73674],[135.56746,34.73685],[135.56813,34.73714],[135.56846,34.73727],[135.56871,34.73735],[135.56879,34.73738],[135.56912,34.73749],[135.56972,34.73762],[135.57054,34.73772],[135.57124,34.73775],[135.57165,34.73775],[135.57259,34.73775],[135.57365,34.73769],[135.57452,34.73759],[135.57455,34.73758],[135.57465,34.73758],[135.57474,34.73756],[135.57493,34.73754],[135.57685,34.73714],[135.5759,34.737309],[135.57779,34.73713],[135.57824,34.73717],[135.57852,34.7372],[135.57899,34.73728],[135.57937,34.73737],[135.57994,34.7375],[135.58205,34.73795],[135.58395,34.73825],[135.583224,34.73809],[135.58405,34.73826],[135.58545,34.73844],[135.58571,34.73848],[135.58622,34.73855],[135.58846,34.73886],[135.58901,34.73897],[135.58929,34.73904],[135.58969,34.73915],[135.58991,34.73923],[135.5906,34.73953],[135.59109,34.73976],[135.591484,34.73994],[135.59218,34.74033],[135.59309,34.7407],[135.59391,34.74098],[135.59463,34.74122],[135.59667,34.74185],[135.59779,34.7422],[135.59841,34.74235],[135.59912,34.74248],[135.59965,34.74254],[135.60088,34.7426],[135.6014,34.74266],[135.60179,34.74273],[135.60218,34.74282],[135.60249,34.7429],[135.602667,34.742962],[135.60292,34.74302],[135.60338,34.7432],[135.6038,34.74344],[135.60444,34.74378],[135.60563,34.74452],[135.60743,34.74565],[135.60833,34.74618],[135.60887,34.74648],[135.61049,34.74717],[135.61055,34.7472],[135.61118,34.747453],[135.61195,34.74783],[135.61248,34.74815],[135.61277,34.74842],[135.61309,34.74874],[135.61348,34.7492],[135.61455,34.75044],[135.61553,34.75164],[135.61681,34.75325],[135.61695,34.75339],[135.61706,34.7535],[135.61743,34.75395],[135.61762,34.75423],[135.61769,34.75433],[135.61778,34.75451],[135.61789,34.75481],[135.61796,34.75523],[135.61799,34.75571],[135.61797,34.7561],[135.61797,34.75619],[135.61793,34.75675],[135.61791,34.75701],[135.61789,34.75735],[135.61789,34.75809],[135.61792,34.75825],[135.61807,34.75873],[135.61841,34.75967],[135.61902,34.7613],[135.61924,34.76185],[135.6195,34.76248],[135.6196,34.76267],[135.61977,34.76295],[135.61999,34.76322],[135.62006,34.76331],[135.62024,34.7635],[135.62085,34.76409],[135.620603,34.763893],[135.62134,34.76451],[135.62145,34.76461],[135.62213,34.76519],[135.62218,34.76522],[135.62337,34.76635],[135.62427,34.76723],[135.62455,34.76756],[135.62474,34.76783],[135.62493,34.76815],[135.62506,34.76843],[135.62518,34.76882],[135.62523,34.76905],[135.62529,34.76981],[135.62535,34.77207],[135.62536,34.77251],[135.62537,34.77259],[135.62537,34.77275],[135.62538,34.77287],[135.6254,34.77306],[135.6254,34.77318],[135.62544,34.7735],[135.62554,34.77392],[135.62566,34.7742],[135.62586,34.77458],[135.62689,34.77634],[135.62881,34.77958],[135.62981,34.78133],[135.63,34.7817],[135.63013,34.78194],[135.63046,34.78275],[135.63069,34.78334],[135.63078,34.7837],[135.63083,34.78394],[135.63105,34.78518],[135.630927,34.784613],[135.63127,34.78639],[135.63145,34.7875],[135.63155,34.78819],[135.63156,34.78861],[135.63151,34.7891],[135.63142,34.78956],[135.63142,34.78958],[135.63127,34.79004],[135.63111,34.79044],[135.63009,34.79252],[135.62983,34.79312],[135.62973,34.79343],[135.62964,34.79374],[135.62958,34.79412],[135.62957,34.79443],[135.62956,34.79477],[135.62963,34.7958],[135.62974,34.79652],[135.62987,34.7971],[135.62998,34.79742],[135.630124,34.797745],[135.63036,34.7981],[135.63086,34.79879],[135.63105,34.79902],[135.63131,34.7993],[135.63234,34.80034],[135.63432,34.80237],[135.63469,34.80281],[135.6356,34.80392],[135.63593,34.80442],[135.63611,34.80475],[135.63645,34.80556],[135.63661,34.80593],[135.6374,34.80792],[135.63763,34.80843],[135.6379,34.80895],[135.63838,34.8098],[135.63847,34.80995],[135.63911,34.81104],[135.639465,34.811526],[135.63988,34.81221],[135.6402,34.81266],[135.64059,34.81317],[135.64099,34.81357],[135.6412,34.81373],[135.64142,34.81388],[135.64166,34.814],[135.64218,34.81418],[135.64247,34.81427],[135.64273,34.81433],[135.64313,34.81438],[135.64356,34.8144],[135.64367,34.81441],[135.64429,34.8144],[135.64504,34.81442],[135.64565,34.81448],[135.64599,34.81455],[135.64643,34.81468],[135.64706,34.8149],[135.64757,34.81514],[135.6479,34.81535],[135.64818,34.81556],[135.64823,34.81561],[135.648814,34.816171],[135.64921,34.81687],[135.64997,34.81858],[135.65029,34.8194],[135.6504,34.81978],[135.65048,34.82012],[135.65051,34.82053],[135.65051,34.82094],[135.65045,34.82135],[135.65039,34.82158],[135.65037,34.82165],[135.65006,34.82243],[135.64993,34.82278],[135.64988,34.82299],[135.64987,34.82305],[135.64983,34.82322],[135.64983,34.82328],[135.64982,34.82347],[135.64984,34.82388],[135.64991,34.82427],[135.65009,34.82477],[135.65029,34.82513],[135.65047,34.82535],[135.65099,34.82596],[135.65244,34.82747],[135.65378,34.82887],[135.65421,34.82946],[135.653969,34.829178],[135.65429,34.82964],[135.65485,34.83115],[135.65505,34.83165],[135.65528,34.83205],[135.6556,34.8325],[135.65591,34.83283],[135.65619,34.83307],[135.65704,34.83366],[135.65826,34.83447],[135.66097,34.83623],[135.66151,34.83657],[135.66174,34.83678],[135.66189,34.83696],[135.66266,34.83796],[135.66289,34.8383],[135.66315,34.8388],[135.66349,34.83964],[135.66357,34.8399],[135.66374,34.84044],[135.66382,34.84068],[135.66392,34.84093],[135.66406,34.84131],[135.66422,34.84172],[135.66449,34.84224],[135.66473,34.84269],[135.66488,34.84294],[135.66515,34.84332],[135.66541,34.84366],[135.665584,34.843868],[135.66595,34.84434],[135.66608,34.8445],[135.66694,34.84558],[135.66789,34.84676],[135.6686,34.84752],[135.66931,34.84829],[135.66959,34.84859],[135.66993,34.84896],[135.67034,34.84942],[135.67052,34.84969],[135.67065,34.84994],[135.67077,34.85028],[135.67093,34.85093],[135.67097,34.85124],[135.67099,34.85135],[135.67101,34.85148],[135.67109,34.85196],[135.67114,34.85233],[135.6712,34.85275],[135.67124,34.85305],[135.67128,34.85319],[135.67138,34.85353],[135.67155,34.85398],[135.67172,34.85441],[135.67193,34.85483],[135.67215,34.8552],[135.67259,34.85599],[135.67277,34.85636],[135.6731,34.85713],[135.67397,34.85908],[135.67441,34.86002],[135.67487,34.86098],[135.67505,34.86132],[135.67518,34.86157],[135.675352,34.861977],[135.67579,34.86265],[135.67581,34.8627],[135.67594,34.86293],[135.67626,34.86352],[135.67631,34.86363],[135.67663,34.86423],[135.67683,34.86465],[135.67688,34.86475],[135.67701,34.86511],[135.67709,34.86548],[135.67712,34.86586],[135.67714,34.86624],[135.67714,34.8666],[135.67714,34.86671],[135.67708,34.86771],[135.67707,34.86845],[135.67709,34.86865],[135.67712,34.86901],[135.6772,34.86943],[135.67732,34.86995],[135.67754,34.87056],[135.67787,34.87135],[135.67834,34.8722],[135.67851,34.87251],[135.67963,34.87444],[135.67999,34.87515],[135.68003,34.87523],[135.68017,34.87555],[135.68042,34.87629],[135.68055,34.8771],[135.68068,34.87795],[135.68073,34.87811],[135.68089,34.87843],[135.6813,34.87906],[135.68155,34.87942],[135.68169,34.87955],[135.68221,34.88006],[135.6823,34.88013],[135.68304,34.88071],[135.6833,34.88096],[135.68377,34.88147],[135.68424,34.882],[135.684251,34.882042],[135.68465,34.88251],[135.68483,34.88277],[135.68499,34.883],[135.68518,34.88322],[135.68533,34.8834],[135.68564,34.88368],[135.68596,34.88394],[135.68627,34.88416],[135.68662,34.88434],[135.68725,34.88457],[135.68784,34.88474],[135.6892,34.88496],[135.69002,34.88517],[135.6909,34.88543],[135.69253,34.88601],[135.69325,34.88628],[135.69383,34.88643],[135.69417,34.88649],[135.69419,34.88649],[135.69466,34.88651],[135.69511,34.88652],[135.69549,34.8865],[135.69583,34.88646],[135.69622,34.88636],[135.69652,34.88626],[135.69704,34.88603],[135.69737,34.88585],[135.69808,34.8854],[135.69852,34.88516],[135.699,34.88492],[135.69904,34.8849],[135.6995,34.88475],[135.70004,34.88463],[135.69996,34.884651],[135.70055,34.88456],[135.70078,34.88455],[135.70095,34.88454],[135.70155,34.88458],[135.70177,34.88462],[135.70195,34.88464],[135.70209,34.88469],[135.70232,34.88476],[135.70271,34.88494],[135.70317,34.88516],[135.70322,34.88518],[135.70356,34.88539],[135.70362,34.88542],[135.70392,34.88566],[135.70418,34.88594],[135.70486,34.88669],[135.70646,34.88846],[135.70662,34.88864],[135.70702,34.88916],[135.70718,34.88946],[135.70728,34.88976],[135.70739,34.8902],[135.70743,34.89038],[135.70743,34.89045],[135.70743,34.89058],[135.70739,34.89118],[135.70732,34.89164],[135.70717,34.89209],[135.70706,34.89243],[135.70702,34.89252],[135.70631,34.89439],[135.70619,34.89478],[135.70617,34.89486],[135.70614,34.895],[135.70609,34.89524],[135.70609,34.89545],[135.70611,34.89573],[135.70613,34.89583],[135.70619,34.89616],[135.70623,34.89632],[135.70635,34.8967],[135.70645,34.89694],[135.7066,34.8972],[135.70678,34.89745],[135.707,34.89771],[135.70722,34.89793],[135.70749,34.89817],[135.70777,34.89839],[135.71055,34.90009],[135.71084,34.90025],[135.71108,34.90038],[135.71232,34.90104],[135.71382,34.90176],[135.7139,34.9018],[135.71426,34.90197],[135.71472,34.90222],[135.71502,34.90238],[135.71723,34.90359],[135.71757,34.90377],[135.717889,34.903979],[135.718435,34.904416],[135.71907,34.9049],[135.720008,34.905691],[135.721984,34.90734],[135.72213,34.90745],[135.72266,34.90784],[135.72303,34.90809],[135.7233,34.90823],[135.72379,34.90847],[135.72417,34.90863],[135.7245,34.90877],[135.72499,34.90893],[135.72545,34.90905],[135.72611,34.9092],[135.72725,34.90938],[135.72819,34.9095],[135.72879,34.90957],[135.72999,34.90972],[135.73028,34.90976],[135.73061,34.90983],[135.73096,34.90992],[135.73201,34.91024],[135.73261,34.91047],[135.73406,34.91106],[135.7348,34.9114],[135.7354,34.91168],[135.73605,34.91205],[135.73644,34.91229],[135.7369,34.91265],[135.73723,34.91296],[135.73779,34.91353],[135.73784,34.91359],[135.73813,34.91401],[135.73902,34.91551],[135.74012,34.91741],[135.74046,34.91801],[135.74061,34.91826],[135.74068,34.91838],[135.74078,34.91849],[135.74095,34.91863],[135.74128,34.91884],[135.74163,34.91903],[135.74196,34.91919],[135.74242,34.91938],[135.74304,34.91957],[135.7441,34.9199],[135.74582,34.92041],[135.74678,34.92073],[135.74694,34.9208],[135.74716,34.92092],[135.74956,34.92238],[135.75088,34.9231],[135.75331,34.92449],[135.75378,34.92475],[135.7556,34.92578],[135.75606,34.92604],[135.75667,34.92633],[135.75719,34.92656],[135.75786,34.92666],[135.75888,34.92675],[135.75933,34.92679],[135.75985,34.92682],[135.760174,34.926875],[135.76104,34.92698],[135.7616,34.92721],[135.76213,34.92749],[135.76236,34.92765],[135.76287,34.928],[135.76309,34.9282],[135.76333,34.92842],[135.76356,34.92863],[135.76374,34.92888],[135.76399,34.92925],[135.76407,34.92936],[135.76419,34.92968],[135.76423,34.92987],[135.76429,34.93018],[135.76433,34.93076],[135.76436,34.93114],[135.76436,34.93166],[135.76436,34.93219],[135.76436,34.93282],[135.764368,34.932599],[135.76437,34.93297],[135.76441,34.9342],[135.76442,34.93439],[135.76451,34.93491],[135.76465,34.9353],[135.76469,34.93542],[135.76482,34.93567],[135.76511,34.93626],[135.76528,34.93674],[135.76533,34.93709],[135.76535,34.93759],[135.76539,34.93825],[135.765457,34.938879],[135.76545,34.93959],[135.7655,34.93981],[135.76558,34.94014],[135.76569,34.94056],[135.76589,34.94086],[135.76619,34.9412],[135.76647,34.94148],[135.76686,34.94195],[135.76699,34.94218],[135.76727,34.94263],[135.76749,34.94316],[135.76772,34.94387],[135.76783,34.9442],[135.76826,34.94556],[135.76864,34.94672],[135.76896,34.94771],[135.769,34.94783],[135.76921,34.94851],[135.769126,34.948206],[135.76947,34.94937],[135.76952,34.94968],[135.76956,34.94992],[135.76959,34.95007],[135.76962,34.95046],[135.76962,34.95086],[135.76962,34.95168],[135.76969,34.95222],[135.76978,34.95303],[135.76982,34.95324],[135.77014,34.9556],[135.77018,34.95599],[135.7702,34.95614],[135.770191,34.956782],[135.77024,34.95762],[135.77018,34.96062],[135.77017,34.9611],[135.77017,34.96205],[135.77016,34.9633],[135.77012,34.96473],[135.770154,34.964247],[135.77008,34.96515],[135.76996,34.96554],[135.76975,34.96605],[135.76932,34.96708],[135.76926,34.9673],[135.76926,34.96745],[135.76926,34.96768],[135.76927,34.96832],[135.76927,34.96844],[135.769279,34.968966],[135.76934,34.96982],[135.76935,34.97004],[135.7694,34.97074],[135.76948,34.97106],[135.76969,34.97197],[135.76982,34.97242],[135.76994,34.97293],[135.76997,34.97305],[135.77,34.97317],[135.77002,34.97348],[135.770004,34.973632],[135.77,34.97447],[135.76996,34.97546],[135.76986,34.97604],[135.76975,34.97637],[135.7697,34.97659],[135.76966,34.97692],[135.76972,34.97741],[135.76983,34.97777],[135.77004,34.97816],[135.77025,34.97848],[135.77043,34.97886],[135.77049,34.97908],[135.77044,34.97961],[135.77015,34.98083],[135.77012,34.98095],[135.769998,34.981351],[135.7699,34.98191],[135.76987,34.98203],[135.76963,34.98292],[135.76959,34.9833],[135.76958,34.98354],[135.76956,34.98483],[135.76952,34.98523],[135.7695,34.9855],[135.76947,34.98568],[135.76937,34.98592],[135.76905,34.98666],[135.76865,34.98721],[135.76783,34.98813],[135.76777,34.98849],[135.76767,34.98955],[135.767846,34.989322],[135.7676,34.99065],[135.7676,34.99146],[135.76767,34.99208],[135.76792,34.99429],[135.76814,34.99508],[135.76845,34.99597],[135.768378,34.995691],[135.76895,34.99716],[135.76983,34.99908],[135.77026,34.99982],[135.77099,35.00103],[135.77175,35.00275],[135.77181,35.00291],[135.77196,35.00323],[135.77203,35.00374],[135.771961,35.003689],[135.77208,35.00398],[135.77229,35.00544],[135.77233,35.00642],[135.77234,35.00761],[135.77233,35.00821],[135.77234,35.00902],[135.772274,35.009114],[135.77234,35.00937],[135.77235,35.00961],[135.77237,35.01027],[135.77236,35.01095],[135.77237,35.01193],[135.77235,35.01313],[135.77235,35.0132],[135.77234,35.01368],[135.77233,35.01452],[135.77231,35.0154],[135.7723,35.01578],[135.7723,35.01582],[135.77227,35.01674],[135.77227,35.01747],[135.77226,35.01757],[135.77225,35.0177],[135.772161,35.017669],[135.77224,35.01859],[135.77224,35.01867],[135.77224,35.01902],[135.77223,35.02175],[135.77223,35.02225],[135.77227,35.02365],[135.77231,35.02529],[135.77231,35.02537],[135.77231,35.02545],[135.77241,35.02751],[135.77241,35.02759],[135.77241,35.02804],[135.77242,35.02865],[135.77241,35.02887],[135.77241,35.02906],[135.77249,35.02962],[135.77244,35.029613]]}},{"type":"Feature","properties":{"line_name":"京阪中之島線"},"geometry":{"type":"LineString","coordinates":[[135.487373,34.691504],[135.4884,34.69203],[135.48891,34.69237],[135.49072,34.69314],[135.49346,34.69372],[135.49532,34.69397],[135.49542,34.693916],[135.49649,34.69412],[135.49765,34.69428],[135.49999,34.69436],[135.500412,34.694296],[135.50195,34.69436],[135.50319,34.69418],[135.50439,34.69387],[135.50665,34.69276],[135.506594,34.692829],[135.50743,34.69248],[135.50855,34.69209],[135.51077,34.69131],[135.51257,34.6908],[135.51552,34.6904],[135.51707,34.69039],[135.516633,34.6902]]}},{"type":"Feature","properties":{"line_name":"京阪交野線"},"geometry":{"type":"LineString","coordinates":[[135.648814,34.816171],[135.6495,34.81674],[135.64966,34.8168],[135.64984,34.81685],[135.65005,34.8169],[135.65031,34.81693],[135.65063,34.81695],[135.6509,34.81693],[135.65116,34.8169],[135.65144,34.81684],[135.65169,34.81674],[135.65216,34.81652],[135.65258,34.8163],[135.65286,34.81617],[135.65318,34.81604],[135.6535,34.81594],[135.65416,34.81578],[135.65482,34.8156],[135.65504,34.81551],[135.6553,34.81537],[135.65564,34.81515],[135.65587,34.81496],[135.65611,34.81472],[135.65627,34.81453],[135.65649,34.81418],[135.65653,34.81409],[135.65685,34.81326],[135.65663,34.813649],[135.65687,34.81321],[135.65694,34.81301],[135.65771,34.81095],[135.65791,34.81045],[135.65818,34.80989],[135.65849,34.80934],[135.65879,34.80893],[135.65946,34.80806],[135.659755,34.807696],[135.66019,34.80713],[135.66087,34.80624],[135.66391,34.80222],[135.66448,34.8015],[135.664221,34.801828],[135.66633,34.7991],[135.6666,34.79875],[135.66722,34.79794],[135.66735,34.79778],[135.66967,34.79474],[135.67011,34.79416],[135.669868,34.794376],[135.67397,34.7891],[135.67534,34.78731],[135.675595,34.786924],[135.67594,34.78652],[135.67622,34.78617],[135.67734,34.78475],[135.67899,34.78258],[135.68066,34.7804],[135.68209,34.77852],[135.68227,34.77828],[135.68377,34.77632],[135.68396,34.77607],[135.68544,34.77411],[135.685617,34.77386],[135.68587,34.77355],[135.68619,34.77304],[135.68639,34.77264],[135.68652,34.7723],[135.68667,34.77175],[135.68683,34.77096],[135.68691,34.77039],[135.68694,34.76996],[135.68694,34.76936],[135.6869,34.76902],[135.68686,34.76878],[135.68679,34.76852],[135.68665,34.76796],[135.686569,34.767671]]}},{"type":"Feature","properties":{"line_name":"京阪宇治線"},"geometry":{"type":"LineString","coordinates":[[135.760174,34.926875],[135.76106,34.92674],[135.7616,34.92683],[135.76303,34.92687],[135.7661,34.92696],[135.76649,34.92697],[135.7666,34.92701],[135.76738,34.92756],[135.76852,34.928],[135.768642,34.928103],[135.76939,34.9283],[135.77072,34.92869],[135.77139,34.92882],[135.77202,34.92888],[135.77269,34.92888],[135.77453,34.92869],[135.775,34.92871],[135.77542,34.92882],[135.77577,34.92899],[135.77693,34.92966],[135.77788,34.93009],[135.77848,34.93029],[135.7791,34.93041],[135.77979,34.93051],[135.78072,34.93064],[135.78134,34.93072],[135.78306,34.93096],[135.78396,34.93109],[135.783683,34.931056],[135.78422,34.93113],[135.78893,34.93184],[135.79086,34.93214],[135.79141,34.93218],[135.79215,34.93219],[135.79273,34.93212],[135.79321,34.93201],[135.793322,34.932017],[135.79374,34.93183],[135.79398,34.93173],[135.79445,34.93147],[135.79448,34.93145],[135.7948,34.93123],[135.79523,34.93087],[135.79566,34.93044],[135.79586,34.93011],[135.79611,34.92955],[135.79614,34.92901],[135.7961,34.92666],[135.79609,34.92578],[135.796047,34.925859],[135.79609,34.92561],[135.79606,34.92347],[135.7961,34.92277],[135.79616,34.92249],[135.79619,34.92233],[135.79632,34.922],[135.79675,34.92117],[135.79753,34.9199],[135.79781,34.91947],[135.79951,34.91675],[135.8001,34.9158],[135.80027,34.91561],[135.80031,34.91558],[135.80042,34.91548],[135.80057,34.91537],[135.80079,34.91525],[135.80101,34.91516],[135.80159,34.91496],[135.80218,34.91475],[135.80246,34.91459],[135.80257,34.91451],[135.8026,34.91449],[135.80272,34.91438],[135.802656,34.914335],[135.80288,34.91418],[135.80299,34.914],[135.80315,34.91354],[135.80384,34.91154],[135.80535,34.90721],[135.80596,34.90546],[135.80605,34.90506],[135.80607,34.90466],[135.80603,34.90434],[135.80589,34.90392],[135.8057,34.9033],[135.8055,34.90264],[135.80547,34.90212],[135.80552,34.90167],[135.80565,34.90117],[135.8062,34.89945],[135.806339,34.898976],[135.80654,34.89847],[135.80659,34.89832],[135.80659,34.8983],[135.80665,34.89804],[135.80667,34.89756],[135.80665,34.89717],[135.80663,34.89708],[135.80636,34.89585],[135.80634,34.89559],[135.80633,34.89473],[135.806229,34.894678]]}},{"type":"Feature","properties":{"line_name":"近鉄奈良線"},"geometry":{"type":"LineString","coordinates":[[135.499144,34.667113],[135.505818,34.666949],[135.522189,34.665513],[135.530605,34.665282],[135.549917,34.664788],[135.563516,34.664092],[135.56463,34.66411],[135.56518,34.66413],[135.56672,34.66417],[135.56868,34.66422],[135.56985,34.66424],[135.57022,34.66424],[135.572,34.66425],[135.57207,34.66425],[135.57249,34.66425],[135.57379,34.66424],[135.573179,34.664276],[135.5772,34.66414],[135.5785,34.6641],[135.57929,34.66406],[135.58066,34.664],[135.58198,34.66396],[135.5815,34.66394],[135.58418,34.66388],[135.58741,34.66378],[135.58765,34.66377],[135.58872,34.66374],[135.59011,34.66371],[135.589475,34.663721],[135.59113,34.66368],[135.59461,34.66359],[135.59474,34.66358],[135.59767,34.66348],[135.59803,34.66347],[135.59919,34.66343],[135.6015,34.66334],[135.60209,34.66332],[135.605,34.66322],[135.60776,34.66313],[135.608315,34.66311],[135.60895,34.66309],[135.61199,34.66297],[135.61547,34.66284],[135.61773,34.66276],[135.618347,34.662713],[135.61913,34.66271],[135.62095,34.66264],[135.62148,34.66262],[135.62203,34.66258],[135.62218,34.66258],[135.62631,34.66238],[135.62727,34.66235],[135.626808,34.662388],[135.62839,34.66232],[135.62994,34.66228],[135.63148,34.66223],[135.63253,34.66221],[135.63306,34.66219],[135.63458,34.66215],[135.635,34.66214],[135.63514,34.66213],[135.63641,34.66209],[135.63768,34.66206],[135.63844,34.66203],[135.63858,34.66202],[135.63904,34.66201],[135.639143,34.66196],[135.63984,34.66197],[135.64079,34.6619],[135.64125,34.66189],[135.64182,34.66193],[135.6422,34.66197],[135.64282,34.6621],[135.64346,34.6623],[135.6439,34.66246],[135.64439,34.66268],[135.64493,34.66298],[135.64536,34.6633],[135.6459,34.66385],[135.6464,34.66452],[135.64672,34.66503],[135.64687,34.66537],[135.64711,34.66616],[135.64714,34.66625],[135.64721,34.6665],[135.64761,34.66798],[135.64783,34.66875],[135.64795,34.66921],[135.64816,34.66987],[135.648067,34.669579],[135.64819,34.66993],[135.64845,34.67028],[135.64855,34.67044],[135.64873,34.67069],[135.64907,34.67118],[135.64939,34.67159],[135.6496,34.67184],[135.64989,34.67224],[135.65001,34.67241],[135.65005,34.67248],[135.65011,34.67258],[135.65019,34.67269],[135.65048,34.67327],[135.65059,34.67357],[135.65069,34.67389],[135.65074,34.6741],[135.65084,34.67441],[135.65095,34.67481],[135.65097,34.67486],[135.651086,34.675181],[135.65126,34.67553],[135.65127,34.67556],[135.65148,34.676],[135.65179,34.67672],[135.65184,34.67684],[135.65194,34.67702],[135.65213,34.67743],[135.65236,34.67787],[135.65238,34.67791],[135.65249,34.67811],[135.65252,34.67816],[135.65275,34.67859],[135.65279,34.67868],[135.65284,34.67878],[135.65294,34.67902],[135.65303,34.67937],[135.65307,34.67957],[135.65307,34.67978],[135.65306,34.68054],[135.65307,34.68102],[135.65312,34.68125],[135.65318,34.68149],[135.65319,34.68153],[135.65326,34.68177],[135.65339,34.68212],[135.65348,34.68231],[135.6536,34.68257],[135.65363,34.68262],[135.65366,34.68268],[135.65374,34.68281],[135.65383,34.68298],[135.65393,34.68315],[135.65408,34.6834],[135.65447,34.68402],[135.65451,34.68409],[135.65471,34.6844],[135.65486,34.68462],[135.65498,34.68475],[135.654996,34.684739],[135.65513,34.68494],[135.65531,34.68513],[135.65541,34.68523],[135.65551,34.68531],[135.65561,34.68539],[135.65571,34.68548],[135.65633,34.686],[135.65643,34.68608],[135.65747,34.68695],[135.65862,34.68762],[135.65902,34.68786],[135.65938,34.68805],[135.65999,34.68828],[135.66013,34.68829],[135.66056,34.68833],[135.66081,34.68835],[135.66126,34.68841],[135.66134,34.68842],[135.6618,34.68848],[135.66229,34.68855],[135.66256,34.68858],[135.66288,34.68861],[135.66344,34.6887],[135.66361,34.68871],[135.66408,34.68877],[135.6642,34.68879],[135.66425,34.68879],[135.6647,34.68885],[135.66522,34.68891],[135.66524,34.68891],[135.66571,34.68898],[135.66629,34.68904],[135.66681,34.68911],[135.66691,34.68911],[135.66737,34.68918],[135.66747,34.68918],[135.66791,34.68925],[135.66848,34.68932],[135.67008,34.68952],[135.67014,34.68953],[135.67031,34.68954],[135.67136,34.68967],[135.67142,34.68969],[135.67151,34.68969],[135.67211,34.68976],[135.67351,34.68994],[135.67374,34.68997],[135.67377,34.68998],[135.67419,34.69003],[135.6746,34.69009],[135.67482,34.69011],[135.67535,34.69018],[135.6759,34.69025],[135.67642,34.69032],[135.67689,34.69038],[135.67706,34.6904],[135.67791,34.69052],[135.67809,34.69054],[135.67812,34.69055],[135.67861,34.69061],[135.67913,34.69068],[135.67925,34.69068],[135.67973,34.69076],[135.6802,34.69082],[135.68037,34.69084],[135.68088,34.69091],[135.6817,34.69101],[135.68183,34.69103],[135.68227,34.69108],[135.68246,34.69111],[135.68304,34.69118],[135.68358,34.69125],[135.68401,34.6913],[135.68417,34.69133],[135.68444,34.69136],[135.68479,34.6914],[135.68544,34.69147],[135.68593,34.69153],[135.6865,34.6916],[135.68716,34.69167],[135.68764,34.69174],[135.68771,34.69174],[135.68825,34.6918],[135.68878,34.69188],[135.68924,34.69193],[135.69013,34.69206],[135.69038,34.69207],[135.69088,34.69215],[135.6914,34.69222],[135.69191,34.69229],[135.692,34.69229],[135.69236,34.69235],[135.69251,34.69237],[135.69339,34.69249],[135.6939,34.69255],[135.69539,34.69276],[135.69565,34.6928],[135.69636,34.69288],[135.69679,34.69294],[135.69688,34.69295],[135.698006,34.693082],[135.69923,34.69325],[135.69983,34.69333],[135.70041,34.69337],[135.7011,34.69338],[135.70138,34.69334],[135.70176,34.69329],[135.70217,34.69324],[135.7022,34.69324],[135.7025,34.69318],[135.70266,34.69316],[135.70282,34.69313],[135.70287,34.69313],[135.703,34.69311],[135.70382,34.69298],[135.7039,34.69297],[135.70447,34.69287],[135.70497,34.69279],[135.70527,34.69272],[135.70561,34.69267],[135.70606,34.69259],[135.70627,34.69255],[135.7064,34.69254],[135.7067,34.69248],[135.70772,34.6923],[135.7079,34.69227],[135.70865,34.69212],[135.70888,34.69207],[135.7089,34.69206],[135.71098,34.69158],[135.710488,34.691729],[135.71114,34.69155],[135.71159,34.69143],[135.71177,34.6914],[135.71203,34.69134],[135.71205,34.69133],[135.71218,34.6913],[135.71229,34.69128],[135.71262,34.6912],[135.71356,34.69099],[135.71385,34.69093],[135.71439,34.69081],[135.71493,34.69069],[135.71502,34.69068],[135.71505,34.69067],[135.71556,34.69062],[135.71565,34.69062],[135.71623,34.69058],[135.71653,34.69059],[135.71678,34.69058],[135.7172,34.69059],[135.71735,34.6906],[135.71797,34.69063],[135.71848,34.69067],[135.71911,34.69072],[135.71954,34.69074],[135.72092,34.69092],[135.72117,34.69094],[135.72157,34.69098],[135.72207,34.69104],[135.72217,34.69106],[135.7225,34.69109],[135.72263,34.69112],[135.72273,34.69112],[135.72278,34.69113],[135.72316,34.69118],[135.72355,34.69125],[135.72402,34.69135],[135.72421,34.69138],[135.72447,34.69146],[135.72477,34.69153],[135.72486,34.69155],[135.72572,34.69179],[135.72682,34.69209],[135.72688,34.69211],[135.72709,34.69216],[135.72721,34.6922],[135.7284,34.69251],[135.72849,34.69254],[135.72868,34.69259],[135.72888,34.69264],[135.72893,34.69265],[135.72932,34.69276],[135.72946,34.69279],[135.72959,34.69283],[135.73057,34.69309],[135.73072,34.69312],[135.7314,34.69331],[135.73177,34.69341],[135.73267,34.69365],[135.73291,34.6937],[135.73342,34.69384],[135.73353,34.69387],[135.73387,34.69397],[135.73559,34.69444],[135.734825,34.694229],[135.73565,34.69445],[135.73639,34.69465],[135.73653,34.69468],[135.73679,34.69476],[135.7371,34.69484],[135.73737,34.6949],[135.73756,34.69493],[135.73826,34.69508],[135.73852,34.69513],[135.73868,34.69516],[135.73976,34.69538],[135.74002,34.69543],[135.74087,34.69558],[135.74087,34.69559],[135.74091,34.69559],[135.74132,34.69566],[135.74194,34.69577],[135.74211,34.6958],[135.74215,34.69581],[135.74285,34.69593],[135.74302,34.69596],[135.74308,34.69598],[135.74428,34.69617],[135.74479,34.69625],[135.74531,34.69635],[135.74595,34.69647],[135.74625,34.69653],[135.74668,34.69659],[135.74717,34.69668],[135.74867,34.69687],[135.749713,34.697018],[135.75094,34.69716],[135.75108,34.69718],[135.75137,34.69721],[135.75239,34.69734],[135.75358,34.69745],[135.75384,34.69748],[135.75418,34.69751],[135.75642,34.69774],[135.75697,34.69778],[135.75837,34.69788],[135.7586,34.69789],[135.76042,34.69792],[135.76213,34.69793],[135.761331,34.69796],[135.7678,34.69782],[135.76923,34.69778],[135.77113,34.69773],[135.77321,34.69767],[135.77338,34.69766],[135.77413,34.69762],[135.7746,34.69757],[135.77511,34.69749],[135.77551,34.69743],[135.77589,34.69732],[135.77624,34.69721],[135.77677,34.69698],[135.7776,34.69659],[135.77869,34.69602],[135.78018,34.69521],[135.78086,34.69484],[135.78119,34.69469],[135.78213,34.69415],[135.78401,34.69315],[135.783169,34.69358],[135.78443,34.69289],[135.78499,34.69262],[135.78559,34.69229],[135.78648,34.69182],[135.78663,34.69174],[135.78667,34.69172],[135.78862,34.69068],[135.79004,34.68994],[135.7913,34.68927],[135.79205,34.68889],[135.79298,34.68851],[135.79398,34.68819],[135.79511,34.68793],[135.79647,34.68768],[135.79669,34.68764],[135.7987,34.68728],[135.80085,34.68691],[135.80278,34.68659],[135.80333,34.6865],[135.80478,34.68628],[135.80604,34.68607],[135.80667,34.68597],[135.80697,34.68592],[135.80796,34.68577],[135.80969,34.68552],[135.81168,34.68533],[135.810744,34.685434],[135.81299,34.68521],[135.81349,34.68518],[135.81419,34.68512],[135.81513,34.68503],[135.81639,34.68492],[135.81716,34.68485],[135.81723,34.68485],[135.81729,34.68485],[135.81786,34.68477],[135.81855,34.68469],[135.81931,34.68458],[135.8205,34.68449],[135.82162,34.68432],[135.82231,34.68426],[135.82538,34.68424],[135.82568,34.68424],[135.82704,34.68404],[135.82714,34.68399],[135.827472,34.684323]]}},{"type":"Feature","properties":{"line_name":"近鉄京都線"},"geometry":{"type":"LineString","coordinates":[[135.756442,34.984726],[135.75514,34.985],[135.75472,34.98498],[135.7545,34.98493],[135.75413,34.98477],[135.75392,34.98466],[135.75385,34.98462],[135.7534,34.98422],[135.75307,34.98382],[135.75291,34.98352],[135.75276,34.98312],[135.75269,34.98286],[135.75265,34.98247],[135.7526,34.98039],[135.7526,34.98029],[135.75259,34.97968],[135.752553,34.979967],[135.75259,34.97961],[135.75253,34.97794],[135.75249,34.97605],[135.75247,34.97443],[135.75245,34.97356],[135.752413,34.97398],[135.75244,34.97335],[135.75238,34.96928],[135.75234,34.96675],[135.75236,34.96623],[135.7524,34.96598],[135.75242,34.96588],[135.75245,34.9657],[135.75254,34.9654],[135.752625,34.965135],[135.75292,34.96463],[135.75307,34.9644],[135.75357,34.96362],[135.75455,34.96237],[135.75524,34.96145],[135.75529,34.9614],[135.75568,34.96083],[135.75591,34.96044],[135.75601,34.96013],[135.75605,34.95962],[135.75609,34.95825],[135.75613,34.95701],[135.756091,34.956825],[135.75619,34.95497],[135.7562,34.95453],[135.75625,34.95234],[135.75626,34.95163],[135.7563,34.95097],[135.75633,34.95076],[135.75636,34.95053],[135.7564,34.95032],[135.75654,34.94993],[135.75665,34.9497],[135.75682,34.94937],[135.75702,34.94908],[135.75744,34.94864],[135.758,34.94822],[135.75897,34.94761],[135.76096,34.94634],[135.76103,34.9463],[135.761479,34.946054],[135.76195,34.94574],[135.76202,34.94569],[135.7646,34.94402],[135.76511,34.94368],[135.76555,34.94327],[135.76575,34.94302],[135.76598,34.94267],[135.76607,34.94239],[135.76614,34.94217],[135.76626,34.94176],[135.76633,34.94115],[135.76635,34.94105],[135.76635,34.94073],[135.76637,34.93994],[135.76638,34.93966],[135.76642,34.93859],[135.76642,34.93849],[135.766262,34.938299],[135.76643,34.93772],[135.76642,34.93758],[135.76639,34.93715],[135.76631,34.93658],[135.76623,34.93628],[135.76583,34.93538],[135.76573,34.93518],[135.76566,34.93493],[135.76558,34.93451],[135.76556,34.93369],[135.76556,34.93362],[135.765537,34.933349],[135.76554,34.93304],[135.76554,34.93297],[135.76552,34.9324],[135.76547,34.93204],[135.76528,34.93126],[135.76524,34.93088],[135.76525,34.92867],[135.7652,34.92819],[135.76512,34.92748],[135.76511,34.92727],[135.76509,34.92682],[135.76527,34.92629],[135.76601,34.92476],[135.76625,34.92424],[135.76629,34.92415],[135.76639,34.92393],[135.76642,34.92387],[135.76654,34.92359],[135.76659,34.92348],[135.76669,34.92322],[135.76672,34.92315],[135.76691,34.92266],[135.76708,34.92214],[135.76725,34.92136],[135.76735,34.92098],[135.76762,34.9199],[135.7679,34.9188],[135.76828,34.91741],[135.76863,34.91661],[135.7689,34.91606],[135.76894,34.91599],[135.76947,34.91517],[135.769681,34.914924],[135.77007,34.91428],[135.77012,34.9142],[135.77024,34.91403],[135.77079,34.91321],[135.77088,34.91308],[135.77267,34.91045],[135.77414,34.90843],[135.77447,34.90798],[135.77463,34.90776],[135.77477,34.90758],[135.77484,34.9075],[135.77881,34.9028],[135.78038,34.90094],[135.78168,34.89938],[135.7821,34.89878],[135.78233,34.89829],[135.7825,34.89784],[135.78252,34.89776],[135.78263,34.89721],[135.78268,34.89651],[135.78267,34.89611],[135.78258,34.89555],[135.78227,34.89442],[135.782,34.89346],[135.781914,34.89304],[135.78176,34.89255],[135.78117,34.89035],[135.78074,34.88876],[135.78021,34.88678],[135.78006,34.8862],[135.77933,34.88345],[135.7791,34.88256],[135.77899,34.882208],[135.77889,34.88176],[135.77882,34.88147],[135.77822,34.87913],[135.77724,34.87532],[135.77722,34.87525],[135.7769,34.87401],[135.777024,34.874351],[135.77689,34.87397],[135.77604,34.87035],[135.77559,34.86842],[135.77553,34.86817],[135.77514,34.86648],[135.77486,34.8653],[135.77471,34.86461],[135.774847,34.864943],[135.77467,34.86444],[135.7743,34.86286],[135.77395,34.86141],[135.77381,34.8608],[135.77366,34.86015],[135.77309,34.85766],[135.77242,34.85474],[135.77219,34.85375],[135.77216,34.85361],[135.77201,34.85293],[135.772011,34.853275],[135.77196,34.85273],[135.77178,34.8519],[135.77175,34.85146],[135.77174,34.85103],[135.77176,34.85051],[135.77179,34.85009],[135.77204,34.84785],[135.77235,34.84509],[135.7725,34.84376],[135.77282,34.84093],[135.77285,34.84071],[135.77287,34.8406],[135.772922,34.840201],[135.77296,34.83972],[135.77316,34.83797],[135.77319,34.83775],[135.77334,34.83658],[135.77335,34.83633],[135.77337,34.83614],[135.7734,34.83585],[135.77368,34.83361],[135.77372,34.83332],[135.77379,34.83267],[135.77393,34.83156],[135.77397,34.83129],[135.774,34.83111],[135.77404,34.83072],[135.7741,34.83017],[135.77415,34.82956],[135.77416,34.82936],[135.77414,34.82913],[135.77414,34.82873],[135.77412,34.82866],[135.77407,34.82797],[135.77398,34.82742],[135.77392,34.82705],[135.7737,34.82576],[135.77365,34.82546],[135.7736,34.8252],[135.77347,34.8244],[135.77339,34.824],[135.77338,34.82387],[135.77313,34.82248],[135.77294,34.82143],[135.77291,34.82127],[135.77287,34.82106],[135.77283,34.8208],[135.77276,34.82032],[135.772805,34.820492],[135.77274,34.82014],[135.77272,34.81983],[135.77268,34.81948],[135.77262,34.819],[135.77261,34.81889],[135.77256,34.81836],[135.77252,34.81784],[135.7725,34.81764],[135.77248,34.81744],[135.77248,34.81709],[135.77252,34.81675],[135.77253,34.81668],[135.77256,34.81642],[135.77264,34.81617],[135.77268,34.81605],[135.77274,34.81594],[135.77292,34.81567],[135.77309,34.81545],[135.77333,34.81514],[135.77347,34.81496],[135.77383,34.8145],[135.77415,34.81411],[135.77448,34.81368],[135.77506,34.81292],[135.77549,34.8124],[135.77588,34.8119],[135.77594,34.81182],[135.77662,34.81096],[135.7772,34.81023],[135.77765,34.80965],[135.77845,34.80861],[135.77891,34.80803],[135.778638,34.808293],[135.77961,34.80716],[135.77981,34.80689],[135.78056,34.80595],[135.78075,34.80569],[135.78093,34.80545],[135.78121,34.80509],[135.78166,34.80453],[135.78202,34.80406],[135.78257,34.80337],[135.78342,34.80234],[135.78368,34.80203],[135.78413,34.8015],[135.7843,34.80129],[135.78475,34.80073],[135.78525,34.80015],[135.78535,34.80001],[135.78559,34.79965],[135.78566,34.79953],[135.78583,34.79924],[135.78596,34.79899],[135.78622,34.79829],[135.785905,34.798435],[135.78635,34.7979],[135.78641,34.7977],[135.78646,34.79748],[135.7865,34.79732],[135.78666,34.79657],[135.78684,34.79555],[135.78689,34.79526],[135.78689,34.79521],[135.78699,34.79465],[135.78738,34.79241],[135.78743,34.79212],[135.7876,34.79112],[135.787391,34.791453],[135.78771,34.79055],[135.78782,34.78994],[135.78792,34.78938],[135.788,34.78893],[135.788,34.78891],[135.78807,34.78852],[135.78813,34.78816],[135.78823,34.78766],[135.78835,34.78693],[135.78844,34.78642],[135.78858,34.78558],[135.78871,34.78486],[135.78882,34.78426],[135.78899,34.78333],[135.78906,34.7829],[135.78939,34.78113],[135.78945,34.78081],[135.789568,34.78047],[135.78959,34.78007],[135.78963,34.7799],[135.78977,34.77909],[135.7899,34.77829],[135.79007,34.77741],[135.79009,34.77732],[135.79036,34.77573],[135.79051,34.77494],[135.79064,34.77414],[135.79069,34.7739],[135.79134,34.77008],[135.79143,34.76962],[135.79153,34.76906],[135.79155,34.76888],[135.79167,34.76834],[135.79168,34.76824],[135.79176,34.76782],[135.79178,34.76769],[135.79181,34.76754],[135.79211,34.76579],[135.79214,34.76553],[135.79245,34.76385],[135.79251,34.76345],[135.79257,34.76299],[135.79259,34.7629],[135.79259,34.76274],[135.79263,34.7624],[135.79274,34.76131],[135.79274,34.76114],[135.79276,34.76034],[135.792657,34.759953],[135.79282,34.7595],[135.79286,34.75899],[135.79292,34.75808],[135.79292,34.75794],[135.79296,34.75756],[135.79306,34.75594],[135.79315,34.75477],[135.79325,34.75443],[135.79339,34.75402],[135.79376,34.75325],[135.79403,34.75271],[135.79445,34.75185],[135.79498,34.75074],[135.79502,34.75065],[135.79545,34.74976],[135.79556,34.7495],[135.79581,34.74883],[135.7959,34.74844],[135.79598,34.74814],[135.79603,34.74788],[135.79607,34.74721],[135.79608,34.74698],[135.79607,34.74671],[135.795996,34.746641],[135.79605,34.74649],[135.796,34.74609],[135.79596,34.74592],[135.79593,34.74576],[135.79586,34.7455],[135.7957,34.74479],[135.79549,34.74405],[135.79544,34.74385],[135.7953,34.7433],[135.79522,34.74296],[135.79516,34.74273],[135.79509,34.74245],[135.79477,34.74123],[135.79473,34.74107],[135.79442,34.73985],[135.79397,34.73824],[135.79388,34.73781],[135.793794,34.737678],[135.79379,34.73732],[135.79363,34.73673],[135.79356,34.73644],[135.79344,34.73599],[135.79313,34.7348],[135.7929,34.73401],[135.79271,34.73332],[135.79258,34.73281],[135.79246,34.7323],[135.79224,34.73118],[135.79216,34.73061],[135.79211,34.7302],[135.79201,34.72921],[135.79188,34.72757],[135.79186,34.72709],[135.79181,34.726],[135.7918,34.72528],[135.79182,34.72496],[135.79183,34.72477],[135.79185,34.72433],[135.79187,34.72309],[135.791839,34.723494],[135.79191,34.7216],[135.79196,34.72014],[135.79205,34.71799],[135.79209,34.71685],[135.79211,34.71624],[135.79219,34.71436],[135.79219,34.71408],[135.79219,34.7134],[135.79221,34.71259],[135.7922,34.71193],[135.79216,34.71124],[135.79213,34.71098],[135.79205,34.71065],[135.79185,34.71008],[135.7917,34.70977],[135.79152,34.70947],[135.79103,34.70892],[135.79013,34.70797],[135.79002,34.70785],[135.78968,34.7075],[135.78951,34.70732],[135.78949,34.7073],[135.7893,34.7071],[135.78853,34.70628],[135.78834,34.70608],[135.78824,34.70596],[135.78814,34.70583],[135.78774,34.70514],[135.78744,34.70452],[135.78714,34.70393],[135.78713,34.70387],[135.78711,34.70379],[135.78692,34.70342],[135.78667,34.70297],[135.78644,34.70264],[135.78631,34.70247],[135.78617,34.70232],[135.78603,34.70217],[135.78576,34.70198],[135.78552,34.70185],[135.78534,34.70176],[135.78396,34.70117],[135.784524,34.701496],[135.78362,34.70098],[135.78345,34.7009],[135.78317,34.70074],[135.78293,34.7006],[135.78264,34.70042],[135.78234,34.7002],[135.7821,34.70001],[135.78187,34.69978],[135.78167,34.69956],[135.78145,34.69931],[135.78127,34.69904],[135.78112,34.69883],[135.7809,34.69842],[135.78074,34.69812],[135.78058,34.69768],[135.7805,34.69739],[135.78037,34.69694],[135.78033,34.69679],[135.78028,34.6963],[135.78027,34.69617],[135.78029,34.696],[135.78035,34.69583],[135.78046,34.6956],[135.7806,34.69537],[135.78077,34.69515],[135.78097,34.6949],[135.78119,34.69469],[135.78213,34.69415],[135.78401,34.69315],[135.783169,34.69358]]}},{"type":"Feature","properties":{"line_name":"近鉄大阪線"},"geometry":{"type":"LineString","coordinates":[[135.522189,34.665513],[135.52344,34.66568],[135.52501,34.66547],[135.52534,34.66547],[135.52676,34.66542],[135.52686,34.66541],[135.52696,34.66539],[135.52706,34.66535],[135.52716,34.66524],[135.52787,34.66522],[135.52816,34.66521],[135.52994,34.66516],[135.53026,34.66517],[135.53044,34.66517],[135.53049,34.66517],[135.530605,34.665282],[135.53215,34.66528],[135.53268,34.66531],[135.53298,34.66533],[135.53523,34.66539],[135.53568,34.6654],[135.53614,34.66541],[135.53738,34.66543],[135.53757,34.66543],[135.53802,34.66544],[135.53876,34.66546],[135.53893,34.66546],[135.53942,34.66547],[135.53957,34.66546],[135.53972,34.66545],[135.53981,34.66545],[135.54214,34.66529],[135.5423,34.66528],[135.54281,34.66524],[135.54322,34.66521],[135.54573,34.66502],[135.54704,34.66492],[135.54816,34.66485],[135.54869,34.66481],[135.54922,34.66477],[135.5506,34.66468],[135.549917,34.664788],[135.55117,34.66464],[135.55274,34.66453],[135.55331,34.66449],[135.55585,34.6643],[135.55624,34.66427],[135.55694,34.66421],[135.55707,34.6642],[135.5572,34.66419],[135.55752,34.66418],[135.5586,34.66413],[135.55904,34.66411],[135.55974,34.66409],[135.56057,34.66407],[135.56196,34.66407],[135.56251,34.66406],[135.563516,34.664092],[135.56463,34.66411],[135.56514,34.66405],[135.56566,34.66398],[135.56582,34.66394],[135.56612,34.66387],[135.5668,34.66366],[135.56731,34.66342],[135.5677,34.66321],[135.56802,34.663],[135.56836,34.66275],[135.56874,34.66242],[135.56904,34.66212],[135.56932,34.66181],[135.56962,34.66141],[135.56999,34.6609],[135.57111,34.6593],[135.57212,34.65786],[135.571777,34.658224],[135.57257,34.65721],[135.57259,34.65717],[135.57382,34.65538],[135.57507,34.65355],[135.57524,34.65331],[135.57633,34.65172],[135.57735,34.65022],[135.577612,34.64988],[135.57787,34.64949],[135.5789,34.64799],[135.58016,34.64612],[135.58135,34.64437],[135.58255,34.64263],[135.58308,34.64187],[135.5837,34.64093],[135.583412,34.641337],[135.58385,34.64073],[135.58414,34.64034],[135.58437,34.64006],[135.58476,34.6396],[135.58508,34.63921],[135.58538,34.63887],[135.58573,34.63851],[135.58596,34.63827],[135.58613,34.6381],[135.58635,34.63787],[135.5866,34.63765],[135.58687,34.63739],[135.58717,34.63712],[135.58756,34.63679],[135.58764,34.63672],[135.58768,34.63669],[135.58797,34.63645],[135.58847,34.63603],[135.58879,34.63578],[135.589,34.63562],[135.58906,34.63558],[135.58932,34.63539],[135.58987,34.63501],[135.59017,34.63481],[135.590548,34.634593],[135.59096,34.63436],[135.5912,34.63423],[135.59155,34.63404],[135.59203,34.63382],[135.59216,34.63376],[135.59261,34.63355],[135.59299,34.6334],[135.59358,34.63319],[135.59451,34.63287],[135.59533,34.6326],[135.59587,34.63242],[135.59611,34.63234],[135.59694,34.63206],[135.59741,34.6319],[135.59786,34.63175],[135.59876,34.63144],[135.59907,34.63134],[135.59937,34.63124],[135.60008,34.631],[135.60223,34.63028],[135.60269,34.63012],[135.6044,34.62954],[135.603591,34.62978],[135.60614,34.62895],[135.60663,34.62878],[135.60703,34.62864],[135.60737,34.62857],[135.60767,34.62851],[135.60811,34.62847],[135.60858,34.62843],[135.60958,34.62841],[135.60978,34.6284],[135.61116,34.62835],[135.61157,34.62834],[135.61307,34.62829],[135.61508,34.62823],[135.61532,34.62822],[135.61654,34.62817],[135.61768,34.62809],[135.61835,34.62804],[135.61999,34.62781],[135.619317,34.627892],[135.62042,34.62771],[135.62074,34.62761],[135.62097,34.62752],[135.62127,34.62737],[135.6214,34.6273],[135.62153,34.62723],[135.62175,34.62707],[135.62218,34.62671],[135.62237,34.62655],[135.62256,34.62636],[135.62278,34.62604],[135.62294,34.62572],[135.62312,34.62523],[135.62325,34.62479],[135.62338,34.62416],[135.62364,34.62295],[135.62405,34.62102],[135.62419,34.62042],[135.62454,34.6189],[135.624403,34.619376],[135.62474,34.61788],[135.62474,34.61785],[135.62559,34.61328],[135.6262,34.61027],[135.62622,34.61021],[135.62634,34.60954],[135.626308,34.609747],[135.62636,34.60944],[135.62652,34.60819],[135.62654,34.60782],[135.62652,34.607],[135.62641,34.604],[135.62627,34.60096],[135.62621,34.5998],[135.62615,34.59876],[135.62613,34.59787],[135.62614,34.59731],[135.62622,34.59563],[135.62635,34.59475],[135.626331,34.595176],[135.62683,34.59166],[135.62723,34.58904],[135.6274,34.58782],[135.627331,34.588246],[135.62762,34.5866],[135.62769,34.58619],[135.62782,34.58541],[135.62822,34.58303],[135.62837,34.58209],[135.62845,34.58169],[135.62855,34.58138],[135.62873,34.58094],[135.62894,34.58054],[135.62895,34.5805],[135.629064,34.580213],[135.62928,34.5799],[135.6299,34.57878],[135.63105,34.57669],[135.63124,34.57645],[135.63131,34.57634],[135.63146,34.57615],[135.63211,34.57542],[135.63248,34.57501],[135.63305,34.57428],[135.63322,34.57403],[135.6334,34.57371],[135.63367,34.57314],[135.63372,34.57301],[135.63377,34.57287],[135.63393,34.57235],[135.634,34.57215],[135.63429,34.57124],[135.63466,34.57005],[135.63512,34.56861],[135.63524,34.56822],[135.63552,34.56728],[135.635684,34.566754],[135.63594,34.56615],[135.63615,34.56554],[135.63651,34.56451],[135.63673,34.56397],[135.63706,34.56335],[135.63723,34.5631],[135.63745,34.56274],[135.63764,34.56242],[135.63784,34.56209],[135.63859,34.56082],[135.63918,34.55989],[135.63941,34.5596],[135.63974,34.55924],[135.64028,34.55868],[135.64111,34.55798],[135.64205,34.55723],[135.64238,34.55698],[135.64344,34.55614],[135.64357,34.55606],[135.64383,34.55593],[135.6442,34.55578],[135.64534,34.55525],[135.645139,34.555366],[135.64577,34.55506],[135.64604,34.55497],[135.64629,34.55493],[135.64651,34.55489],[135.64899,34.55452],[135.64974,34.5544],[135.65176,34.55419],[135.65402,34.5539],[135.65438,34.55386],[135.65494,34.5538],[135.65556,34.5537],[135.65568,34.55368],[135.65612,34.55364],[135.65646,34.55363],[135.65664,34.55362],[135.65741,34.55358],[135.65783,34.55353],[135.65876,34.5534],[135.66305,34.55277],[135.66366,34.55266],[135.66408,34.55263],[135.66442,34.55262],[135.6649,34.55268],[135.6654,34.55278],[135.6659,34.55293],[135.66651,34.55316],[135.66736,34.55356],[135.667778,34.553688],[135.66848,34.55395],[135.6686,34.55398],[135.66934,34.5541],[135.66973,34.55413],[135.67047,34.55412],[135.67082,34.55407],[135.67113,34.554],[135.67136,34.55393],[135.67186,34.55371],[135.67225,34.55351],[135.67269,34.55323],[135.67294,34.55305],[135.67316,34.55285],[135.6736,34.55241],[135.67414,34.55193],[135.67468,34.55152],[135.67497,34.55136],[135.67526,34.55122],[135.67589,34.55099],[135.67595,34.55097],[135.67656,34.55083],[135.67659,34.55082],[135.67735,34.55073],[135.67804,34.5507],[135.67918,34.55056],[135.68047,34.55029],[135.68215,34.54985],[135.68275,34.54964],[135.68321,34.54946],[135.68337,34.5494],[135.68381,34.54918],[135.68419,34.54897],[135.68564,34.54791],[135.68599,34.54769],[135.68608,34.54763],[135.68622,34.54754],[135.68679,34.54719],[135.68735,34.54691],[135.6875,34.54684],[135.68874,34.54629],[135.68811,34.546511],[135.68907,34.54614],[135.68962,34.54594],[135.6905,34.54565],[135.69146,34.54537],[135.69278,34.54496],[135.69331,34.5448],[135.69372,34.54468],[135.69387,34.54462],[135.69648,34.54381],[135.70134,34.54233],[135.70264,34.54193],[135.70342,34.54169],[135.70367,34.54161],[135.704033,34.541478],[135.70509,34.54118],[135.7053,34.54111],[135.70618,34.54087],[135.7066,34.54074],[135.70809,34.54031],[135.7083,34.54025],[135.70854,34.54017],[135.70985,34.53974],[135.71052,34.53945],[135.71103,34.53918],[135.71124,34.53906],[135.7123,34.53831],[135.71259,34.53808],[135.71328,34.53759],[135.71385,34.53726],[135.71464,34.5368],[135.71523,34.53644],[135.71566,34.53618],[135.71659,34.53562],[135.71713,34.5353],[135.717937,34.534763],[135.71926,34.53407],[135.72034,34.53343],[135.72372,34.5315],[135.72442,34.53109],[135.72499,34.53076],[135.72694,34.52965],[135.72757,34.52929],[135.72809,34.52899],[135.73067,34.52751],[135.73155,34.527],[135.73205,34.52672],[135.73341,34.52594],[135.733036,34.526125],[135.73361,34.52582],[135.73439,34.52535],[135.73488,34.52502],[135.7352,34.52477],[135.73547,34.52457],[135.73579,34.52428],[135.73599,34.52408],[135.73609,34.52397],[135.73664,34.52337],[135.73812,34.52174],[135.73876,34.52114],[135.73895,34.52097],[135.73944,34.52066],[135.73976,34.52047],[135.74026,34.52023],[135.7406,34.52011],[135.74085,34.52004],[135.74117,34.51995],[135.74145,34.51987],[135.74232,34.51977],[135.742264,34.519757],[135.7432,34.5197],[135.74687,34.51959],[135.74717,34.51958],[135.74795,34.5196],[135.75056,34.51961],[135.75222,34.51966],[135.75266,34.51969],[135.75407,34.51979],[135.75504,34.51985],[135.75521,34.51986],[135.75618,34.51995],[135.75678,34.52001],[135.75688,34.52002],[135.75785,34.52014],[135.75819,34.52018],[135.75899,34.52029],[135.75917,34.5203],[135.75943,34.52034],[135.76025,34.52045],[135.76058,34.52051],[135.76181,34.52067],[135.761507,34.520601],[135.76197,34.52069],[135.76228,34.52071],[135.76371,34.52082],[135.76454,34.52088],[135.7647,34.5209],[135.76512,34.52092],[135.7659,34.52091],[135.76614,34.5209],[135.76706,34.5208],[135.76744,34.52075],[135.76786,34.52067],[135.76804,34.52064],[135.76831,34.52057],[135.76884,34.52043],[135.77049,34.52002],[135.7715,34.51979],[135.77228,34.51965],[135.77331,34.51953],[135.772806,34.519585],[135.77394,34.51943],[135.77425,34.5194],[135.77444,34.51936],[135.77478,34.51931],[135.77502,34.51928],[135.77511,34.51927],[135.77536,34.51924],[135.7757,34.51919],[135.77603,34.51915],[135.77653,34.51909],[135.77711,34.51902],[135.77728,34.519],[135.77732,34.51899],[135.77742,34.51899],[135.77873,34.51882],[135.77922,34.51877],[135.7793,34.51875],[135.77958,34.51872],[135.78001,34.51866],[135.78027,34.51862],[135.78047,34.5186],[135.78107,34.51852],[135.78146,34.51847],[135.78152,34.51846],[135.78163,34.51845],[135.78178,34.51842],[135.7819,34.51841],[135.78213,34.51835],[135.78231,34.51832],[135.78286,34.51817],[135.78346,34.51795],[135.78355,34.51791],[135.78408,34.51765],[135.78419,34.5176],[135.78446,34.51744],[135.78584,34.51652],[135.78607,34.51637],[135.78626,34.51625],[135.7866,34.51602],[135.78665,34.516],[135.78674,34.51593],[135.78696,34.51581],[135.78723,34.51563],[135.7877,34.51531],[135.78806,34.51509],[135.78815,34.51503],[135.78819,34.51501],[135.78844,34.51483],[135.78852,34.51478],[135.78864,34.51471],[135.78875,34.51463],[135.78915,34.51437],[135.7895,34.51413],[135.78957,34.51409],[135.78974,34.51398],[135.79037,34.51362],[135.79074,34.51343],[135.79098,34.51334],[135.79146,34.51321],[135.791484,34.513208],[135.79188,34.51315],[135.79335,34.51303],[135.79382,34.51304],[135.79426,34.51302],[135.79576,34.51289],[135.7961,34.51287],[135.79682,34.51281],[135.79732,34.51277],[135.79822,34.51269],[135.79861,34.51267],[135.79946,34.5126],[135.7995,34.51259],[135.79968,34.51258],[135.80001,34.51254],[135.80036,34.51251],[135.80058,34.51249],[135.8006,34.51248],[135.80069,34.51248],[135.80085,34.51246],[135.80124,34.51244],[135.80162,34.5124],[135.80181,34.51239],[135.80235,34.51232],[135.80257,34.51229],[135.80283,34.51223],[135.80316,34.51218],[135.80324,34.51216],[135.80346,34.51213],[135.80348,34.51212],[135.80457,34.51193],[135.80467,34.51191],[135.80491,34.51187],[135.80522,34.51182],[135.80569,34.51177],[135.80604,34.51174],[135.80622,34.51172],[135.80668,34.51172],[135.80681,34.51174],[135.80702,34.51174],[135.80705,34.51176],[135.80734,34.51177],[135.80752,34.51179],[135.80805,34.51183],[135.80815,34.51183],[135.80854,34.51187],[135.80913,34.51191],[135.80937,34.51194],[135.80958,34.51195],[135.80977,34.51196],[135.81014,34.51199],[135.81065,34.51203],[135.81152,34.5121],[135.81289,34.51221],[135.81389,34.51229],[135.81447,34.51233],[135.81458,34.51234],[135.81551,34.51243],[135.815071,34.512409],[135.81608,34.51247],[135.81673,34.51251],[135.81809,34.51255],[135.81894,34.51257],[135.81952,34.51259],[135.82121,34.51263],[135.82157,34.51265],[135.82277,34.51266],[135.82492,34.5127],[135.82569,34.51272],[135.82765,34.51275],[135.82771,34.51276],[135.82884,34.51278],[135.82909,34.51279],[135.829756,34.512851],[135.83065,34.51288],[135.83112,34.51291],[135.83116,34.51291],[135.83156,34.51293],[135.83187,34.51294],[135.83232,34.51298],[135.83294,34.51302],[135.83385,34.51308],[135.83495,34.51315],[135.83502,34.51316],[135.83552,34.51318],[135.83658,34.51324],[135.83722,34.51328],[135.83786,34.51332],[135.83831,34.51334],[135.83931,34.51333],[135.8396,34.51331],[135.83999,34.5133],[135.84086,34.51327],[135.84106,34.51327],[135.84116,34.51326],[135.84338,34.51319],[135.8437,34.51318],[135.84425,34.51319],[135.84488,34.51321],[135.84505,34.5132],[135.84686,34.51343],[135.846516,34.51347],[135.84696,34.51344],[135.84702,34.51345],[135.84719,34.51347],[135.84744,34.51351],[135.84773,34.51351],[135.84775,34.51351],[135.84795,34.51349],[135.8482,34.51346],[135.84857,34.51343],[135.8491,34.51342],[135.84955,34.51348],[135.85079,34.5136],[135.85128,34.51365],[135.85184,34.5137],[135.85237,34.51376],[135.85332,34.51384],[135.85351,34.51386],[135.85376,34.51388],[135.85418,34.51393],[135.85429,34.51394],[135.85447,34.51396],[135.85477,34.51398],[135.85554,34.51407],[135.85641,34.51412],[135.85735,34.51412],[135.85874,34.51411],[135.86038,34.51409],[135.86253,34.51409],[135.86281,34.51412],[135.86377,34.51429],[135.86421,34.51441],[135.86447,34.51449],[135.86514,34.51469],[135.86544,34.51478],[135.8657,34.51486],[135.86605,34.51497],[135.8664,34.51508],[135.86658,34.51515],[135.86812,34.51564],[135.8682,34.51566],[135.86828,34.5157],[135.86911,34.51607],[135.868933,34.51602],[135.86951,34.51635],[135.8699,34.51661],[135.87018,34.51683],[135.8704,34.51699],[135.87216,34.5182],[135.87244,34.51845],[135.87257,34.51856],[135.8727,34.51864],[135.87289,34.51876],[135.87326,34.51896],[135.87356,34.51908],[135.87395,34.51922],[135.87412,34.51927],[135.8743,34.51933],[135.87444,34.51937],[135.87545,34.51966],[135.87669,34.51995],[135.87808,34.5203],[135.87874,34.52045],[135.87981,34.52073],[135.88024,34.52085],[135.88079,34.52103],[135.88123,34.52115],[135.88127,34.52116],[135.88164,34.52125],[135.88195,34.52131],[135.88206,34.52132],[135.88235,34.52136],[135.88276,34.52139],[135.88327,34.52146],[135.88376,34.52148],[135.88469,34.5215],[135.88507,34.52152],[135.88552,34.52156],[135.88605,34.5216],[135.88617,34.5216],[135.88693,34.52165],[135.88791,34.5217],[135.88879,34.52179],[135.88979,34.5219],[135.89087,34.52209],[135.89116,34.52214],[135.89149,34.5222],[135.892,34.52235],[135.89268,34.52255],[135.89347,34.52276],[135.89379,34.52286],[135.89523,34.52329],[135.89577,34.52344],[135.8966,34.52368],[135.89966,34.52455],[135.90176,34.52516],[135.90371,34.52573],[135.90474,34.52612],[135.9061,34.52667],[135.90686,34.52703],[135.906453,34.526889],[135.90756,34.52735],[135.90834,34.52771],[135.90941,34.52823],[135.90973,34.52837],[135.91048,34.52866],[135.91102,34.52881],[135.91145,34.5289],[135.91187,34.52894],[135.91259,34.52894],[135.91326,34.52893],[135.91433,34.52887],[135.91596,34.52878],[135.91699,34.52876],[135.91817,34.52874],[135.91827,34.52874],[135.91897,34.52874],[135.91952,34.52876],[135.92012,34.52883],[135.92097,34.52892],[135.92179,34.52901],[135.92381,34.52928],[135.92466,34.52938],[135.92641,34.52959],[135.92701,34.52964],[135.92873,34.5298],[135.92916,34.52985],[135.92939,34.52987],[135.93158,34.53011],[135.93204,34.53016],[135.93271,34.53022],[135.93343,34.53024],[135.93391,34.53022],[135.93434,34.5302],[135.9349,34.53016],[135.93539,34.5301],[135.93663,34.5299],[135.93773,34.52969],[135.93887,34.52944],[135.93972,34.52926],[135.94021,34.52913],[135.94094,34.52901],[135.9425,34.52866],[135.9441,34.52838],[135.94533,34.52813],[135.94633,34.52795],[135.94696,34.52795],[135.94742,34.52802],[135.9478,34.52814],[135.94821,34.52824],[135.94877,34.5284],[135.9499,34.52872],[135.95124,34.52905],[135.9521,34.52928],[135.95385,34.52966],[135.95538,34.53],[135.954747,34.529887],[135.95654,34.5302],[135.95689,34.53026],[135.95825,34.53051],[135.95868,34.53057],[135.95908,34.53063],[135.9598,34.53075],[135.96043,34.53086],[135.96078,34.53096],[135.96119,34.5311],[135.9613,34.53114],[135.96147,34.53121],[135.96178,34.53134],[135.96215,34.53157],[135.96261,34.53186],[135.96304,34.53217],[135.96329,34.53238],[135.96358,34.53261],[135.96374,34.53278],[135.96399,34.53313],[135.96413,34.53334],[135.96437,34.53371],[135.96462,34.53411],[135.9648,34.53442],[135.96503,34.53483],[135.96543,34.5356],[135.96599,34.53663],[135.96617,34.53694],[135.96639,34.53725],[135.96673,34.53772],[135.96708,34.53813],[135.96747,34.53858],[135.9679,34.53902],[135.96812,34.53919],[135.9685,34.53949],[135.96877,34.53969],[135.96914,34.53992],[135.96971,34.54023],[135.97024,34.54051],[135.97036,34.54056],[135.97073,34.54072],[135.97183,34.54116],[135.97329,34.54169],[135.97472,34.54223],[135.97551,34.54258],[135.97609,34.54289],[135.97664,34.54323],[135.97744,34.54379],[135.97793,34.54417],[135.97835,34.54448],[135.97949,34.54548],[135.97959,34.54557],[135.97969,34.54567],[135.97978,34.54575],[135.98135,34.5472],[135.98334,34.54901],[135.98362,34.54925],[135.98388,34.54948],[135.98514,34.55067],[135.98578,34.55119],[135.98649,34.55176],[135.98712,34.5522],[135.98748,34.55244],[135.9879,34.55267],[135.98832,34.55287],[135.98872,34.55306],[135.98915,34.55324],[135.98969,34.55343],[135.99011,34.55358],[135.99132,34.55397],[135.99252,34.55434],[135.99348,34.55467],[135.99439,34.55498],[135.99573,34.55559],[135.99629,34.55588],[135.99667,34.55612],[135.99689,34.55625],[135.99715,34.55639],[135.9976,34.55668],[135.99799,34.55688],[135.99911,34.55743],[136.00003,34.55785],[136.00204,34.55872],[136.00432,34.55969],[136.00561,34.56032],[136.00709,34.56116],[136.00805,34.5617],[136.00878,34.56213],[136.00954,34.56262],[136.01081,34.5635],[136.01167,34.56415],[136.0129,34.56514],[136.01332,34.56546],[136.01348,34.56556],[136.01406,34.56582],[136.01457,34.56598],[136.01531,34.56614],[136.015252,34.566109],[136.01595,34.56626],[136.01661,34.56634],[136.01732,34.56642],[136.01789,34.56642],[136.01972,34.56651],[136.02083,34.56664],[136.02167,34.56679],[136.02268,34.56708],[136.02363,34.56745],[136.02401,34.56764],[136.02412,34.5677],[136.02433,34.56781],[136.0247,34.56804],[136.02497,34.56825],[136.02525,34.56846],[136.02586,34.56903],[136.02625,34.56944],[136.02729,34.57074],[136.02872,34.57261],[136.0294,34.57349],[136.02967,34.57383],[136.03011,34.57429],[136.03056,34.57472],[136.0316,34.57557],[136.03327,34.57698],[136.03383,34.57745],[136.03466,34.57803],[136.03538,34.57839],[136.03632,34.57871],[136.035851,34.578571],[136.03702,34.57887],[136.03891,34.57925],[136.03967,34.57945],[136.04039,34.57966],[136.04264,34.58048],[136.04454,34.58119],[136.04607,34.58178],[136.04733,34.58226],[136.0485,34.58271],[136.04871,34.58279],[136.05162,34.58387],[136.05528,34.58523],[136.05631,34.58567],[136.05696,34.58602],[136.05726,34.58619],[136.0576,34.5864],[136.05776,34.58653],[136.05784,34.58661],[136.05857,34.58706],[136.05913,34.58747],[136.06127,34.58922],[136.06213,34.58993],[136.06239,34.59014],[136.06267,34.59037],[136.0637,34.59121],[136.06523,34.59246],[136.06597,34.59307],[136.06885,34.59542],[136.06916,34.59567],[136.07071,34.59691],[136.07114,34.59724],[136.07249,34.59835],[136.0728,34.59862],[136.0729,34.59871],[136.0745,34.59996],[136.073897,34.599467],[136.07529,34.6006],[136.07552,34.60078],[136.07735,34.60225],[136.07825,34.60297],[136.08026,34.60462],[136.08122,34.60542],[136.08168,34.60579],[136.08337,34.60717],[136.08488,34.60839],[136.08529,34.60873],[136.08732,34.61039],[136.08761,34.61063],[136.08915,34.61185],[136.08945,34.61211],[136.09132,34.61359],[136.09192,34.61406],[136.09259,34.6147],[136.09302,34.61523],[136.09322,34.61552],[136.0937,34.61635],[136.09403,34.61703],[136.09425,34.61749],[136.09479,34.61883],[136.09487,34.61906],[136.09522,34.62009],[136.09533,34.62043],[136.0955,34.62091],[136.095753,34.621612],[136.09599,34.62232],[136.09624,34.62303],[136.09637,34.62339],[136.09702,34.62512],[136.09737,34.62592],[136.09741,34.62601],[136.09786,34.62671],[136.09864,34.62767],[136.0994,34.62839],[136.10033,34.62904],[136.10149,34.62966],[136.10316,34.63032],[136.10524,34.63115],[136.10534,34.6312],[136.10626,34.63163],[136.10649,34.63175],[136.10691,34.63199],[136.10758,34.6325],[136.10798,34.63288],[136.10852,34.63359],[136.10953,34.63522],[136.10989,34.63589],[136.11128,34.63841],[136.11148,34.63878],[136.11244,34.6406],[136.11308,34.64177],[136.112639,34.641297],[136.11387,34.64327],[136.11496,34.6453],[136.11552,34.64635],[136.11644,34.64757],[136.11744,34.64854],[136.119,34.64968],[136.12214,34.65203],[136.12246,34.65226],[136.1238,34.6534],[136.12433,34.65391],[136.12499,34.65454],[136.1253,34.65486],[136.12627,34.65587],[136.12648,34.6561],[136.12734,34.65701],[136.12771,34.6574],[136.12799,34.65771],[136.12819,34.65791],[136.12933,34.65914],[136.12979,34.6596],[136.13192,34.66184],[136.13268,34.66265],[136.13334,34.66334],[136.133022,34.662989],[136.134,34.66404],[136.13529,34.66541],[136.13603,34.66616],[136.13864,34.66895],[136.13889,34.6692],[136.1396,34.66993],[136.14006,34.67041],[136.14093,34.6713],[136.14176,34.67215],[136.14295,34.67337],[136.14331,34.67365],[136.14368,34.67388],[136.14409,34.67409],[136.14446,34.67426],[136.14505,34.67449],[136.14537,34.67459],[136.14638,34.67481],[136.14735,34.67494],[136.14814,34.67495],[136.14883,34.67492],[136.15007,34.67472],[136.15077,34.67456],[136.15136,34.67431],[136.15278,34.67367],[136.152854,34.673639],[136.15438,34.67291],[136.15489,34.67271],[136.15525,34.67257],[136.15587,34.6724],[136.15714,34.67215],[136.15788,34.67208],[136.15918,34.67201],[136.15998,34.67196],[136.16432,34.67195],[136.16642,34.67188],[136.16854,34.67182],[136.16931,34.67181],[136.17014,34.67181],[136.17028,34.67181],[136.17202,34.67179],[136.17282,34.6718],[136.17316,34.67184],[136.17368,34.67192],[136.17414,34.67202],[136.17455,34.67213],[136.17507,34.67225],[136.17653,34.67266],[136.177763,34.672848],[136.17892,34.67346],[136.17961,34.6737],[136.18291,34.67488],[136.18397,34.67527],[136.18576,34.67592],[136.18827,34.67684],[136.19119,34.67788],[136.19167,34.67805],[136.19569,34.67949],[136.19924,34.68074],[136.20182,34.68167],[136.20239,34.68187],[136.20364,34.68233],[136.20497,34.68279],[136.205088,34.682695],[136.20657,34.68338],[136.20805,34.68389],[136.20856,34.68403],[136.20946,34.68421],[136.21004,34.68431],[136.21072,34.68434],[136.21184,34.68433],[136.21277,34.68423],[136.21396,34.68402],[136.21482,34.68382],[136.21618,34.68352],[136.21684,34.68337],[136.21737,34.68326],[136.22007,34.68263],[136.22022,34.6826],[136.22091,34.68244],[136.22127,34.68231],[136.22145,34.68223],[136.22184,34.68208],[136.22409,34.68097],[136.2289,34.67855],[136.22965,34.67827],[136.22994,34.67815],[136.23032,34.67804],[136.23213,34.67755],[136.23385,34.67708],[136.23589,34.67654],[136.23669,34.6764],[136.23753,34.67632],[136.237988,34.676518],[136.23874,34.67636],[136.23965,34.67637],[136.24352,34.67648],[136.24484,34.6765],[136.24713,34.67652],[136.24929,34.67656],[136.25078,34.67659],[136.25237,34.67661],[136.25538,34.67665],[136.25871,34.6767],[136.26145,34.67669],[136.26186,34.67669],[136.26328,34.6767],[136.266,34.6767],[136.26891,34.67674],[136.27149,34.67676],[136.27294,34.67678],[136.27471,34.67681],[136.27587,34.67683],[136.27751,34.67686],[136.27972,34.67688],[136.28286,34.67694],[136.28538,34.67698],[136.28695,34.67698],[136.28795,34.67698],[136.29021,34.677],[136.29313,34.67702],[136.29583,34.67704],[136.29803,34.67708],[136.29946,34.6771],[136.30151,34.67714],[136.30238,34.67715],[136.304,34.67717],[136.30404,34.67717],[136.3067,34.67717],[136.30885,34.67717],[136.31102,34.67711],[136.31248,34.67703],[136.31336,34.67694],[136.31504,34.67668],[136.3157,34.67657],[136.31763,34.67626],[136.32108,34.67572],[136.32219,34.67556],[136.321627,34.675599],[136.32329,34.67539],[136.32493,34.67515],[136.32564,34.67509],[136.32605,34.67503],[136.32657,34.675],[136.32748,34.67501],[136.32827,34.67509],[136.32956,34.67545],[136.32991,34.67559],[136.33082,34.67591],[136.33148,34.67617],[136.33232,34.67646],[136.33343,34.67677],[136.33438,34.67697],[136.33517,34.67713],[136.33628,34.67726],[136.33682,34.67728],[136.33828,34.67724],[136.33925,34.67713],[136.3405,34.6769],[136.34188,34.67656],[136.34489,34.67586],[136.34712,34.67537],[136.34826,34.67503],[136.348576,34.67468],[136.34935,34.67464],[136.35187,34.67354],[136.35322,34.67288],[136.354,34.67251],[136.35594,34.67161],[136.35701,34.67111],[136.35802,34.67063],[136.35923,34.66994],[136.3599,34.66945],[136.36275,34.66737],[136.36667,34.66478],[136.36696,34.66465],[136.36719,34.66456],[136.36847,34.66416],[136.36925,34.66393],[136.368896,34.664058],[136.36999,34.66372],[136.37044,34.66359],[136.37131,34.66333],[136.37181,34.66316],[136.37211,34.66306],[136.3748,34.66219],[136.37606,34.66178],[136.37652,34.66163],[136.37905,34.66082],[136.38047,34.66036],[136.38088,34.66022],[136.3815,34.66003],[136.38324,34.65945],[136.38654,34.65821],[136.3876,34.65782],[136.3902,34.6569],[136.39157,34.65649],[136.39234,34.65626],[136.3933,34.65596],[136.3951,34.65539],[136.3979,34.65452],[136.3991,34.65416],[136.39991,34.65395],[136.40053,34.65392],[136.40175,34.65394],[136.40197,34.65397],[136.40276,34.65409],[136.40337,34.65425],[136.40411,34.65451],[136.40484,34.65488],[136.4051,34.65502],[136.40523,34.65509],[136.40536,34.65516],[136.40669,34.6559],[136.40781,34.6565],[136.40818,34.6567],[136.408034,34.656783],[136.422363,34.656604],[136.436692,34.656425],[136.43718,34.65621],[136.4374,34.65612],[136.43966,34.65543],[136.4414,34.6549],[136.44178,34.65477],[136.44464,34.65386],[136.44553,34.65354],[136.44719,34.65292],[136.44943,34.65204],[136.45028,34.6517],[136.45166,34.65117],[136.45466,34.64999],[136.45616,34.6494],[136.45657,34.64924],[136.45726,34.64896],[136.45852,34.64848],[136.4592,34.64817],[136.46016,34.64771],[136.46086,34.64736],[136.46158,34.64698],[136.46249,34.64644],[136.46296,34.64616],[136.46362,34.64575],[136.46576,34.64447],[136.46695,34.64377],[136.46821,34.64303],[136.47112,34.64126],[136.47202,34.6407],[136.47275,34.64028],[136.47371,34.63961],[136.47416,34.63929],[136.47448,34.63905],[136.47488,34.63876],[136.47546,34.6383],[136.4757,34.63808],[136.47617,34.63756],[136.47683,34.63681],[136.47704,34.63655],[136.47738,34.63617],[136.47753,34.63597],[136.47867,34.63466],[136.477894,34.635028]]}},{"type":"Feature","properties":{"line_name":"近鉄南大阪線"},"geometry":{"type":"LineString","coordinates":[[135.514529,34.645643],[135.51666,34.64482],[135.51731,34.64448],[135.51793,34.64416],[135.51822,34.64404],[135.51848,34.64393],[135.51873,34.64385],[135.51891,34.64381],[135.51908,34.64376],[135.51934,34.64369],[135.51951,34.64365],[135.51975,34.64356],[135.51982,34.64353],[135.52004,34.64344],[135.52042,34.64322],[135.52196,34.64236],[135.52329,34.64161],[135.5236,34.64146],[135.52379,34.64134],[135.524237,34.641166],[135.5247,34.64072],[135.52494,34.64055],[135.52534,34.64025],[135.52562,34.63995],[135.52593,34.63956],[135.52617,34.63921],[135.52638,34.63886],[135.52643,34.63873],[135.52644,34.6387],[135.52645,34.63867],[135.52655,34.63844],[135.52658,34.63836],[135.52699,34.63726],[135.52715,34.63684],[135.52783,34.635],[135.52852,34.63317],[135.52878,34.63247],[135.528934,34.632184],[135.5291,34.63159],[135.5292,34.63133],[135.52951,34.63049],[135.52964,34.63015],[135.52989,34.62949],[135.53058,34.62765],[135.53078,34.62713],[135.53091,34.6268],[135.53128,34.62581],[135.531148,34.626226],[135.53198,34.62393],[135.53206,34.62371],[135.53212,34.6235],[135.53217,34.6233],[135.5322,34.62313],[135.53223,34.62291],[135.53233,34.62212],[135.53234,34.62205],[135.5325,34.62096],[135.53261,34.62018],[135.53289,34.61833],[135.533,34.61747],[135.5331,34.61662],[135.533078,34.616969],[135.53312,34.61647],[135.53314,34.61632],[135.53338,34.61459],[135.53365,34.61288],[135.53366,34.61274],[135.53366,34.61252],[135.53366,34.61226],[135.53365,34.612],[135.53362,34.61168],[135.53353,34.61087],[135.53337,34.60948],[135.53333,34.6091],[135.53332,34.60899],[135.53309,34.60713],[135.53303,34.60655],[135.532942,34.605926],[135.53288,34.60526],[135.53266,34.6034],[135.53244,34.60153],[135.53237,34.60094],[135.53234,34.60068],[135.53221,34.59966],[135.5322,34.59942],[135.53221,34.59917],[135.53221,34.59897],[135.53223,34.59877],[135.53223,34.59872],[135.53224,34.59861],[135.53229,34.59817],[135.53234,34.59783],[135.5325,34.59671],[135.53255,34.59645],[135.53259,34.5962],[135.53263,34.59602],[135.53299,34.59418],[135.53325,34.5929],[135.53341,34.59233],[135.53393,34.59051],[135.53447,34.58868],[135.53483,34.58755],[135.53489,34.58739],[135.53504,34.58697],[135.5351,34.58678],[135.53515,34.58667],[135.53518,34.5866],[135.535509,34.585823],[135.53598,34.5849],[135.5362,34.58447],[135.53651,34.58384],[135.53719,34.58247],[135.53834,34.58007],[135.53912,34.57845],[135.53971,34.57724],[135.539415,34.577824],[135.54016,34.5764],[135.54033,34.57613],[135.54053,34.57595],[135.54074,34.5758],[135.54097,34.57567],[135.54125,34.57557],[135.54182,34.57545],[135.54252,34.57534],[135.54415,34.57521],[135.54543,34.57517],[135.54658,34.57519],[135.546189,34.575232],[135.54879,34.5753],[135.55127,34.57544],[135.55232,34.57549],[135.5531,34.57553],[135.55367,34.57556],[135.55487,34.57556],[135.55587,34.57554],[135.55648,34.57552],[135.557097,34.575563],[135.55835,34.57547],[135.55941,34.57544],[135.56083,34.57541],[135.56293,34.57536],[135.56646,34.57526],[135.5679,34.57521],[135.56814,34.5752],[135.5686,34.57518],[135.56902,34.57515],[135.56949,34.57508],[135.57001,34.57491],[135.57242,34.57376],[135.572751,34.573591],[135.57322,34.57336],[135.57495,34.57252],[135.57591,34.57206],[135.57626,34.5719],[135.57656,34.57175],[135.57787,34.57114],[135.57818,34.57104],[135.57845,34.57098],[135.57886,34.57095],[135.57961,34.57097],[135.58168,34.57117],[135.58374,34.57141],[135.58529,34.57157],[135.584503,34.571602],[135.58627,34.57165],[135.58673,34.57168],[135.58683,34.57168],[135.58735,34.57168],[135.5888,34.57165],[135.59194,34.57157],[135.59304,34.57152],[135.59496,34.57151],[135.594046,34.571669],[135.59541,34.5715],[135.5957,34.57148],[135.59603,34.57145],[135.59664,34.57137],[135.59946,34.5709],[135.60169,34.57061],[135.60299,34.57045],[135.60547,34.57015],[135.6059,34.57009],[135.60647,34.57001],[135.60765,34.56984],[135.60814,34.5698],[135.60843,34.5698],[135.60868,34.56984],[135.60902,34.56993],[135.60943,34.57011],[135.60998,34.57039],[135.61187,34.57152],[135.61223,34.57172],[135.61258,34.57185],[135.61288,34.57191],[135.61315,34.57191],[135.61341,34.57189],[135.61473,34.57178],[135.61511,34.5717],[135.61612,34.57153],[135.615622,34.571603],[135.61778,34.57119],[135.61858,34.57098],[135.61928,34.57075],[135.61972,34.57053],[135.62004,34.57031],[135.62025,34.57009],[135.62033,34.5699],[135.62036,34.5697],[135.62035,34.56909],[135.62011,34.56766],[135.620399,34.56834],[135.61987,34.56651],[135.61973,34.56609],[135.61963,34.56585],[135.61936,34.56531],[135.61829,34.56351],[135.61795,34.56293],[135.61707,34.56142],[135.61657,34.56057],[135.61583,34.55936],[135.61564,34.5591],[135.61541,34.55885],[135.61508,34.55857],[135.61452,34.55819],[135.61196,34.55655],[135.61101,34.55591],[135.6106,34.55562],[135.61013,34.55522],[135.60974,34.55487],[135.60913,34.55414],[135.609092,34.55416],[135.6089,34.55377],[135.60872,34.55341],[135.6087,34.55334],[135.60867,34.55322],[135.60856,34.55269],[135.60843,34.55183],[135.60849,34.55151],[135.60859,34.55131],[135.60872,34.55107],[135.6089,34.55085],[135.60911,34.55066],[135.60942,34.55042],[135.60966,34.55029],[135.60979,34.55023],[135.61006,34.55012],[135.61026,34.55007],[135.6106,34.54997],[135.61176,34.54974],[135.61418,34.54935],[135.61683,34.54888],[135.61739,34.54875],[135.61817,34.54853],[135.61887,34.54829],[135.61934,34.54808],[135.61974,34.54788],[135.62014,34.54762],[135.62048,34.54737],[135.62081,34.54708],[135.62168,34.54611],[135.62218,34.54558],[135.621999,34.545751],[135.62237,34.54539],[135.62244,34.54531],[135.62407,34.54356],[135.62472,34.54286],[135.62536,34.54217],[135.62564,34.54189],[135.6261,34.5415],[135.62675,34.54106],[135.6275,34.54063],[135.62792,34.54035],[135.62824,34.5401],[135.62856,34.53978],[135.62913,34.53912],[135.62917,34.53908],[135.63034,34.53774],[135.63072,34.5373],[135.63111,34.53693],[135.63188,34.53631],[135.63237,34.53596],[135.63267,34.53576],[135.63511,34.53409],[135.63582,34.53363],[135.63632,34.53338],[135.63691,34.53315],[135.63722,34.53305],[135.637634,34.532974],[135.63808,34.53284],[135.639,34.53263],[135.64019,34.53229],[135.64106,34.53197],[135.64114,34.53194],[135.64146,34.53178],[135.64199,34.53148],[135.64227,34.53128],[135.64255,34.53107],[135.64316,34.53053],[135.64326,34.53045],[135.64338,34.53033],[135.64374,34.53001],[135.64382,34.52994],[135.64424,34.52961],[135.64469,34.52931],[135.645,34.52914],[135.64532,34.52902],[135.6457,34.52891],[135.64604,34.52885],[135.64652,34.52881],[135.64684,34.52881],[135.64741,34.52888],[135.64806,34.52903],[135.64908,34.52933],[135.65024,34.52973],[135.65209,34.53036],[135.65222,34.5304],[135.65252,34.5305],[135.65404,34.531],[135.65566,34.53157],[135.65606,34.53178],[135.6564,34.53203],[135.65664,34.53227],[135.65677,34.53243],[135.65698,34.53274],[135.65715,34.53305],[135.65716,34.5331],[135.65726,34.53332],[135.65745,34.53389],[135.65756,34.53436],[135.6577,34.53486],[135.6578,34.53511],[135.65798,34.53549],[135.65822,34.53584],[135.65841,34.5361],[135.65864,34.53637],[135.65883,34.53656],[135.6592,34.53683],[135.66023,34.53747],[135.6605,34.53763],[135.66059,34.53768],[135.66088,34.53782],[135.66158,34.53816],[135.66276,34.53878],[135.66327,34.53905],[135.66423,34.53953],[135.66457,34.53972],[135.66492,34.53989],[135.66513,34.53999],[135.66598,34.54034],[135.66603,34.54035],[135.66627,34.54045],[135.66753,34.54086],[135.66873,34.54123],[135.66965,34.54147],[135.67028,34.54161],[135.67107,34.54173],[135.67168,34.54183],[135.67219,34.54188],[135.67272,34.54191],[135.67399,34.54193],[135.67556,34.54189],[135.67596,34.54188],[135.67735,34.54173],[135.67761,34.54169],[135.67815,34.54157],[135.67864,34.54143],[135.67888,34.54135],[135.67949,34.54113],[135.68049,34.54072],[135.68137,34.54037],[135.6824,34.54002],[135.68246,34.54002],[135.68345,34.53971],[135.68594,34.53892],[135.685974,34.53907],[135.68688,34.53856],[135.68691,34.53855],[135.68749,34.53831],[135.68779,34.53815],[135.68835,34.53777],[135.68858,34.53757],[135.68975,34.53642],[135.69052,34.53565],[135.69083,34.53533],[135.69189,34.53425],[135.69327,34.53287],[135.69377,34.53234],[135.69414,34.532104],[135.69437,34.5317],[135.6946,34.53145],[135.69483,34.53114],[135.69624,34.52926],[135.69659,34.5288],[135.69704,34.52821],[135.69888,34.52574],[135.69931,34.52517],[135.6998,34.5245],[135.70035,34.52376],[135.70143,34.52238],[135.70368,34.51936],[135.70524,34.51728],[135.70559,34.51682],[135.70609,34.51615],[135.705897,34.516412],[135.70633,34.51582],[135.70659,34.51552],[135.70673,34.51535],[135.70712,34.51493],[135.7075,34.5145],[135.70999,34.51205],[135.71049,34.5116],[135.71116,34.51098],[135.710869,34.511302],[135.71181,34.51043],[135.71199,34.51027],[135.71226,34.51004],[135.71277,34.50973],[135.71322,34.50951],[135.71348,34.50939],[135.71405,34.50917],[135.71442,34.50903],[135.71516,34.50884],[135.71564,34.50872],[135.71608,34.50864],[135.71646,34.50859],[135.7171,34.50854],[135.71959,34.50854],[135.72203,34.50855],[135.721404,34.508577],[135.72326,34.5086],[135.72362,34.50861],[135.72934,34.50878],[135.73024,34.50881],[135.73246,34.50886],[135.73377,34.50882],[135.73458,34.50876],[135.73493,34.50871],[135.73554,34.50862],[135.73567,34.5086],[135.73659,34.50841],[135.73707,34.50829],[135.73747,34.50819],[135.73772,34.50813],[135.73932,34.5077],[135.74007,34.50751],[135.74114,34.50722],[135.74157,34.50711],[135.74209,34.50697],[135.742119,34.507145],[135.74234,34.5069],[135.74245,34.50688],[135.74317,34.50667],[135.74339,34.5066],[135.74348,34.50657],[135.74359,34.50653],[135.74366,34.50651],[135.74382,34.50646],[135.74412,34.50635],[135.7446,34.50613],[135.74488,34.50601],[135.7452,34.50587],[135.74544,34.50573],[135.74569,34.50559],[135.7459,34.50547],[135.7463,34.5052],[135.74667,34.50491],[135.74696,34.50464],[135.74717,34.50443],[135.74737,34.50428],[135.74743,34.50425],[135.74747,34.5042],[135.74778,34.50394],[135.74849,34.50328],[135.74886,34.5029],[135.74968,34.50204],[135.75017,34.50154],[135.75104,34.50066],[135.75132,34.50036],[135.75188,34.49976],[135.75221,34.49945],[135.75251,34.49924],[135.75307,34.49889],[135.7541,34.49832],[135.754749,34.498077],[135.75562,34.4977],[135.75653,34.4973],[135.75687,34.49715],[135.75765,34.49681],[135.75783,34.49672],[135.75851,34.4964],[135.75988,34.4958],[135.7602,34.49566],[135.76127,34.49517],[135.7621,34.4948],[135.76448,34.49374],[135.764876,34.493577],[135.76583,34.49318],[135.76681,34.49274],[135.76792,34.49222],[135.76949,34.49153],[135.77137,34.49065],[135.7733,34.48982],[135.77438,34.48933],[135.77552,34.4888],[135.77643,34.48838],[135.77701,34.48811],[135.77705,34.4881],[135.77742,34.48793],[135.77869,34.48738],[135.7806,34.48653],[135.78085,34.48641],[135.78181,34.48602],[135.781372,34.486187],[135.78229,34.48579],[135.78286,34.48554],[135.7835,34.48529],[135.78427,34.48505],[135.78504,34.48489],[135.78568,34.48481],[135.7862,34.4848],[135.78622,34.4848],[135.7867,34.4848],[135.78774,34.48484],[135.78887,34.48491],[135.79002,34.48501],[135.79037,34.48503],[135.79087,34.48499],[135.79132,34.48484],[135.79198,34.48455],[135.79206,34.48452],[135.79236,34.48434],[135.79258,34.48412],[135.79268,34.48398],[135.79353,34.48298],[135.79434,34.483987]]}},{"type":"Feature","properties":{"line_name":"近鉄けいはんな線"},"geometry":{"type":"LineString","coordinates":[[135.591919,34.678747],[135.59282,34.67875],[135.59344,34.67874],[135.59612,34.67868],[135.60057,34.67861],[135.60374,34.67858],[135.60452,34.67863],[135.604912,34.678627],[135.60546,34.67862],[135.6071,34.6786],[135.60817,34.67861],[135.60984,34.6786],[135.61098,34.67862],[135.61132,34.67863],[135.61212,34.67865],[135.61286,34.6787],[135.61369,34.67881],[135.61428,34.67891],[135.61691,34.67941],[135.61853,34.67975],[135.61979,34.68002],[135.62073,34.68015],[135.62181,34.68029],[135.62218,34.68034],[135.62343,34.68036],[135.624135,34.680294],[135.6256,34.68031],[135.62893,34.68022],[135.62916,34.68023],[135.6324,34.68019],[135.63321,34.68018],[135.63307,34.68019],[135.6342,34.68017],[135.63852,34.68012],[135.63993,34.68011],[135.64165,34.68009],[135.640859,34.680133],[135.64171,34.68009],[135.64213,34.68008],[135.64371,34.68006],[135.64416,34.68005],[135.64449,34.68005],[135.64595,34.68005],[135.64704,34.68002],[135.64771,34.68003],[135.64824,34.68004],[135.6488,34.68007],[135.64948,34.68012],[135.64966,34.68013],[135.65006,34.68019],[135.65022,34.68022],[135.65033,34.68025],[135.65093,34.68043],[135.65151,34.68061],[135.65204,34.68075],[135.65258,34.68089],[135.65446,34.68145],[135.65466,34.68151],[135.65496,34.68161],[135.65498,34.68162],[135.65542,34.6818],[135.65557,34.68184],[135.6564,34.68226],[135.65681,34.6825],[135.65775,34.68315],[135.65821,34.68352],[135.65831,34.68359],[135.65857,34.68385],[135.65885,34.68413],[135.65891,34.68419],[135.66,34.68536],[135.66008,34.68544],[135.66054,34.68594],[135.6607,34.68611],[135.66079,34.68621],[135.66106,34.68652],[135.66138,34.68685],[135.66176,34.68722],[135.6619,34.68735],[135.6623,34.68774],[135.66263,34.68796],[135.66304,34.68824],[135.66321,34.68833],[135.66374,34.68858],[135.66474,34.68906],[135.66509,34.6892],[135.66564,34.6894],[135.66612,34.68955],[135.66635,34.6896],[135.66672,34.68967],[135.66689,34.6897],[135.66745,34.6898],[135.66807,34.68991],[135.66865,34.69001],[135.66981,34.69019],[135.67061,34.69029],[135.67116,34.69036],[135.67122,34.69036],[135.67181,34.69043],[135.67242,34.69051],[135.67262,34.69054],[135.67307,34.69059],[135.67327,34.69061],[135.6734,34.69063],[135.67392,34.69069],[135.6743,34.69074],[135.67456,34.69078],[135.67494,34.69083],[135.67501,34.69083],[135.67564,34.69091],[135.67584,34.69094],[135.67624,34.691],[135.67648,34.69103],[135.67715,34.69111],[135.67769,34.69119],[135.6782,34.69125],[135.67872,34.69131],[135.679,34.69134],[135.67943,34.6914],[135.67993,34.69146],[135.68104,34.6916],[135.68127,34.69162],[135.68228,34.69174],[135.68251,34.69176],[135.68314,34.69184],[135.68372,34.69191],[135.68432,34.69197],[135.68435,34.69198],[135.68483,34.69204],[135.68525,34.69209],[135.68717,34.69225],[135.68801,34.69231],[135.68863,34.69236],[135.68927,34.6924],[135.68977,34.69244],[135.6899,34.69244],[135.69183,34.69258],[135.69221,34.6926],[135.69245,34.69262],[135.69484,34.69277],[135.69539,34.69276],[135.69565,34.6928],[135.69636,34.69288],[135.69679,34.69294],[135.69688,34.69295],[135.698006,34.693082],[135.69923,34.69325],[135.69983,34.69333],[135.70041,34.69337],[135.7011,34.69338],[135.70138,34.69334],[135.70176,34.69329],[135.70217,34.69324],[135.7022,34.69324],[135.7025,34.69318],[135.70266,34.69316],[135.70282,34.69313],[135.70287,34.69313],[135.703,34.69311],[135.70382,34.69298],[135.7039,34.69297],[135.70447,34.69287],[135.70497,34.69279],[135.70527,34.69272],[135.70561,34.69267],[135.70606,34.69259],[135.70627,34.69255],[135.7064,34.69254],[135.7067,34.69248],[135.70727,34.6925],[135.70758,34.69247],[135.71019,34.69202],[135.71054,34.69198],[135.71247,34.69194],[135.7133,34.69204],[135.71424,34.69222],[135.71519,34.69258],[135.71611,34.69307],[135.71679,34.69359],[135.71743,34.69413],[135.71796,34.69478],[135.71834,34.69555],[135.7186,34.6963],[135.71876,34.69702],[135.71878,34.69738],[135.7188,34.69784],[135.71868,34.6984],[135.71842,34.6993],[135.71789,34.70036],[135.71728,34.70144],[135.71537,34.70477],[135.71216,34.71055],[135.71181,34.71176],[135.71167,34.71301],[135.71171,34.71397],[135.71196,34.71546],[135.71231,34.71645],[135.71283,34.71742],[135.71382,34.71875],[135.71494,34.71981],[135.71636,34.72076],[135.716686,34.720345],[135.7173,34.7213],[135.72281,34.72458],[135.723038,34.724789],[135.72403,34.72511],[135.72479,34.72534],[135.72533,34.72547],[135.72655,34.72556],[135.72922,34.72564],[135.73265,34.72569],[135.73655,34.72576],[135.739,34.72583],[135.74832,34.72632],[135.75,34.72645],[135.752424,34.726518]]}},{"type":"Feature","properties":{"line_name":"南海本線"},"geometry":{"type":"LineString","coordinates":[[135.501949,34.66357],[135.50285,34.66215],[135.50306,34.66153],[135.5031,34.66131],[135.50311,34.6611],[135.50311,34.66089],[135.50303,34.66053],[135.50276,34.65948],[135.50267,34.65916],[135.50263,34.65899],[135.50213,34.65714],[135.50182,34.65599],[135.50171,34.65562],[135.50132,34.6541],[135.50112,34.65337],[135.50062,34.65152],[135.5006,34.65144],[135.50043,34.6508],[135.500302,34.650429],[135.50014,34.6497],[135.50011,34.64959],[135.49965,34.64783],[135.4992,34.64616],[135.4989,34.64502],[135.49866,34.64413],[135.49844,34.64333],[135.49816,34.64227],[135.49794,34.64151],[135.49762,34.6404],[135.49719,34.63893],[135.49708,34.63851],[135.49695,34.63813],[135.49637,34.63612],[135.496673,34.636847],[135.49636,34.63604],[135.49619,34.63541],[135.49592,34.6344],[135.49584,34.63409],[135.49579,34.63387],[135.49571,34.6336],[135.49569,34.63349],[135.49568,34.63348],[135.49559,34.63313],[135.49515,34.6314],[135.49509,34.63116],[135.4949,34.63041],[135.49485,34.63023],[135.49474,34.6298],[135.4947,34.62965],[135.49456,34.62908],[135.494388,34.628291],[135.49403,34.62718],[135.49402,34.62709],[135.49353,34.6251],[135.49348,34.62492],[135.49326,34.62409],[135.49323,34.62398],[135.49318,34.62379],[135.49308,34.62343],[135.49289,34.6227],[135.49267,34.62187],[135.49266,34.62182],[135.49256,34.62148],[135.49222,34.62016],[135.4921,34.61975],[135.49192,34.61903],[135.4919,34.61893],[135.491763,34.61833],[135.49146,34.61725],[135.49137,34.61693],[135.49096,34.61539],[135.49077,34.6147],[135.49075,34.61467],[135.49052,34.61375],[135.49049,34.61363],[135.4899,34.61152],[135.490124,34.612431],[135.48977,34.61108],[135.48956,34.61026],[135.48955,34.61021],[135.48942,34.60976],[135.48926,34.60935],[135.48924,34.60933],[135.48907,34.60895],[135.4888,34.60846],[135.4884,34.6078],[135.48788,34.60691],[135.48784,34.60686],[135.48778,34.60675],[135.48749,34.60625],[135.48747,34.60623],[135.487011,34.605348],[135.48657,34.60433],[135.48651,34.60417],[135.48649,34.60412],[135.48626,34.60356],[135.48625,34.60355],[135.48589,34.60258],[135.4855,34.60152],[135.48535,34.60108],[135.48521,34.60069],[135.48519,34.60068],[135.48508,34.60036],[135.48506,34.60031],[135.485,34.60014],[135.48483,34.5997],[135.48409,34.59767],[135.48399,34.59741],[135.4839,34.59719],[135.4839,34.59712],[135.48388,34.5971],[135.4837,34.59661],[135.48348,34.59601],[135.4833,34.59548],[135.48311,34.59503],[135.48297,34.59476],[135.48275,34.59439],[135.48256,34.59413],[135.48253,34.59408],[135.48223,34.59373],[135.48191,34.59341],[135.48142,34.59295],[135.48138,34.59292],[135.48127,34.59284],[135.480556,34.592313],[135.47975,34.59154],[135.47838,34.59036],[135.47722,34.58937],[135.47718,34.58932],[135.47696,34.58914],[135.47676,34.58896],[135.47624,34.58853],[135.47395,34.5866],[135.4734,34.58613],[135.4732,34.58594],[135.47262,34.58542],[135.47148,34.58437],[135.46951,34.58258],[135.46832,34.58151],[135.468754,34.581958],[135.46782,34.58104],[135.46593,34.57932],[135.46588,34.57927],[135.46544,34.57883],[135.465,34.57834],[135.46459,34.57783],[135.46439,34.57756],[135.46433,34.57751],[135.46408,34.57715],[135.46383,34.57676],[135.46347,34.57619],[135.46204,34.57383],[135.46056,34.57139],[135.45963,34.56985],[135.459975,34.570489],[135.4595,34.56963],[135.45891,34.56866],[135.45883,34.56853],[135.4586,34.56815],[135.45821,34.56751],[135.4579,34.56699],[135.45699,34.56549],[135.45665,34.56492],[135.45616,34.56411],[135.45449,34.56135],[135.45444,34.56128],[135.45414,34.56077],[135.45373,34.56009],[135.45371,34.56006],[135.453178,34.559377],[135.45282,34.5586],[135.4528,34.55856],[135.45198,34.55721],[135.45156,34.55651],[135.45085,34.55532],[135.45069,34.55505],[135.45059,34.55488],[135.45025,34.55428],[135.45021,34.55419],[135.45002,34.55382],[135.44983,34.55339],[135.44945,34.55242],[135.44891,34.5512],[135.449129,34.551764],[135.44877,34.55088],[135.44867,34.55063],[135.44861,34.55052],[135.44763,34.54822],[135.44751,34.54791],[135.44739,34.54764],[135.44682,34.54632],[135.44675,34.54615],[135.44664,34.54593],[135.44655,34.5457],[135.44575,34.54381],[135.44554,34.54336],[135.44511,34.54237],[135.44426,34.54032],[135.444629,34.541243],[135.44383,34.53933],[135.44357,34.53868],[135.44349,34.53848],[135.44206,34.5351],[135.44178,34.534546],[135.44138,34.53352],[135.44114,34.53297],[135.44013,34.5306],[135.43993,34.53012],[135.43987,34.52998],[135.43963,34.52944],[135.43961,34.52938],[135.43958,34.52932],[135.43949,34.5291],[135.43947,34.52905],[135.43884,34.52758],[135.43863,34.52713],[135.43851,34.52682],[135.43846,34.5267],[135.43834,34.52643],[135.43809,34.52592],[135.43785,34.52558],[135.43781,34.52549],[135.4377,34.52535],[135.43751,34.5251],[135.43718,34.52473],[135.43695,34.52445],[135.43645,34.524],[135.43609,34.52373],[135.43535,34.5232],[135.43472,34.52279],[135.43459,34.5227],[135.43333,34.52183],[135.43231,34.52112],[135.432723,34.521439],[135.43213,34.521],[135.4317,34.5207],[135.43108,34.52026],[135.43076,34.52004],[135.43039,34.51978],[135.43031,34.51972],[135.4299,34.51944],[135.42922,34.51895],[135.42908,34.51887],[135.42788,34.51803],[135.42765,34.51788],[135.4274,34.51771],[135.4272,34.51757],[135.42682,34.51731],[135.42624,34.51692],[135.42427,34.51556],[135.42407,34.51541],[135.42369,34.51516],[135.42365,34.51513],[135.42357,34.51508],[135.42345,34.515],[135.42339,34.51496],[135.422779,34.514523],[135.42213,34.51408],[135.42211,34.51407],[135.42152,34.51366],[135.42071,34.51309],[135.42069,34.51309],[135.4202,34.51274],[135.41987,34.51252],[135.41913,34.512],[135.41828,34.5114],[135.418,34.51119],[135.41719,34.51064],[135.41578,34.50967],[135.41567,34.50959],[135.4153,34.50933],[135.4143,34.50864],[135.414702,34.508932],[135.41427,34.50862],[135.41419,34.50858],[135.41271,34.50756],[135.41229,34.50728],[135.41219,34.5072],[135.41186,34.50697],[135.41145,34.50669],[135.41136,34.50661],[135.41135,34.50661],[135.41064,34.50611],[135.41058,34.50606],[135.41036,34.5059],[135.40988,34.50556],[135.40979,34.50551],[135.40936,34.5052],[135.40853,34.50463],[135.40834,34.50449],[135.40815,34.50435],[135.40813,34.50434],[135.40803,34.50427],[135.40776,34.50407],[135.40759,34.50394],[135.40668,34.50327],[135.406642,34.503235],[135.40605,34.50286],[135.40516,34.50222],[135.40326,34.50081],[135.40253,34.50026],[135.40214,34.49988],[135.40181,34.4995],[135.40156,34.49917],[135.40118,34.49843],[135.40081,34.4974],[135.40029,34.49592],[135.40014,34.49548],[135.40003,34.49515],[135.3995,34.49352],[135.39867,34.49116],[135.39799,34.48919],[135.39788,34.4889],[135.397668,34.488645],[135.39766,34.48826],[135.39761,34.48811],[135.39723,34.4871],[135.39701,34.48652],[135.39618,34.48434],[135.3958,34.4833],[135.39571,34.48306],[135.39557,34.48267],[135.39549,34.48247],[135.3954,34.48227],[135.39527,34.48197],[135.39493,34.4814],[135.39446,34.48069],[135.39356,34.47948],[135.39258,34.47822],[135.392077,34.477688],[135.39171,34.47704],[135.39151,34.47675],[135.39044,34.47531],[135.39025,34.47505],[135.3891,34.47349],[135.38826,34.47233],[135.38685,34.47042],[135.38541,34.46848],[135.38463,34.46744],[135.384908,34.467917],[135.3845,34.46727],[135.38385,34.46637],[135.38313,34.4654],[135.38265,34.46477],[135.38175,34.46358],[135.38138,34.46308],[135.38105,34.46266],[135.3808,34.46233],[135.38057,34.46205],[135.38021,34.46173],[135.37968,34.46134],[135.37935,34.46108],[135.37899,34.46083],[135.37819,34.460304],[135.37727,34.45968],[135.3761,34.45895],[135.37538,34.45857],[135.37476,34.45826],[135.37302,34.45751],[135.37221,34.45718],[135.37197,34.45706],[135.37109,34.45667],[135.3697,34.45611],[135.37031,34.456437],[135.36958,34.45606],[135.36663,34.45483],[135.3658,34.45449],[135.36558,34.4544],[135.36495,34.45409],[135.36447,34.45378],[135.36418,34.45351],[135.36379,34.45305],[135.36347,34.45261],[135.36243,34.45114],[135.36183,34.45026],[135.36134,34.44955],[135.36009,34.44782],[135.35953,34.44706],[135.35924,34.44677],[135.35901,34.44659],[135.35788,34.44571],[135.357485,34.445499],[135.35681,34.44488],[135.35631,34.44448],[135.35584,34.44411],[135.35405,34.44267],[135.35287,34.44173],[135.34963,34.4392],[135.34931,34.43894],[135.3486,34.43835],[135.34823,34.43798],[135.34801,34.4377],[135.34786,34.43737],[135.34766,34.43663],[135.34759,34.43623],[135.34744,34.43544],[135.34728,34.43483],[135.34705,34.43434],[135.3468,34.43404],[135.34565,34.43298],[135.3453,34.43266],[135.345275,34.432717],[135.34422,34.43169],[135.34342,34.43098],[135.34121,34.42901],[135.34094,34.42877],[135.3409,34.42873],[135.33896,34.42701],[135.33882,34.42688],[135.338366,34.426479],[135.3378,34.42596],[135.33747,34.42567],[135.33606,34.4244],[135.33485,34.42331],[135.33398,34.42252],[135.33298,34.42161],[135.33132,34.42011],[135.33114,34.41995],[135.33093,34.41975],[135.33087,34.41971],[135.330742,34.41983],[135.33008,34.41903],[135.32823,34.41737],[135.32798,34.41715],[135.32711,34.41639],[135.32412,34.41363],[135.32305,34.41285],[135.32282,34.41273],[135.32236,34.41254],[135.32018,34.41189],[135.31878,34.41147],[135.31816,34.4113],[135.31659,34.41083],[135.316724,34.411153],[135.31519,34.4104],[135.31317,34.40977],[135.31284,34.40958],[135.3121,34.40912],[135.31111,34.40831],[135.31041,34.40773],[135.31007,34.40745],[135.30983,34.40725],[135.30911,34.40667],[135.30708,34.4051],[135.30662,34.40472],[135.3035,34.40221],[135.30324,34.40199],[135.30321,34.40197],[135.30268,34.40157],[135.30173,34.40082],[135.30062,34.39992],[135.29957,34.39912],[135.299484,34.399346],[135.2995,34.39906],[135.29925,34.39885],[135.29904,34.39869],[135.2963,34.39654],[135.29558,34.39598],[135.29364,34.39446],[135.29265,34.3937],[135.2924,34.3935],[135.2903,34.39186],[135.28946,34.39114],[135.28976,34.391397],[135.28926,34.39097],[135.28841,34.39024],[135.28753,34.38956],[135.28681,34.3891],[135.28635,34.38884],[135.28535,34.38833],[135.28405,34.38774],[135.28383,34.38764],[135.28354,34.3875],[135.28288,34.3872],[135.28243,34.38699],[135.27898,34.38543],[135.27765,34.38485],[135.27737,34.38472],[135.276939,34.384569],[135.27645,34.38431],[135.27635,34.38427],[135.27481,34.38356],[135.27302,34.38273],[135.27267,34.38254],[135.27232,34.38231],[135.27137,34.38137],[135.27122,34.38123],[135.26944,34.37938],[135.26813,34.37801],[135.26789,34.37777],[135.26722,34.37725],[135.26652,34.37679],[135.26579,34.37636],[135.26513,34.37603],[135.26335,34.37514],[135.26195,34.37446],[135.261362,34.374184],[135.26076,34.37388],[135.25967,34.37336],[135.25891,34.373],[135.25727,34.37221],[135.25661,34.37174],[135.25639,34.37151],[135.25609,34.37123],[135.2559,34.37102],[135.25534,34.37019],[135.25493,34.36947],[135.25451,34.36871],[135.25411,34.36822],[135.2536,34.36769],[135.25292,34.36716],[135.25191,34.36661],[135.25092,34.36624],[135.25049,34.3661],[135.25008,34.36598],[135.24992,34.36594],[135.24941,34.36578],[135.24937,34.36577],[135.24889,34.36562],[135.24722,34.36515],[135.2472,34.36514],[135.24689,34.36508],[135.24538,34.3647],[135.24506,34.36459],[135.24479,34.36445],[135.24468,34.36437],[135.24303,34.36318],[135.24215,34.36251],[135.24065,34.36139],[135.240172,34.36103],[135.23957,34.36059],[135.23903,34.36016],[135.23864,34.3598],[135.23854,34.35967],[135.23816,34.35929],[135.23785,34.3588],[135.23755,34.35819],[135.23742,34.35792],[135.23569,34.35432],[135.23559,34.35408],[135.2354,34.35378],[135.2351,34.35333],[135.23473,34.3529],[135.23433,34.35249],[135.23423,34.35242],[135.23396,34.35222],[135.23361,34.35201],[135.23346,34.35192],[135.2329,34.35167],[135.23227,34.35143],[135.231857,34.351323],[135.23137,34.35113],[135.23101,34.35101],[135.2308,34.35096],[135.22871,34.35033],[135.22791,34.35009],[135.22744,34.34989],[135.22705,34.3497],[135.22646,34.34934],[135.22435,34.34776],[135.22307,34.34677],[135.22269,34.34654],[135.22249,34.34642],[135.21976,34.345],[135.21665,34.34339],[135.21455,34.34231],[135.21333,34.34168],[135.21304,34.34154],[135.212634,34.341323],[135.21218,34.34108],[135.21153,34.34074],[135.21095,34.34043],[135.2107,34.3403],[135.21034,34.34014],[135.20995,34.34],[135.20958,34.33991],[135.20922,34.33987],[135.20882,34.33985],[135.20792,34.33988],[135.20742,34.3399],[135.20475,34.34002],[135.20399,34.34005],[135.20346,34.34004],[135.20298,34.33996],[135.20254,34.33986],[135.20213,34.33974],[135.20182,34.33962],[135.19848,34.33799],[135.19627,34.33692],[135.19561,34.33662],[135.19452,34.3362],[135.19328,34.33584],[135.19302,34.33577],[135.19269,34.33564],[135.192,34.3353],[135.19141,34.33481],[135.19132,34.3347],[135.19129,34.33466],[135.19099,34.33428],[135.1909,34.33415],[135.19079,34.33398],[135.19076,34.33392],[135.19068,34.33377],[135.19056,34.33357],[135.1905,34.33347],[135.19013,34.33293],[135.19005,34.33284],[135.18941,34.33227],[135.18935,34.33222],[135.18893,34.33202],[135.1885,34.33187],[135.18834,34.33183],[135.18828,34.33182],[135.18816,34.3318],[135.18812,34.33179],[135.18782,34.33174],[135.1874,34.33173],[135.18724,34.33173],[135.18678,34.33178],[135.1867,34.3318],[135.18633,34.33187],[135.18565,34.33204],[135.18558,34.33205],[135.18554,34.33206],[135.18506,34.33215],[135.18405,34.33234],[135.18384,34.33236],[135.1824,34.33234],[135.18206,34.33231],[135.18175,34.33227],[135.18142,34.3322],[135.1809,34.33207],[135.18037,34.33192],[135.17988,34.33178],[135.17931,34.3316],[135.17797,34.33114],[135.178159,34.331229],[135.17721,34.3309],[135.17688,34.33077],[135.17679,34.33074],[135.17611,34.3305],[135.17609,34.33049],[135.17559,34.33033],[135.17547,34.33029],[135.1748,34.33005],[135.17442,34.32993],[135.17427,34.32986],[135.17402,34.32978],[135.17359,34.32963],[135.17328,34.32953],[135.17307,34.32946],[135.17263,34.32931],[135.17247,34.32926],[135.17204,34.32914],[135.17179,34.32908],[135.17121,34.32895],[135.17103,34.32891],[135.17068,34.32883],[135.17064,34.32882],[135.17036,34.32877],[135.17015,34.32874],[135.16994,34.3287],[135.16954,34.32863],[135.16919,34.32857],[135.16904,34.32855],[135.1686,34.32847],[135.16831,34.32841],[135.16811,34.32837],[135.16791,34.32831],[135.16743,34.32817],[135.1671,34.32804],[135.16681,34.32791],[135.16672,34.32787],[135.16655,34.32777],[135.1664,34.32769],[135.16635,34.32766],[135.16601,34.32745],[135.16567,34.32722],[135.16548,34.32708],[135.16512,34.32683],[135.16491,34.32669],[135.1645,34.3264],[135.16432,34.32627],[135.16417,34.32617],[135.16397,34.32602],[135.16389,34.32597],[135.16382,34.32592],[135.1634,34.32563],[135.16333,34.32558],[135.16321,34.3255],[135.16233,34.32489],[135.16195,34.32462],[135.16121,34.32414],[135.161,34.32398],[135.160977,34.323986],[135.16078,34.32383],[135.16007,34.32338],[135.15982,34.32321],[135.15957,34.32304],[135.15932,34.32286],[135.1588,34.3225],[135.15874,34.32246],[135.15868,34.32242],[135.15803,34.32196],[135.15794,34.32189],[135.15789,34.32186],[135.15742,34.32145],[135.1572,34.3212],[135.157,34.32096],[135.15671,34.32055],[135.15638,34.32011],[135.15631,34.32004],[135.15622,34.31991],[135.15609,34.31959],[135.15607,34.31951],[135.15604,34.31944],[135.15601,34.31932],[135.15599,34.31905],[135.15599,34.31869],[135.15601,34.31838],[135.15605,34.31821],[135.15612,34.31802],[135.15615,34.31792],[135.15619,34.31784],[135.15621,34.31779],[135.15626,34.31767],[135.15644,34.31734],[135.15661,34.31706],[135.15674,34.31684],[135.15701,34.31642],[135.15729,34.316],[135.15772,34.31537],[135.15781,34.31522],[135.15826,34.31456],[135.15833,34.31445],[135.15842,34.3143],[135.15855,34.31404],[135.1587,34.31369],[135.15871,34.31364],[135.15876,34.31351],[135.15883,34.31323],[135.15887,34.31306],[135.15893,34.31271],[135.15898,34.31237],[135.15899,34.31176],[135.15899,34.31171],[135.15898,34.31092],[135.15897,34.31073],[135.15899,34.31037],[135.15903,34.31014],[135.15908,34.31001],[135.15915,34.30982],[135.15916,34.30979],[135.15923,34.30961],[135.15924,34.30958],[135.15929,34.30946],[135.15942,34.30916],[135.15951,34.30899],[135.15965,34.30883],[135.16006,34.30832],[135.16014,34.30821],[135.16033,34.308],[135.16045,34.30781],[135.16052,34.30769],[135.16059,34.30757],[135.16065,34.30741],[135.16069,34.30734],[135.16081,34.30701],[135.16088,34.30669],[135.1609,34.30656],[135.16087,34.30616],[135.16082,34.30588],[135.16066,34.30548],[135.16047,34.30522],[135.16033,34.30504],[135.16016,34.30486],[135.15956,34.30427],[135.15905,34.30381],[135.15866,34.30345],[135.15792,34.30275],[135.15786,34.30269],[135.1571,34.302],[135.15709,34.302],[135.15675,34.3017],[135.15633,34.30133],[135.15591,34.30097],[135.15496,34.30008],[135.15449,34.2996],[135.15418,34.29922],[135.15401,34.29901],[135.15337,34.29805],[135.15216,34.29618],[135.15207,34.29603],[135.15199,34.2959],[135.15156,34.29525],[135.15153,34.2952],[135.15146,34.2951],[135.15101,34.29442],[135.15099,34.29441],[135.15096,34.29435],[135.1507,34.29394],[135.15046,34.29357],[135.15027,34.2932],[135.15022,34.29304],[135.15016,34.29274],[135.15017,34.29259],[135.15018,34.29234],[135.1502,34.29216],[135.15024,34.29203],[135.15031,34.29176],[135.15045,34.29147],[135.15055,34.29131],[135.15057,34.29128],[135.15071,34.29111],[135.15136,34.29023],[135.151019,34.290619],[135.15146,34.29007],[135.15162,34.28974],[135.15175,34.28945],[135.15185,34.2891],[135.15187,34.28898],[135.15188,34.28892],[135.15191,34.28868],[135.1519,34.28849],[135.15188,34.28843],[135.15185,34.28824],[135.15172,34.28771],[135.15168,34.2876],[135.1516,34.28739],[135.15139,34.28681],[135.14891,34.28297],[135.14854,34.2824],[135.14828,34.28202],[135.14812,34.28178],[135.14797,34.28153],[135.14788,34.28137],[135.14774,34.28105],[135.14762,34.28066],[135.14746,34.27986],[135.14741,34.27954],[135.14737,34.27934],[135.14726,34.27856],[135.14725,34.27847],[135.14718,34.27788],[135.14712,34.2775],[135.14712,34.27739],[135.1471,34.27737],[135.14709,34.27729],[135.14709,34.27722],[135.14708,34.2772],[135.14706,34.277],[135.147042,34.276899],[135.146918,34.275867],[135.14689,34.27572],[135.14683,34.27545],[135.14669,34.27499],[135.14659,34.2747],[135.14625,34.27367],[135.14625,34.27362],[135.14623,34.27362],[135.14621,34.27357],[135.14619,34.27348],[135.14615,34.27339],[135.14607,34.27315],[135.146,34.2729],[135.14594,34.27274],[135.14593,34.27271],[135.14582,34.2724],[135.1457,34.27199],[135.14565,34.27179],[135.14564,34.27146],[135.14566,34.27128],[135.14571,34.27109],[135.14581,34.27075],[135.14584,34.27064],[135.14604,34.26989],[135.14613,34.26956],[135.14621,34.26931],[135.14627,34.2691],[135.14628,34.26905],[135.14646,34.26836],[135.1465,34.26818],[135.14656,34.26772],[135.14655,34.26746],[135.14653,34.26739],[135.14646,34.2671],[135.14645,34.26706],[135.14637,34.26683],[135.14635,34.26679],[135.14632,34.26673],[135.14623,34.26652],[135.14621,34.26651],[135.14594,34.26596],[135.14587,34.26585],[135.14577,34.26559],[135.14573,34.26549],[135.14563,34.26516],[135.14558,34.26498],[135.14552,34.26465],[135.14546,34.26437],[135.14548,34.2642],[135.14557,34.26395],[135.14569,34.26358],[135.14579,34.2634],[135.14596,34.26314],[135.14613,34.26291],[135.1464,34.26261],[135.14705,34.26219],[135.1476,34.26188],[135.14784,34.26175],[135.14822,34.26154],[135.14854,34.2614],[135.14862,34.26137],[135.14865,34.26135],[135.14908,34.26122],[135.14915,34.26119],[135.14933,34.26114],[135.14965,34.26105],[135.14988,34.26101],[135.1505,34.26094],[135.15069,34.26092],[135.15077,34.26092],[135.15121,34.2609],[135.15145,34.26089],[135.15173,34.26087],[135.15208,34.26085],[135.15209,34.26084],[135.1522,34.26082],[135.15251,34.26073],[135.15297,34.26055],[135.15302,34.26052],[135.15386,34.26015],[135.15389,34.26014],[135.15412,34.26004],[135.15487,34.2597],[135.1553,34.25952],[135.15557,34.2594],[135.15566,34.25937],[135.1557,34.25935],[135.15613,34.25916],[135.15691,34.25882],[135.15699,34.25879],[135.15739,34.25861],[135.15934,34.25776],[135.15993,34.2575],[135.15999,34.25747],[135.1601,34.25742],[135.16046,34.25727],[135.16087,34.2571],[135.16095,34.25706],[135.16112,34.25698],[135.16128,34.25692],[135.16212,34.25656],[135.16377,34.25585],[135.1642,34.25566],[135.16543,34.25512],[135.16637,34.25473],[135.16732,34.25425],[135.16788,34.25391],[135.16794,34.25387],[135.16854,34.25342],[135.16868,34.2533],[135.16925,34.25268],[135.16968,34.25215],[135.17015,34.25137],[135.17062,34.25033],[135.17087,34.24951],[135.17108,34.24874],[135.17153,34.24707],[135.17199,34.24547],[135.1727,34.24285],[135.17275,34.24249],[135.1727,34.24189],[135.17256,34.2414],[135.17237,34.24098],[135.17203,34.24051],[135.17156,34.24012],[135.16952,34.23879],[135.16936,34.23869],[135.16829,34.23797],[135.16814,34.23787],[135.16771,34.23758],[135.16743,34.23738],[135.166538,34.236925]]}},{"type":"Feature","properties":{"line_name":"南海高野線"},"geometry":{"type":"LineString","coordinates":[[135.501949,34.66357],[135.50153,34.655137],[135.500302,34.650429],[135.498986,34.64561],[135.496673,34.636847],[135.494388,34.628291],[135.498406,34.622332],[135.49827,34.62143],[135.49821,34.62112],[135.49799,34.61994],[135.49767,34.61813],[135.49743,34.61676],[135.4974,34.61654],[135.49738,34.61632],[135.49737,34.61605],[135.49737,34.61578],[135.49738,34.61552],[135.49742,34.6151],[135.49749,34.61448],[135.49752,34.6141],[135.49764,34.61263],[135.497587,34.6133],[135.49762,34.61225],[135.49758,34.61192],[135.49755,34.61171],[135.4974,34.6111],[135.49728,34.61065],[135.49719,34.61032],[135.49708,34.60997],[135.497,34.60971],[135.49694,34.60935],[135.49689,34.60907],[135.49688,34.60812],[135.49688,34.60699],[135.49687,34.60566],[135.496957,34.606284],[135.49689,34.6052],[135.49688,34.60397],[135.49689,34.6039],[135.49689,34.60368],[135.4969,34.60064],[135.496888,34.600188],[135.49691,34.5994],[135.49689,34.59935],[135.49687,34.59871],[135.49683,34.5986],[135.49678,34.59849],[135.49673,34.59839],[135.49661,34.5981],[135.49613,34.5974],[135.496,34.59719],[135.49599,34.59719],[135.49558,34.59657],[135.49512,34.59588],[135.49494,34.59563],[135.49489,34.59554],[135.4948,34.5954],[135.49431,34.59466],[135.49421,34.5945],[135.494,34.5942],[135.49363,34.59363],[135.49361,34.5936],[135.49342,34.59332],[135.49328,34.5931],[135.49297,34.59264],[135.49295,34.59261],[135.49266,34.59219],[135.49245,34.59186],[135.49174,34.59082],[135.49166,34.59069],[135.49164,34.59067],[135.49143,34.59033],[135.49079,34.58901],[135.491025,34.589319],[135.49079,34.58896],[135.48988,34.58672],[135.48984,34.5866],[135.48949,34.58578],[135.48944,34.58566],[135.48888,34.58432],[135.48882,34.58418],[135.48859,34.58364],[135.48848,34.58343],[135.48817,34.5829],[135.48769,34.58211],[135.48759,34.58195],[135.48665,34.58034],[135.48637,34.5799],[135.48626,34.57967],[135.486,34.57906],[135.48567,34.57826],[135.48565,34.57822],[135.48549,34.57779],[135.48529,34.57694],[135.485062,34.575878],[135.48477,34.57477],[135.48465,34.57425],[135.48461,34.5741],[135.48435,34.57312],[135.48427,34.57275],[135.48424,34.57249],[135.48423,34.57241],[135.48423,34.57219],[135.48423,34.57204],[135.48426,34.57189],[135.48431,34.57168],[135.48439,34.57137],[135.48455,34.57101],[135.48467,34.57076],[135.48492,34.57035],[135.48512,34.57008],[135.48531,34.56988],[135.48554,34.56967],[135.48588,34.56943],[135.48601,34.56935],[135.48626,34.56922],[135.48656,34.56909],[135.48678,34.569],[135.48692,34.56895],[135.48751,34.5687],[135.4878,34.56857],[135.48785,34.56855],[135.48851,34.56821],[135.48892,34.56801],[135.4897,34.5675],[135.48979,34.56743],[135.4898,34.56742],[135.48983,34.56741],[135.48983,34.56739],[135.49043,34.56694],[135.49066,34.56676],[135.49105,34.56647],[135.49143,34.56618],[135.49175,34.56596],[135.49325,34.56479],[135.492668,34.565259],[135.49346,34.5646],[135.49408,34.56412],[135.49459,34.56369],[135.49551,34.56296],[135.49611,34.56247],[135.49719,34.56159],[135.49777,34.5612],[135.49889,34.56037],[135.498751,34.560577],[135.50059,34.55906],[135.50342,34.55692],[135.50514,34.55555],[135.504454,34.556232],[135.50618,34.55474],[135.50724,34.55392],[135.50839,34.55312],[135.50911,34.55266],[135.51122,34.5514],[135.51253,34.55058],[135.513148,34.550235],[135.51415,34.54963],[135.51656,34.54817],[135.51944,34.54644],[135.52182,34.54502],[135.52299,34.5443],[135.52306,34.54426],[135.52555,34.54279],[135.526491,34.542322],[135.52744,34.54166],[135.53006,34.54009],[135.53362,34.53797],[135.53441,34.53749],[135.53565,34.53666],[135.535094,34.537125],[135.5364,34.53604],[135.53742,34.53507],[135.53799,34.53446],[135.5385,34.53388],[135.53906,34.53314],[135.53947,34.53247],[135.53977,34.53187],[135.5402,34.53081],[135.54092,34.52889],[135.5411,34.52842],[135.54202,34.52601],[135.54292,34.52369],[135.543177,34.522949],[135.54349,34.52217],[135.54377,34.52159],[135.54398,34.52122],[135.54419,34.52093],[135.54448,34.5206],[135.54464,34.52042],[135.54472,34.52033],[135.5448,34.52024],[135.54492,34.52011],[135.54608,34.51886],[135.54675,34.51816],[135.54758,34.51728],[135.548137,34.516725],[135.54878,34.51602],[135.55068,34.51402],[135.55296,34.5116],[135.55483,34.5096],[135.55507,34.50934],[135.55567,34.5087],[135.55615,34.50815],[135.55646,34.50769],[135.55667,34.50727],[135.55679,34.50688],[135.55693,34.50636],[135.55708,34.50558],[135.55746,34.50391],[135.557234,34.504643],[135.55751,34.50361],[135.55755,34.50328],[135.55774,34.50246],[135.55795,34.50158],[135.55849,34.49924],[135.55853,34.49902],[135.55866,34.49847],[135.55869,34.49834],[135.55875,34.49805],[135.55882,34.49774],[135.55893,34.49731],[135.55911,34.49659],[135.55925,34.49601],[135.559306,34.495324],[135.5596,34.49448],[135.55962,34.49435],[135.55993,34.49282],[135.55994,34.49275],[135.56011,34.492],[135.5602,34.49155],[135.56021,34.49148],[135.56031,34.49107],[135.56034,34.49082],[135.56039,34.49051],[135.5606,34.48914],[135.56064,34.48883],[135.56072,34.48828],[135.56083,34.48735],[135.56087,34.48712],[135.56093,34.48666],[135.56097,34.48598],[135.56097,34.48561],[135.56097,34.48515],[135.56099,34.48465],[135.56104,34.48405],[135.56108,34.48376],[135.56111,34.48352],[135.56116,34.48322],[135.56124,34.48291],[135.5613,34.48252],[135.56131,34.48247],[135.56135,34.4823],[135.56139,34.48206],[135.56142,34.48194],[135.5615,34.48163],[135.56165,34.48112],[135.56167,34.48102],[135.56175,34.48074],[135.56191,34.48026],[135.56195,34.48013],[135.56228,34.47902],[135.5622,34.479582],[135.56239,34.47853],[135.5631,34.47611],[135.56311,34.47608],[135.56379,34.47383],[135.56394,34.47341],[135.56409,34.47299],[135.56418,34.47272],[135.5643,34.47242],[135.56439,34.47222],[135.56449,34.47202],[135.56484,34.47142],[135.56487,34.47137],[135.56504,34.47107],[135.5653,34.47064],[135.56541,34.47046],[135.56575,34.46993],[135.56604,34.46949],[135.56661,34.46851],[135.566311,34.468894],[135.56694,34.46793],[135.56756,34.46687],[135.5679,34.46627],[135.56817,34.46581],[135.5684,34.46541],[135.5687,34.4649],[135.56875,34.46483],[135.56889,34.46457],[135.56947,34.46356],[135.56997,34.46272],[135.57031,34.46217],[135.57066,34.46153],[135.57081,34.46131],[135.57124,34.46058],[135.57166,34.45983],[135.57183,34.4595],[135.57205,34.45911],[135.57211,34.45897],[135.57219,34.45881],[135.57232,34.45854],[135.57249,34.45815],[135.57273,34.45761],[135.57318,34.4566],[135.57357,34.45573],[135.57367,34.45549],[135.57381,34.45487],[135.5739,34.45432],[135.57392,34.45429],[135.57393,34.45383],[135.5739,34.45354],[135.57386,34.45334],[135.57383,34.45322],[135.57376,34.45292],[135.57373,34.45283],[135.57368,34.45264],[135.57366,34.45258],[135.5736,34.45237],[135.57347,34.45197],[135.57345,34.45192],[135.57342,34.45183],[135.57289,34.45038],[135.573075,34.450994],[135.57284,34.45025],[135.57275,34.44995],[135.57268,34.44985],[135.57249,34.44953],[135.57229,34.44932],[135.57217,34.44917],[135.57207,34.44904],[135.57186,34.44884],[135.57165,34.44862],[135.57142,34.4484],[135.57097,34.44795],[135.57074,34.44771],[135.57037,34.4473],[135.5702,34.44707],[135.57012,34.44691],[135.57001,34.44659],[135.56998,34.44632],[135.56994,34.44595],[135.57025,34.44389],[135.57047,34.44285],[135.57058,34.44224],[135.57059,34.44215],[135.5706,34.44209],[135.57066,34.44179],[135.57082,34.44099],[135.57085,34.44081],[135.57094,34.4404],[135.57096,34.44027],[135.57101,34.44004],[135.57107,34.43972],[135.5712,34.43927],[135.57123,34.43917],[135.57124,34.43911],[135.57137,34.43872],[135.57145,34.4385],[135.57153,34.43825],[135.57156,34.43798],[135.57156,34.43742],[135.57149,34.43713],[135.57134,34.43672],[135.57119,34.43618],[135.57115,34.43607],[135.57102,34.43577],[135.57093,34.43555],[135.57093,34.4355],[135.57073,34.43512],[135.57067,34.435],[135.5705,34.43471],[135.57042,34.43458],[135.57028,34.43432],[135.57016,34.43402],[135.57009,34.43375],[135.57006,34.43354],[135.57005,34.43288],[135.57009,34.43198],[135.5702,34.43176],[135.57034,34.43146],[135.57097,34.43042],[135.57126,34.42998],[135.57164,34.42951],[135.57188,34.42925],[135.57219,34.42894],[135.57232,34.42881],[135.57258,34.42856],[135.5729,34.42825],[135.57293,34.42822],[135.5733,34.42788],[135.57451,34.42685],[135.57502,34.42642],[135.57624,34.4254],[135.57645,34.42525],[135.57646,34.42524],[135.57757,34.42431],[135.577172,34.424697],[135.57808,34.42392],[135.57851,34.42368],[135.57908,34.4234],[135.57966,34.42312],[135.58024,34.42287],[135.5806,34.42271],[135.58079,34.42263],[135.58136,34.42238],[135.58194,34.42211],[135.58252,34.42181],[135.58307,34.42149],[135.5836,34.42115],[135.58406,34.4208],[135.58436,34.42055],[135.58502,34.41995],[135.58522,34.41973],[135.58545,34.41946],[135.58559,34.41929],[135.5858,34.41903],[135.58591,34.41888],[135.5861,34.41863],[135.5862,34.41846],[135.5862,34.41844],[135.58634,34.41823],[135.58645,34.41804],[135.58651,34.41795],[135.58665,34.41772],[135.5869,34.41702],[135.58694,34.41686],[135.58698,34.41677],[135.58726,34.41602],[135.58738,34.41574],[135.58762,34.41535],[135.58781,34.41512],[135.58839,34.41447],[135.58852,34.41433],[135.5891,34.41367],[135.58954,34.41309],[135.58965,34.41291],[135.58984,34.41245],[135.59041,34.41096],[135.590199,34.411493],[135.59044,34.41089],[135.59046,34.41086],[135.59075,34.41003],[135.59094,34.40952],[135.59099,34.40936],[135.59144,34.4081],[135.59213,34.40646],[135.59226,34.40617],[135.59233,34.40599],[135.59238,34.40586],[135.59245,34.40573],[135.5925,34.40561],[135.59253,34.40554],[135.59264,34.40527],[135.59272,34.40509],[135.59284,34.40485],[135.59312,34.40421],[135.5933,34.40377],[135.59343,34.40348],[135.59351,34.4033],[135.59366,34.40298],[135.59374,34.40278],[135.59387,34.40249],[135.59395,34.40229],[135.59408,34.40201],[135.59414,34.40184],[135.59428,34.40156],[135.5943,34.4015],[135.59437,34.40134],[135.59448,34.40107],[135.59457,34.40088],[135.59477,34.40041],[135.5949,34.40011],[135.59499,34.39988],[135.5951,34.39961],[135.59518,34.3994],[135.59527,34.39917],[135.59539,34.39883],[135.59545,34.39847],[135.59566,34.39678],[135.595504,34.397558],[135.59567,34.39672],[135.59571,34.39631],[135.59593,34.39575],[135.59601,34.39559],[135.59605,34.39553],[135.5962,34.39528],[135.59631,34.39514],[135.59651,34.3949],[135.59665,34.39474],[135.59687,34.39453],[135.59699,34.39442],[135.59727,34.39421],[135.5974,34.39412],[135.59753,34.39402],[135.59766,34.39395],[135.59783,34.39384],[135.59794,34.39375],[135.59813,34.39365],[135.59826,34.39356],[135.59837,34.39348],[135.59855,34.39337],[135.59869,34.39327],[135.59879,34.39318],[135.59897,34.39306],[135.5994,34.39274],[135.59947,34.39268],[135.59962,34.39257],[135.59981,34.39242],[135.59993,34.3923],[135.6002,34.39204],[135.60035,34.39189],[135.60059,34.39145],[135.60064,34.39135],[135.60072,34.39123],[135.60104,34.39059],[135.60143,34.38958],[135.60162,34.38896],[135.60173,34.38859],[135.60184,34.38753],[135.60194,34.38658],[135.60195,34.38637],[135.60198,34.38611],[135.60197,34.38576],[135.60194,34.38557],[135.60188,34.38513],[135.60187,34.38506],[135.60184,34.38492],[135.60151,34.38311],[135.60113,34.38102],[135.60098,34.38012],[135.60092,34.37979],[135.60017,34.37548],[135.59934,34.37087],[135.59926,34.37028],[135.59929,34.36958],[135.59934,34.36885],[135.59934,34.36871],[135.59935,34.36825],[135.59934,34.36822],[135.59939,34.36762],[135.59956,34.36708],[135.59982,34.36653],[135.599904,34.366288],[135.60038,34.36559],[135.6007,34.36515],[135.60078,34.36504],[135.60103,34.36474],[135.60117,34.36458],[135.60148,34.36419],[135.60205,34.36349],[135.60225,34.36323],[135.6026,34.36279],[135.60331,34.3619],[135.6035,34.36168],[135.60391,34.36113],[135.60412,34.36089],[135.6042,34.36075],[135.60449,34.36028],[135.60457,34.36015],[135.60461,34.36007],[135.60476,34.35954],[135.60478,34.35952],[135.60481,34.35926],[135.60484,34.35909],[135.60485,34.35874],[135.60483,34.35853],[135.60478,34.35836],[135.60467,34.35804],[135.60459,34.35779],[135.60437,34.35734],[135.60409,34.35677],[135.60394,34.35651],[135.60371,34.3561],[135.60367,34.35603],[135.60357,34.35588],[135.60336,34.3555],[135.603207,34.355292],[135.60295,34.3548],[135.60288,34.3547],[135.60267,34.35429],[135.60252,34.35383],[135.60244,34.35347],[135.60239,34.3531],[135.60239,34.35279],[135.60243,34.3525],[135.60252,34.35213],[135.60285,34.3511],[135.60292,34.3508],[135.60301,34.35018],[135.60301,34.3496],[135.60301,34.3495],[135.60293,34.34927],[135.60284,34.34903],[135.60271,34.34876],[135.60266,34.34862],[135.60244,34.34815],[135.60233,34.34795],[135.60211,34.34725],[135.60202,34.34675],[135.60201,34.34662],[135.60199,34.34652],[135.60189,34.34581],[135.60187,34.34557],[135.60186,34.34553],[135.60181,34.34503],[135.6018,34.34476],[135.6018,34.34438],[135.6018,34.34423],[135.60188,34.3436],[135.60188,34.34345],[135.60195,34.3429],[135.60218,34.34081],[135.60222,34.34039],[135.60228,34.33944],[135.60228,34.33906],[135.60227,34.33893],[135.60226,34.33882],[135.6022,34.33849],[135.60205,34.33785],[135.602085,34.338016],[135.60194,34.33714],[135.60192,34.33706],[135.6019,34.33692],[135.60189,34.33663],[135.60195,34.33575],[135.60199,34.33538],[135.60226,34.33436],[135.60249,34.33378],[135.60285,34.33304],[135.60294,34.33284],[135.60337,34.33202],[135.60366,34.33133],[135.6038,34.33104],[135.60415,34.33019],[135.60421,34.33003],[135.60438,34.3296],[135.60483,34.32823],[135.60547,34.32624],[135.60583,34.32508],[135.60591,34.32483],[135.60608,34.32443],[135.60628,34.32401],[135.60683,34.32318],[135.60736,34.32233],[135.60766,34.32191],[135.60872,34.32007],[135.60908,34.31956],[135.60934,34.31925],[135.60966,34.31892],[135.60992,34.31871],[135.61025,34.31846],[135.61066,34.31825],[135.61107,34.31812],[135.61139,34.31805],[135.61171,34.31803],[135.61241,34.31806],[135.61258,34.31807],[135.61389,34.31826],[135.61437,34.31831],[135.614703,34.318496]]}},{"type":"Feature","properties":{"line_name":"南海空港線"},"geometry":{"type":"LineString","coordinates":[[135.316724,34.411153],[135.31519,34.4104],[135.31317,34.40977],[135.31284,34.40958],[135.3121,34.40912],[135.31111,34.40831],[135.31041,34.40773],[135.31,34.4076],[135.30986,34.40755],[135.30917,34.40734],[135.30862,34.40721],[135.30772,34.40704],[135.30664,34.40699],[135.30578,34.40704],[135.30534,34.40709],[135.30472,34.40714],[135.3046,34.40722],[135.30283,34.40834],[135.30138,34.40938],[135.301,34.4097],[135.30059,34.41004],[135.30022,34.41035],[135.300117,34.410308],[135.30011,34.41044],[135.30003,34.4105],[135.29887,34.41143],[135.29849,34.41173],[135.2983,34.41189],[135.29755,34.4125],[135.29743,34.41259],[135.29712,34.41282],[135.29604,34.41347],[135.29569,34.41368],[135.29554,34.41376],[135.29513,34.41396],[135.29501,34.41402],[135.29479,34.41413],[135.2941,34.41446],[135.29367,34.41478],[135.29266,34.41556],[135.2923,34.41583],[135.29063,34.41709],[135.28715,34.4197],[135.28675,34.41995],[135.28652,34.42012],[135.28539,34.42097],[135.28364,34.42229],[135.28179,34.42367],[135.28024,34.42484],[135.2786,34.42606],[135.27855,34.4261],[135.27592,34.42806],[135.27213,34.4309],[135.27045,34.43216],[135.26878,34.43342],[135.26769,34.43426],[135.26677,34.435],[135.26576,34.43596],[135.26396,34.4378],[135.26292,34.43884],[135.26121,34.44053],[135.26076,34.44091],[135.26016,34.44131],[135.25943,34.44171],[135.25885,34.44196],[135.25832,34.44215],[135.25773,34.44235],[135.25671,34.44258],[135.25575,34.44269],[135.25455,34.4427],[135.25348,34.44265],[135.25216,34.44255],[135.25137,34.44248],[135.25048,34.44228],[135.24989,34.44207],[135.24939,34.44186],[135.24906,34.44171],[135.24884,34.44157],[135.2484,34.44129],[135.24777,34.44081],[135.24722,34.44034],[135.24609,34.43855],[135.24554,34.43775],[135.24496,34.43708],[135.24454,34.43671],[135.24423,34.43646],[135.24413,34.43639],[135.24349,34.43597],[135.243601,34.435848]]}},{"type":"Feature","properties":{"line_name":"御堂筋線"},"geometry":{"type":"LineString","coordinates":[[135.497106,34.758755],[135.49703,34.75789],[135.49702,34.7578],[135.49688,34.75556],[135.49681,34.7547],[135.49678,34.75433],[135.49678,34.75425],[135.49675,34.75378],[135.49673,34.7536],[135.49671,34.75325],[135.4968,34.7524],[135.49704,34.75067],[135.49705,34.75061],[135.49719,34.74984],[135.4973,34.74919],[135.49739,34.74859],[135.49746,34.74823],[135.49751,34.74785],[135.49774,34.74613],[135.49789,34.74533],[135.49797,34.74479],[135.49802,34.74456],[135.49812,34.74395],[135.49825,34.74333],[135.49834,34.74283],[135.49842,34.74246],[135.49848,34.74203],[135.49851,34.74017],[135.498496,34.741052],[135.4985,34.73912],[135.49854,34.73373],[135.498558,34.732919],[135.49855,34.73185],[135.49855,34.73113],[135.49856,34.73092],[135.49856,34.7306],[135.49856,34.73006],[135.49856,34.72967],[135.49858,34.72751],[135.498579,34.726584],[135.49863,34.72559],[135.49864,34.72535],[135.4987,34.72496],[135.49877,34.72432],[135.49884,34.72389],[135.49888,34.72362],[135.499,34.72288],[135.49903,34.72271],[135.49907,34.7225],[135.49908,34.72237],[135.49913,34.72213],[135.49957,34.71944],[135.49961,34.71919],[135.49982,34.71787],[135.49988,34.71758],[135.49994,34.71713],[135.49999,34.71667],[135.49998,34.7157],[135.49996,34.71549],[135.49995,34.71542],[135.49992,34.71511],[135.49982,34.71469],[135.4996,34.71438],[135.49934,34.71401],[135.4993,34.71394],[135.49928,34.71388],[135.49875,34.7133],[135.49781,34.71219],[135.49719,34.71146],[135.49683,34.71104],[135.496938,34.711191],[135.49645,34.71048],[135.49622,34.71006],[135.49616,34.70985],[135.49614,34.70954],[135.4962,34.70911],[135.49641,34.70814],[135.49689,34.70588],[135.49719,34.70472],[135.49734,34.70415],[135.497496,34.703765],[135.49803,34.70211],[135.49811,34.70195],[135.49815,34.70186],[135.49825,34.7017],[135.49832,34.70161],[135.49851,34.7015],[135.49861,34.70146],[135.49879,34.7014],[135.49902,34.70129],[135.49925,34.70117],[135.49937,34.70103],[135.49952,34.70077],[135.5,34.69946],[135.50035,34.69856],[135.50051,34.69819],[135.50101,34.69696],[135.5012,34.69643],[135.50126,34.69605],[135.50099,34.69303],[135.50097,34.69277],[135.500972,34.692289],[135.50093,34.68984],[135.50073,34.68482],[135.50062,34.68234],[135.5006,34.68181],[135.498982,34.681936],[135.50056,34.68012],[135.50045,34.67734],[135.50041,34.67603],[135.50036,34.67542],[135.50033,34.675012],[135.50033,34.67338],[135.50026,34.66992],[135.50026,34.66748],[135.50026,34.66717],[135.50027,34.66561],[135.500277,34.666316],[135.50025,34.66535],[135.50019,34.66516],[135.50004,34.66489],[135.49995,34.66479],[135.49907,34.66375],[135.498,34.66257],[135.49794,34.66153],[135.49791,34.66118],[135.49784,34.65941],[135.49784,34.65735],[135.49788,34.65524],[135.4978,34.656075],[135.49784,34.65387],[135.49776,34.65198],[135.49773,34.6515],[135.49795,34.65098],[135.49818,34.6506],[135.49819,34.65059],[135.49837,34.65039],[135.49863,34.65023],[135.49893,34.65015],[135.49985,34.6499],[135.50002,34.64985],[135.50106,34.64962],[135.50389,34.64895],[135.504413,34.648815],[135.50567,34.64851],[135.50596,34.64842],[135.50663,34.64825],[135.50782,34.64795],[135.51151,34.64698],[135.51291,34.64664],[135.51374,34.646554],[135.51613,34.64588],[135.51677,34.64571],[135.51833,34.64531],[135.51863,34.64521],[135.5187,34.64519],[135.51904,34.64497],[135.51921,34.64478],[135.51929,34.64452],[135.51929,34.64422],[135.51924,34.64389],[135.51903,34.64257],[135.51892,34.64205],[135.51857,34.64024],[135.51816,34.63842],[135.51774,34.63674],[135.51767,34.63653],[135.51753,34.63607],[135.51727,34.63479],[135.51702,34.63357],[135.516954,34.633564],[135.51675,34.63238],[135.51653,34.63099],[135.51628,34.62909],[135.516,34.62718],[135.51572,34.62527],[135.51544,34.62343],[135.51543,34.62336],[135.51528,34.62246],[135.51507,34.62084],[135.515152,34.621627],[135.51499,34.62031],[135.5148,34.61846],[135.51455,34.61656],[135.51452,34.61623],[135.51437,34.61467],[135.51416,34.61282],[135.51392,34.61098],[135.51369,34.60901],[135.513761,34.609873],[135.51363,34.6084],[135.51347,34.60652],[135.51328,34.60466],[135.51314,34.60278],[135.51297,34.60091],[135.51289,34.60009],[135.51268,34.59796],[135.512747,34.598821],[135.51262,34.59713],[135.51253,34.59609],[135.51249,34.59583],[135.51243,34.59549],[135.5124,34.59528],[135.51232,34.59428],[135.5123,34.59401],[135.51236,34.59376],[135.51256,34.59347],[135.514,34.59158],[135.51479,34.59058],[135.51546,34.58972],[135.51566,34.58942],[135.51574,34.58921],[135.51583,34.5889],[135.51605,34.58783],[135.51611,34.58705],[135.51611,34.5866],[135.51622,34.58507],[135.51634,34.58339],[135.51645,34.5816],[135.516469,34.581873],[135.51647,34.58025],[135.51634,34.57804],[135.51629,34.5757],[135.51623,34.57333],[135.5162,34.57169],[135.51618,34.57129],[135.51611,34.57092],[135.51555,34.56908],[135.51499,34.56732],[135.514864,34.567447],[135.51468,34.56631],[135.51457,34.56592],[135.51437,34.56556],[135.51362,34.56444],[135.51327,34.56393],[135.51211,34.56232],[135.51184,34.56202],[135.51148,34.56165],[135.51014,34.56028],[135.50914,34.55925],[135.50712,34.55716],[135.50551,34.55561],[135.50579,34.55607]]}},{"type":"Feature","properties":{"line_name":"谷町線"},"geometry":{"type":"LineString","coordinates":[[135.578241,34.749476],[135.57545,34.74722],[135.57308,34.74539],[135.573,34.74532],[135.57272,34.74508],[135.57015,34.74306],[135.56958,34.74258],[135.56683,34.74042],[135.56508,34.73901],[135.56361,34.73787],[135.563851,34.737973],[135.56339,34.7377],[135.56145,34.73619],[135.56075,34.7356],[135.55797,34.73345],[135.55524,34.7316],[135.55475,34.73126],[135.55493,34.731376],[135.55376,34.73057],[135.55264,34.72979],[135.55181,34.72919],[135.55143,34.72888],[135.55104,34.72856],[135.55076,34.7281],[135.55023,34.72683],[135.54974,34.72558],[135.5495,34.72495],[135.54901,34.7235],[135.54913,34.723808],[135.54728,34.71791],[135.54675,34.71615],[135.5467,34.71596],[135.54657,34.71575],[135.5464,34.71562],[135.54613,34.71548],[135.545797,34.715197],[135.54443,34.71472],[135.54368,34.71436],[135.54324,34.71413],[135.5428,34.7138],[135.54245,34.71349],[135.54173,34.71277],[135.54068,34.71163],[135.54037,34.71128],[135.53927,34.71009],[135.53821,34.70902],[135.538137,34.708951],[135.53783,34.70871],[135.53759,34.70855],[135.53739,34.7085],[135.53721,34.70849],[135.53673,34.70851],[135.52802,34.70896],[135.52722,34.70901],[135.52641,34.709],[135.52586,34.70897],[135.525799,34.709087],[135.52534,34.70891],[135.5248,34.70883],[135.52041,34.70817],[135.52016,34.70813],[135.51982,34.70813],[135.51966,34.70816],[135.51854,34.70854],[135.51826,34.70864],[135.51617,34.7093],[135.51342,34.71015],[135.51158,34.71074],[135.51141,34.71079],[135.51123,34.71081],[135.511283,34.710776],[135.51084,34.71083],[135.51074,34.71084],[135.51062,34.71086],[135.51055,34.71086],[135.51022,34.71079],[135.50984,34.71052],[135.50904,34.70991],[135.50711,34.70839],[135.5062,34.70769],[135.50493,34.70667],[135.505245,34.706864],[135.50341,34.70549],[135.50181,34.70427],[135.50064,34.70337],[135.49992,34.70277],[135.49953,34.7024],[135.49945,34.70224],[135.49945,34.70186],[135.49949,34.70143],[135.49969,34.701031],[135.50016,34.69969],[135.50062,34.69853],[135.50076,34.69828],[135.50108,34.69816],[135.50347,34.69803],[135.50844,34.69774],[135.50969,34.69766],[135.511,34.69757],[135.511078,34.697699],[135.51197,34.69751],[135.51232,34.69749],[135.51437,34.69734],[135.51716,34.69715],[135.51768,34.69711],[135.51791,34.69695],[135.51804,34.69672],[135.51809,34.69655],[135.51808,34.69618],[135.51803,34.69575],[135.51795,34.69529],[135.51789,34.69486],[135.51781,34.69437],[135.5176,34.69344],[135.51748,34.69256],[135.51732,34.69116],[135.51729,34.69085],[135.51725,34.69015],[135.517371,34.689457],[135.51736,34.6882],[135.51734,34.68795],[135.51734,34.68753],[135.51736,34.68567],[135.51738,34.68478],[135.51733,34.68321],[135.5173,34.68146],[135.517253,34.681914],[135.51728,34.68111],[135.51724,34.67882],[135.51713,34.67631],[135.51711,34.67586],[135.51703,34.67455],[135.516912,34.674923],[135.51694,34.67426],[135.51687,34.67333],[135.51672,34.67197],[135.51658,34.671],[135.51641,34.66992],[135.51604,34.66797],[135.51573,34.6666],[135.515801,34.667146],[135.51565,34.66628],[135.51563,34.66616],[135.51506,34.66326],[135.51463,34.66104],[135.51431,34.65917],[135.514134,34.658536],[135.51406,34.65765],[135.51392,34.65675],[135.51386,34.65625],[135.51376,34.65458],[135.51371,34.65358],[135.5137,34.65325],[135.5137,34.65294],[135.51371,34.65246],[135.51383,34.6514],[135.51384,34.6512],[135.51383,34.65105],[135.51377,34.65077],[135.51368,34.65025],[135.51354,34.64944],[135.51328,34.64773],[135.51316,34.647675],[135.5131,34.6469],[135.51301,34.64639],[135.51295,34.64601],[135.51247,34.64413],[135.51233,34.64361],[135.51203,34.64249],[135.51198,34.642374],[135.51194,34.64222],[135.51186,34.64196],[135.51188,34.6418],[135.51193,34.64154],[135.51204,34.64117],[135.51219,34.64088],[135.51233,34.64068],[135.51255,34.64047],[135.51288,34.64028],[135.51331,34.64012],[135.51367,34.63997],[135.51415,34.63978],[135.51456,34.63956],[135.5149,34.63932],[135.51516,34.63908],[135.51668,34.63752],[135.51732,34.63686],[135.518024,34.636039],[135.51925,34.6348],[135.52093,34.63309],[135.52301,34.63092],[135.52345,34.63045],[135.52431,34.62953],[135.52504,34.62876],[135.525515,34.628215],[135.52612,34.62763],[135.52717,34.62654],[135.52931,34.62431],[135.52982,34.62381],[135.53061,34.62293],[135.53096,34.62261],[135.53165,34.62209],[135.53188,34.62196],[135.53207,34.62185],[135.53252,34.62164],[135.53299,34.62146],[135.533036,34.621507],[135.53331,34.62135],[135.53375,34.62125],[135.53395,34.62123],[135.53447,34.62123],[135.53563,34.62126],[135.53971,34.62168],[135.54076,34.62182],[135.54374,34.62222],[135.54499,34.62243],[135.54625,34.6226],[135.54663,34.62264],[135.54694,34.62263],[135.54719,34.62261],[135.54753,34.62252],[135.54795,34.62232],[135.5481,34.62211],[135.54826,34.6219],[135.54842,34.62163],[135.54858,34.62129],[135.5487,34.62091],[135.548887,34.621078],[135.5488,34.62049],[135.54885,34.61995],[135.54891,34.61806],[135.54893,34.6175],[135.549,34.61582],[135.54903,34.61362],[135.54907,34.61142],[135.5491,34.61045],[135.5491,34.61011],[135.54917,34.60984],[135.54927,34.60968],[135.54944,34.60951],[135.5496,34.60936],[135.54981,34.60927],[135.55014,34.60923],[135.55049,34.60921],[135.551633,34.609376],[135.55369,34.60917],[135.55695,34.60918],[135.56022,34.60923],[135.56097,34.60924],[135.56138,34.60924],[135.56431,34.60909],[135.56657,34.60896],[135.565801,34.609012],[135.56703,34.60889],[135.56726,34.60884],[135.56928,34.60841],[135.57207,34.60774],[135.57246,34.60766],[135.57261,34.60759],[135.57282,34.60747],[135.57301,34.60723],[135.57319,34.60683],[135.57326,34.60653],[135.57329,34.60615],[135.57332,34.60566],[135.57338,34.6048],[135.57348,34.60393],[135.57359,34.60329],[135.57393,34.60168],[135.573853,34.602432],[135.57426,34.60022],[135.57433,34.59991],[135.57446,34.59942],[135.57461,34.59911],[135.5749,34.59876],[135.5754,34.59836],[135.57587,34.59813],[135.5764,34.59795],[135.57749,34.59772],[135.57853,34.59751],[135.57931,34.59739],[135.57998,34.59737],[135.58,34.59737],[135.58005,34.59737],[135.58088,34.59736],[135.58198,34.59734],[135.58221,34.59732],[135.5825,34.59728],[135.582464,34.597433]]}},{"type":"Feature","properties":{"line_name":"四つ橋線"},"geometry":{"type":"LineString","coordinates":[[135.495802,34.699642],[135.49558,34.69856],[135.49541,34.69688],[135.4954,34.69666],[135.49544,34.69634],[135.49579,34.69449],[135.49589,34.69405],[135.49613,34.69274],[135.4963,34.69181],[135.496388,34.691355],[135.49643,34.69062],[135.49674,34.68835],[135.4968,34.68782],[135.49684,34.68706],[135.49691,34.68463],[135.49689,34.68355],[135.49691,34.68195],[135.498982,34.681936],[135.49686,34.68148],[135.49684,34.68038],[135.49686,34.67947],[135.49693,34.67879],[135.49695,34.67816],[135.49695,34.67685],[135.49692,34.67584],[135.49683,34.67481],[135.496783,34.674112],[135.49666,34.67307],[135.49643,34.67128],[135.4963,34.66992],[135.4964,34.6694],[135.49651,34.66899],[135.49659,34.66871],[135.49698,34.66762],[135.49718,34.66719],[135.49719,34.66716],[135.497539,34.666402],[135.49798,34.66555],[135.49802,34.66544],[135.49802,34.66531],[135.49801,34.66483],[135.49802,34.66297],[135.498,34.66257],[135.49794,34.66153],[135.49791,34.66118],[135.49784,34.65941],[135.49784,34.65735],[135.49788,34.65524],[135.4978,34.656075],[135.49784,34.65387],[135.49776,34.65198],[135.49773,34.6515],[135.49768,34.65072],[135.49764,34.65015],[135.49745,34.64842],[135.49734,34.64781],[135.49719,34.64725],[135.49672,34.64495],[135.49671,34.64491],[135.496636,34.644371],[135.49639,34.6435],[135.49602,34.64196],[135.49539,34.63985],[135.49517,34.63902],[135.49475,34.63762],[135.49449,34.63664],[135.494,34.63488],[135.493859,34.634372],[135.4936,34.63352],[135.49273,34.63109],[135.49183,34.62879],[135.49137,34.62744],[135.49121,34.62686],[135.49107,34.62637],[135.49094,34.62577],[135.49069,34.62483],[135.49066,34.62472],[135.490527,34.624096],[135.49032,34.62345],[135.49014,34.62309],[135.49012,34.62304],[135.48992,34.62282],[135.48961,34.62258],[135.48924,34.62234],[135.48894,34.62218],[135.48855,34.62212],[135.48731,34.62214],[135.48537,34.62216],[135.48451,34.62217],[135.48415,34.62214],[135.48228,34.62181],[135.48017,34.62144],[135.47854,34.62115],[135.478861,34.621318],[135.47845,34.62114],[135.47631,34.62074],[135.47594,34.62048],[135.4757,34.62027],[135.47541,34.61975],[135.47501,34.61897],[135.47437,34.61766],[135.47392,34.6168],[135.47374,34.61643],[135.47362,34.61604],[135.4735,34.61551],[135.47344,34.61508],[135.47337,34.61363],[135.47331,34.61228],[135.47326,34.61125],[135.47315,34.60962],[135.47315,34.60957],[135.471879,34.609269]]}},{"type":"Feature","properties":{"line_name":"中央線"},"geometry":{"type":"LineString","coordinates":[[135.4103,34.6575],[135.412472,34.642888],[135.41404,34.64323],[135.41489,34.64352],[135.41563,34.64382],[135.41603,34.64398],[135.41641,34.64416],[135.41677,34.64437],[135.41721,34.64461],[135.41832,34.64534],[135.41972,34.64619],[135.42118,34.64708],[135.42209,34.64767],[135.42448,34.64918],[135.42458,34.64924],[135.42657,34.65049],[135.42801,34.65137],[135.42854,34.65164],[135.43062,34.65244],[135.43072,34.65249],[135.43376,34.65365],[135.43381,34.65366],[135.4343,34.65385],[135.434336,34.65388],[135.43466,34.654],[135.43489,34.65409],[135.43586,34.65447],[135.43662,34.65478],[135.4377,34.6552],[135.4408,34.65643],[135.44191,34.65687],[135.44216,34.65697],[135.44224,34.657],[135.44282,34.65722],[135.44369,34.65756],[135.44444,34.65786],[135.44486,34.65802],[135.44533,34.65821],[135.44594,34.65845],[135.44696,34.65885],[135.44716,34.65895],[135.44736,34.65909],[135.44778,34.65947],[135.44797,34.65968],[135.4482,34.66001],[135.44831,34.66017],[135.44908,34.66136],[135.448863,34.661035],[135.44915,34.66148],[135.44931,34.66172],[135.44987,34.66255],[135.44988,34.66259],[135.4509,34.66418],[135.45115,34.66445],[135.4514,34.66469],[135.45174,34.66489],[135.45206,34.66502],[135.45255,34.66519],[135.45561,34.66623],[135.45662,34.66656],[135.45722,34.66676],[135.45765,34.66691],[135.45868,34.66725],[135.45969,34.66762],[135.45987,34.66768],[135.46006,34.66775],[135.46144,34.66822],[135.462,34.66841],[135.462381,34.668547],[135.46288,34.66871],[135.46364,34.66896],[135.46378,34.66901],[135.46394,34.66907],[135.46421,34.66917],[135.46426,34.66919],[135.46541,34.66963],[135.46598,34.66992],[135.46656,34.67028],[135.46696,34.67054],[135.46811,34.67157],[135.46822,34.67165],[135.46942,34.67258],[135.47026,34.67314],[135.47125,34.67377],[135.47138,34.67385],[135.47283,34.6748],[135.47288,34.67483],[135.47428,34.67583],[135.473749,34.675492],[135.47433,34.67587],[135.47621,34.67737],[135.47711,34.6781],[135.47779,34.67862],[135.47833,34.67899],[135.47862,34.67917],[135.47899,34.67937],[135.47921,34.67948],[135.47957,34.6796],[135.48035,34.67982],[135.48132,34.68007],[135.48442,34.68086],[135.48558,34.6811],[135.48621,34.68121],[135.486297,34.681483],[135.48668,34.68126],[135.48719,34.6813],[135.48866,34.68139],[135.49121,34.68157],[135.49542,34.68185],[135.49591,34.68189],[135.49659,34.68186],[135.49719,34.68189],[135.49757,34.68196],[135.49789,34.68202],[135.498982,34.681936],[135.5003,34.68201],[135.50093,34.682],[135.50599,34.68191],[135.50644,34.68189],[135.506912,34.681867],[135.50821,34.68184],[135.50986,34.68182],[135.51137,34.68176],[135.51552,34.68155],[135.51718,34.68147],[135.517253,34.681914],[135.5173,34.68146],[135.51928,34.68132],[135.51988,34.6813],[135.52012,34.68129],[135.52096,34.68128],[135.52292,34.68132],[135.52322,34.68136],[135.52613,34.68143],[135.52702,34.68147],[135.52755,34.68149],[135.52863,34.68152],[135.5312,34.68149],[135.5334,34.68147],[135.532687,34.681508],[135.53425,34.68145],[135.53597,34.68143],[135.53857,34.68141],[135.53948,34.68139],[135.54025,34.68132],[135.54094,34.68124],[135.54219,34.68109],[135.54336,34.68094],[135.5439,34.68086],[135.54616,34.68058],[135.545242,34.680756],[135.54861,34.68024],[135.55321,34.67966],[135.55587,34.67932],[135.55747,34.67911],[135.557186,34.67909],[135.55784,34.67906],[135.56218,34.6785],[135.56273,34.67844],[135.56327,34.67842],[135.56344,34.67841],[135.56408,34.67841],[135.56704,34.67833],[135.56924,34.6783],[135.57087,34.67829],[135.57156,34.67834],[135.57177,34.67835],[135.57203,34.6784],[135.57343,34.67866],[135.573113,34.678747],[135.57444,34.67885],[135.57488,34.67892],[135.57539,34.67899],[135.57604,34.67902],[135.5776,34.67899],[135.57931,34.67893],[135.58003,34.67891],[135.58093,34.67889],[135.58253,34.67886],[135.58441,34.67883],[135.5847,34.67883],[135.58695,34.67878],[135.58864,34.67876],[135.59111,34.67876],[135.591919,34.678747]]}},{"type":"Feature","properties":{"line_name":"堺筋線"},"geometry":{"type":"LineString","coordinates":[[135.510757,34.710265],[135.51077,34.70879],[135.51078,34.70747],[135.51084,34.70461],[135.51086,34.70304],[135.5108,34.703809],[135.51094,34.70076],[135.51099,34.6988],[135.511,34.69757],[135.511078,34.697699],[135.51101,34.6971],[135.51103,34.69637],[135.51102,34.69597],[135.51098,34.69554],[135.51075,34.69506],[135.51065,34.69475],[135.51032,34.69428],[135.50999,34.69393],[135.50962,34.69362],[135.50911,34.69335],[135.50803,34.69291],[135.50757,34.69272],[135.50738,34.69259],[135.50718,34.6924],[135.50704,34.69223],[135.5069,34.69207],[135.50672,34.69177],[135.50662,34.69148],[135.506634,34.691588],[135.50658,34.69117],[135.50656,34.69061],[135.50655,34.6896],[135.50652,34.68767],[135.50648,34.68353],[135.50644,34.68189],[135.506912,34.681867],[135.50644,34.68159],[135.50645,34.68126],[135.50634,34.67575],[135.50633,34.67531],[135.506357,34.674645],[135.5063,34.67354],[135.50619,34.66992],[135.50618,34.6681],[135.50618,34.6675],[135.50617,34.66698],[135.506635,34.667146],[135.50612,34.66561],[135.50605,34.66442],[135.50601,34.6631],[135.50599,34.66255],[135.5059,34.66065],[135.50582,34.65876],[135.50573,34.65706],[135.50568,34.65589],[135.50566,34.65555],[135.50559,34.65506],[135.505575,34.65508],[135.50552,34.65472],[135.50543,34.65439],[135.50506,34.6533],[135.50445,34.65142],[135.50385,34.64958],[135.50359,34.6488],[135.504413,34.648815],[135.50357,34.64874],[135.50299,34.64695],[135.5028,34.64615],[135.50268,34.64567],[135.50263,34.64551],[135.50249,34.64536],[135.50247,34.64534],[135.50205,34.64505],[135.50085,34.64431],[135.50055,34.64413],[135.50011,34.64384],[135.49975,34.64353],[135.49937,34.64317],[135.49873,34.64243],[135.49851,34.64214],[135.49837,34.6419],[135.49824,34.64162],[135.49794,34.64058],[135.49719,34.63787],[135.49715,34.63769],[135.4968,34.63638],[135.496673,34.636847]]}},{"type":"Feature","properties":{"line_name":"千日前線"},"geometry":{"type":"LineString","coordinates":[[135.476031,34.694384],[135.47486,34.69333],[135.47488,34.69197],[135.47486,34.69166],[135.47487,34.69151],[135.47495,34.69134],[135.47582,34.6901],[135.476187,34.689607],[135.47689,34.68856],[135.47703,34.68842],[135.4772,34.68827],[135.47736,34.68816],[135.47816,34.68772],[135.48041,34.68643],[135.48089,34.6862],[135.48119,34.68607],[135.48188,34.68585],[135.48208,34.68579],[135.48343,34.68544],[135.48448,34.68516],[135.48473,34.68505],[135.48486,34.68497],[135.48494,34.6849],[135.48504,34.68473],[135.48526,34.68428],[135.48563,34.68341],[135.48596,34.68245],[135.48649,34.68086],[135.486297,34.681483],[135.48679,34.67948],[135.48728,34.67762],[135.48735,34.67717],[135.48734,34.67667],[135.48732,34.67616],[135.48711,34.67473],[135.487223,34.675256],[135.48691,34.67314],[135.48683,34.67257],[135.48659,34.67085],[135.48653,34.67028],[135.48653,34.67001],[135.48653,34.66992],[135.4866,34.66948],[135.48674,34.66908],[135.48694,34.66886],[135.4872,34.66868],[135.48757,34.6685],[135.48787,34.66845],[135.4882,34.66843],[135.48851,34.66841],[135.48897,34.66841],[135.488839,34.668427],[135.48948,34.66838],[135.49112,34.66822],[135.49184,34.66815],[135.49358,34.66796],[135.49517,34.66779],[135.49719,34.66742],[135.49787,34.66736],[135.49845,34.66729],[135.49847,34.66729],[135.49887,34.66725],[135.49947,34.66721],[135.499599,34.667205],[135.50026,34.66717],[135.50064,34.66715],[135.50316,34.66707],[135.50508,34.66702],[135.50617,34.66698],[135.506635,34.667146],[135.5078,34.66693],[135.51125,34.66681],[135.5132,34.66678],[135.51389,34.66676],[135.51535,34.66665],[135.51573,34.6666],[135.515801,34.667146],[135.51858,34.66627],[135.51903,34.66623],[135.52078,34.66605],[135.52137,34.666],[135.52211,34.66598],[135.52272,34.666],[135.52408,34.66603],[135.52465,34.66603],[135.52562,34.66601],[135.52746,34.66597],[135.52772,34.66597],[135.53007,34.66598],[135.529393,34.666032],[135.53086,34.66603],[135.53154,34.66608],[135.53333,34.66622],[135.53434,34.66626],[135.5347,34.66633],[135.53575,34.66668],[135.53975,34.66795],[135.54141,34.6685],[135.54242,34.66883],[135.54272,34.66889],[135.54299,34.66892],[135.54325,34.66889],[135.54401,34.66872],[135.544274,34.668617],[135.54582,34.66824],[135.5481,34.66766],[135.54859,34.66756],[135.54884,34.66753],[135.54931,34.66762],[135.55226,34.66806],[135.55304,34.66813],[135.553836,34.668158],[135.55538,34.66824],[135.55576,34.66821],[135.55605,34.66816],[135.55632,34.66809],[135.55657,34.66788],[135.55679,34.66751],[135.55684,34.66713],[135.55681,34.66678],[135.55666,34.66562],[135.55653,34.66431],[135.5565,34.664],[135.55647,34.66353],[135.55639,34.66247],[135.556245,34.661531],[135.55615,34.66021],[135.55601,34.65906],[135.55581,34.65755],[135.55565,34.6568],[135.5552,34.65454],[135.5548,34.652],[135.554964,34.652982],[135.55445,34.65005],[135.55406,34.64785],[135.55366,34.64565],[135.55336,34.64381],[135.5532,34.64287],[135.553298,34.643261]]}},{"type":"Feature","properties":{"line_name":"長堀鶴見緑地線"},"geometry":{"type":"LineString","coordinates":[[135.478882,34.665855],[135.47936,34.66678],[135.47946,34.66704],[135.4795,34.66724],[135.47949,34.66755],[135.47948,34.6677],[135.47946,34.66777],[135.47942,34.66798],[135.47919,34.66886],[135.47912,34.66916],[135.47912,34.6694],[135.47919,34.66992],[135.47919,34.67007],[135.4792,34.67025],[135.479415,34.670757],[135.47949,34.67146],[135.47968,34.67199],[135.48085,34.67449],[135.4811,34.6748],[135.48142,34.6751],[135.48186,34.67538],[135.48238,34.67562],[135.48286,34.67576],[135.4834,34.67585],[135.48383,34.67588],[135.48428,34.67586],[135.48495,34.67577],[135.48554,34.67573],[135.48621,34.67571],[135.48771,34.67571],[135.487223,34.675256],[135.48838,34.67571],[135.49048,34.67567],[135.49297,34.67557],[135.493575,34.675442],[135.49447,34.6755],[135.49719,34.67536],[135.4973,34.67536],[135.49768,34.67536],[135.49811,34.67538],[135.49833,34.67537],[135.49982,34.67535],[135.50033,34.675012],[135.50092,34.67529],[135.50414,34.67531],[135.50575,34.6753],[135.50633,34.67531],[135.506357,34.674645],[135.50721,34.6753],[135.51005,34.67531],[135.51111,34.67533],[135.5113,34.67534],[135.51159,34.67535],[135.51181,34.67536],[135.512,34.67538],[135.51222,34.67542],[135.51247,34.67549],[135.512467,34.675479],[135.5132,34.6757],[135.51394,34.67592],[135.51435,34.67598],[135.51476,34.67601],[135.51506,34.67602],[135.51724,34.67605],[135.516912,34.674923],[135.51756,34.67605],[135.51813,34.67603],[135.51848,34.67602],[135.51868,34.67601],[135.52066,34.67588],[135.52116,34.67584],[135.52265,34.67573],[135.52338,34.67564],[135.52554,34.67527],[135.52663,34.67508],[135.5282,34.6748],[135.52874,34.67473],[135.52922,34.67468],[135.53047,34.67461],[135.530251,34.674662],[135.53071,34.6746],[135.53096,34.6746],[135.53125,34.67462],[135.5315,34.67472],[135.53163,34.67479],[135.53171,34.67483],[135.5319,34.67503],[135.53215,34.67543],[135.53237,34.67582],[135.53248,34.67609],[135.53253,34.67627],[135.53263,34.67674],[135.53282,34.67763],[135.53298,34.67841],[135.53327,34.6799],[135.53335,34.68035],[135.53342,34.6808],[135.53342,34.68121],[135.5334,34.68172],[135.533481,34.681861],[135.53335,34.68301],[135.53329,34.68369],[135.53316,34.68476],[135.53287,34.68589],[135.53262,34.68645],[135.53111,34.68936],[135.53006,34.69133],[135.52947,34.69241],[135.529688,34.692144],[135.52889,34.6934],[135.52865,34.69382],[135.52844,34.69416],[135.52842,34.69424],[135.52831,34.69453],[135.52833,34.69498],[135.52847,34.69531],[135.52892,34.69584],[135.52958,34.69656],[135.529962,34.696885],[135.53052,34.69756],[135.53072,34.69775],[135.53116,34.69802],[135.53139,34.69815],[135.53198,34.69837],[135.53269,34.69856],[135.53368,34.69876],[135.53527,34.69909],[135.5362,34.69927],[135.5395,34.6999],[135.54006,34.70001],[135.54055,34.7001],[135.5411,34.70011],[135.54602,34.70034],[135.54702,34.70042],[135.547709,34.700368],[135.54848,34.70056],[135.55198,34.70098],[135.55471,34.70128],[135.55944,34.7019],[135.55954,34.70191],[135.55984,34.70196],[135.55989,34.70197],[135.560044,34.701913],[135.56101,34.70225],[135.56225,34.70258],[135.56265,34.70268],[135.56341,34.70276],[135.56423,34.70278],[135.56606,34.70289],[135.56821,34.70302],[135.56988,34.70322],[135.5715,34.70339],[135.57194,34.70344],[135.57341,34.70364],[135.57274,34.703532],[135.57397,34.70382],[135.57422,34.70404],[135.57442,34.7043],[135.57458,34.70461],[135.57462,34.70481],[135.57463,34.70704],[135.57463,34.70738],[135.57467,34.70755],[135.57475,34.70778],[135.57488,34.70795],[135.57533,34.70831],[135.57773,34.7095],[135.57823,34.70976],[135.5792,34.71022],[135.57961,34.71042],[135.58005,34.71064],[135.580239,34.710754],[135.58137,34.7113],[135.58156,34.71147],[135.58189,34.71181],[135.58215,34.71199],[135.58566,34.71365],[135.58689,34.71423],[135.58752,34.71453],[135.588,34.71476],[135.58847,34.71497],[135.58896,34.71518],[135.5897,34.71548],[135.59041,34.71579],[135.59088,34.71599],[135.59136,34.71621],[135.59185,34.71643],[135.5931,34.71706],[135.59246,34.716865]]}},{"type":"Feature","properties":{"line_name":"今里筋線"},"geometry":{"type":"LineString","coordinates":[[135.54732084274292,34.75982037447907],[135.54724,34.75949],[135.54716,34.75734],[135.54709,34.7563],[135.54707,34.75594],[135.54706,34.75576],[135.54698,34.75558],[135.54689,34.75544],[135.54667,34.75523],[135.54646,34.75504],[135.54631,34.75492],[135.54597,34.75473],[135.54555,34.75456],[135.54546,34.75452],[135.54535,34.75445],[135.54524,34.75435],[135.54517,34.75422],[135.54511,34.75405],[135.54465,34.75258],[135.547085,34.752214],[135.54438,34.75165],[135.54264,34.74579],[135.54262,34.74565],[135.54263,34.74556],[135.54266,34.74543],[135.54274,34.7453],[135.54291,34.74515],[135.54398,34.74445],[135.54448,34.744],[135.544408,34.743805],[135.54496,34.74353],[135.546,34.74251],[135.54693,34.74159],[135.54888,34.7395],[135.55024,34.738],[135.55255,34.73542],[135.55497,34.73269],[135.5555,34.7321],[135.55493,34.731376],[135.55635,34.73118],[135.55663,34.73092],[135.55878,34.72893],[135.56001,34.72775],[135.56049,34.72722],[135.56068,34.72694],[135.56084,34.72659],[135.56093,34.72621],[135.56094,34.7257],[135.56089,34.72498],[135.56083,34.72276],[135.56079,34.72155],[135.563149,34.721379],[135.56078,34.7211],[135.5607,34.71891],[135.56062,34.7171],[135.56058,34.71589],[135.56055,34.71563],[135.5605,34.7155],[135.56041,34.71539],[135.56025,34.7153],[135.56004,34.71525],[135.55978,34.71523],[135.55892,34.71524],[135.558296,34.715197],[135.55759,34.71527],[135.55696,34.71528],[135.5549,34.71532],[135.55308,34.71537],[135.55098,34.71544],[135.54825,34.71553],[135.54725,34.71556],[135.54703,34.71555],[135.54684,34.71551],[135.5467,34.71545],[135.54661,34.71538],[135.54653,34.71529],[135.54647,34.71515],[135.54644,34.71498],[135.54644,34.7145],[135.54644,34.71358],[135.54644,34.71247],[135.546353,34.712975],[135.54644,34.712],[135.54638,34.7087],[135.54637,34.70704],[135.54635,34.70521],[135.54632,34.70255],[135.5463,34.70163],[135.54629,34.70049],[135.547709,34.700368],[135.54628,34.70012],[135.54625,34.698],[135.54622,34.69619],[135.5462,34.69428],[135.54618,34.69346],[135.54617,34.69303],[135.5461,34.69254],[135.545234,34.692605],[135.54602,34.69187],[135.54589,34.69066],[135.54575,34.68956],[135.54559,34.68837],[135.54542,34.687],[135.54519,34.68543],[135.54498,34.68392],[135.54474,34.68224],[135.54471,34.68204],[135.54456,34.68096],[135.545242,34.680756],[135.54449,34.68041],[135.54433,34.67923],[135.54402,34.67704],[135.54377,34.67527],[135.54357,34.67389],[135.54341,34.67281],[135.54326,34.67166],[135.54319,34.67112],[135.54296,34.66947],[135.544274,34.668617]]}},{"type":"Feature","properties":{"line_name":"近鉄名古屋線"},"geometry":{"type":"LineString","coordinates":[[136.88375,35.16936],[136.88374,35.16901],[136.88374,35.16833],[136.8837,35.16725],[136.8837,35.16581],[136.88366,35.16553],[136.88357,35.16523],[136.88351,35.16503],[136.88338,35.16482],[136.88304,35.16442],[136.88271,35.16402],[136.88229,35.16355],[136.88186,35.1631],[136.88117,35.16244],[136.88057,35.16184],[136.88041,35.16171],[136.88015,35.16155],[136.87962,35.16126],[136.87909,35.16097],[136.87759,35.16024],[136.87735,35.16011],[136.87652,35.15971],[136.87551,35.15924],[136.87465,35.1588],[136.87426,35.15861],[136.87334,35.15815],[136.87296,35.15795],[136.87269,35.15776],[136.87246,35.15757],[136.87221,35.15734],[136.87205,35.15716],[136.87168,35.15685],[136.87135,35.15662],[136.87080500000002,35.156274999999994],[136.87026,35.15593],[136.86976,35.15566],[136.86952,35.1555],[136.86923,35.15536],[136.86886,35.15516],[136.86809,35.15482],[136.8661,35.15385],[136.86413,35.15298],[136.86381,35.152815000000004],[136.86349,35.15265],[136.86285,35.15234],[136.86249,35.15219],[136.86169,35.15183],[136.86052,35.15125],[136.86004,35.15103],[136.85979,35.15094],[136.85923,35.15074],[136.85897,35.15066],[136.85855,35.15053],[136.85678,35.15008],[136.85523,35.14972],[136.855045,35.149677],[136.85433849999998,35.149525],[136.853632,35.149373],[136.85328,35.1493],[136.85248,35.14913],[136.85113,35.14881],[136.84963,35.14841],[136.84756,35.14794],[136.84614,35.14758],[136.84475,35.14721],[136.84445,35.14711],[136.84313,35.14674],[136.84159,35.14632],[136.84101,35.14619],[136.83976,35.14591],[136.8395,35.14584],[136.8384,35.14557],[136.83789,35.14547],[136.83769,35.14543],[136.83741,35.14536],[136.83724,35.14531],[136.83712,35.14528],[136.837,35.14522],[136.83687,35.14515],[136.83651,35.14495],[136.83614,35.14477],[136.83546,35.14439],[136.83407,35.1436],[136.83323,35.14314],[136.83297,35.14299],[136.83284,35.14291],[136.83257,35.14275],[136.83178,35.14233],[136.83151,35.14219],[136.83135,35.14209],[136.83117,35.14199],[136.83026,35.14148],[136.82816,35.14035],[136.82782500000002,35.14015],[136.82749,35.13995],[136.82542,35.13884],[136.82497,35.13856],[136.82481,35.13846],[136.82441,35.13826],[136.82384,35.13794],[136.82345,35.13775],[136.82239,35.13716],[136.82219,35.13706],[136.82208,35.13701],[136.82152,35.13673],[136.82096,35.13644],[136.82037,35.13618],[136.81999,35.136],[136.81947,35.13577],[136.8191,35.13561],[136.81859,35.13543],[136.81809,35.13526],[136.81748,35.13506],[136.81641,35.13479],[136.81509,35.13443],[136.81351,35.13406],[136.81192,35.13367],[136.81186,35.13366],[136.81139,35.13356],[136.81035,35.13332],[136.80889,35.13295],[136.80836,35.13283],[136.80785,35.13271],[136.807445,35.132605],[136.80704,35.1325],[136.80541,35.13211],[136.80386,35.13172],[136.8022,35.13133],[136.80052,35.13094],[136.79994,35.13081],[136.79755,35.13022],[136.79576,35.12978],[136.79521499999998,35.12965],[136.79467,35.12952],[136.79223,35.12891],[136.79081,35.12859],[136.78919,35.12819],[136.78837,35.12799],[136.78641,35.12754],[136.78583,35.12739],[136.78542,35.1273],[136.7843,35.12705],[136.78406,35.12698],[136.78191,35.12649],[136.78069,35.12619],[136.78044,35.1261],[136.77874,35.12571],[136.77708,35.12533],[136.77517,35.12487],[136.77464,35.12474],[136.77229,35.12415],[136.77114,35.12388],[136.77083,35.12381],[136.77007,35.12364],[136.76936999999998,35.123490000000004],[136.76867,35.12334],[136.76635,35.12279],[136.76545,35.12257],[136.76532,35.12254],[136.76486,35.12243],[136.76343,35.12209],[136.75989,35.12126],[136.75647,35.12046],[136.75543,35.12022],[136.75528,35.12018],[136.75273,35.11958],[136.752305,35.119479999999996],[136.75188,35.11938],[136.74908,35.11873],[136.74872,35.11866],[136.74837,35.11858],[136.74706,35.11828],[136.74474,35.11773],[136.74075,35.1168],[136.74015,35.11665],[136.73827,35.11619],[136.73781,35.11608],[136.73762,35.11604],[136.73601,35.11565],[136.73405,35.11517],[136.73276,35.11486],[136.73229,35.11474],[136.73212,35.11471],[136.73184,35.11463],[136.73029,35.11426],[136.72993,35.11417],[136.72956,35.11408],[136.7285,35.1138],[136.727765,35.113585],[136.72703,35.11337],[136.72666,35.11325],[136.72577,35.11295],[136.72545,35.11285],[136.72511,35.11272],[136.72465,35.11255],[136.72424,35.1124],[136.72403,35.11233],[136.7238,35.11224],[136.72346,35.1121],[136.72314,35.11197],[136.72249,35.11169],[136.72042,35.11073],[136.72019,35.11061],[136.71904,35.10999],[136.71742,35.10907],[136.71711,35.10889],[136.71637,35.10845],[136.71287,35.10643],[136.70794,35.10357],[136.7072,35.10314],[136.70692,35.10298],[136.70402,35.10129],[136.70301,35.1007],[136.70143,35.09986],[136.70111,35.09969],[136.7006,35.09946],[136.70038,35.09934],[136.69841,35.09854],[136.6983,35.0985],[136.69705,35.098],[136.69668,35.09786],[136.69608,35.097629999999995],[136.69548,35.0974],[136.6936,35.09666],[136.69336,35.09656],[136.69245,35.09619],[136.69204,35.09603],[136.6915,35.09578],[136.69131,35.09568],[136.69055,35.09528],[136.69015,35.09503],[136.68979,35.09481],[136.6896,35.0947],[136.6861,35.09233],[136.68117,35.08898],[136.68028,35.08835],[136.67993,35.08804],[136.6797,35.08785],[136.67938,35.08747],[136.67918,35.08722],[136.67892,35.08681],[136.67882,35.08657],[136.67854,35.08583],[136.67847,35.08552],[136.67844,35.08517],[136.67844,35.08483],[136.67851,35.0844],[136.67859,35.0841],[136.67865,35.08393],[136.67873,35.08369],[136.679,35.08298],[136.67929,35.08221],[136.67941,35.08191],[136.67945,35.08181],[136.67966,35.08126],[136.67986,35.08075],[136.67997,35.08045],[136.68005,35.08025],[136.68028,35.07967],[136.68032,35.07954],[136.68045,35.07922],[136.68066,35.07869],[136.68082,35.07829],[136.68104,35.0777],[136.68134,35.07695],[136.68144,35.07673],[136.6816,35.07637],[136.68163,35.07631],[136.68219,35.07535],[136.68219,35.07534],[136.68224,35.07524],[136.68232,35.07508],[136.6824,35.07488],[136.68248,35.07463],[136.68252,35.0744],[136.68257,35.07408],[136.68258,35.0738],[136.68262,35.0732],[136.68267,35.07258],[136.68269,35.07236],[136.68277,35.07195],[136.6828,35.07181],[136.68283,35.07169],[136.68294,35.07133],[136.68306,35.0711],[136.68317,35.0709],[136.68334,35.07063],[136.6834,35.07054],[136.68353,35.07035],[136.68361,35.07024],[136.683668,35.070121],[136.683726,35.069921],[136.683769,35.069722],[136.683785,35.069609],[136.683785,35.069404],[136.683785,35.069241],[136.683773,35.069152],[136.68373,35.068904],[136.683631,35.068404],[136.68351,35.0678],[136.683375,35.066975],[136.68324,35.06615],[136.68321,35.06507],[136.68312,35.0646],[136.68306,35.06439],[136.6829,35.06404],[136.68267,35.06359],[136.6824,35.06325],[136.6823,35.06312],[136.68198,35.06275],[136.68197,35.06273],[136.68128,35.06202],[136.68093,35.06164],[136.68042,35.0611],[136.68007,35.06068],[136.67968,35.06013],[136.67945,35.05969],[136.67934,35.05946],[136.67927,35.05932],[136.67889,35.05842],[136.678585,35.057784999999996],[136.67828,35.05715],[136.67804,35.05659],[136.6773,35.05492],[136.67674,35.05397],[136.67641,35.05353],[136.67619,35.05332],[136.67592,35.0531],[136.67559,35.0529],[136.67526,35.05271],[136.67486,35.05251],[136.67474,35.05246],[136.67413,35.05222],[136.67387,35.05212],[136.67357,35.052],[136.67299,35.05176],[136.67288,35.05172],[136.67278,35.05167],[136.67268,35.05162],[136.67267,35.05161],[136.67233,35.05142],[136.67229,35.0514],[136.67205,35.05126],[136.67178,35.05108],[136.67129,35.05063],[136.67113,35.05046],[136.67103,35.05035],[136.67085,35.05011],[136.67071,35.04991],[136.67059,35.04971],[136.67057,35.04967],[136.67047,35.04948],[136.67027,35.0491],[136.67022,35.049],[136.67017,35.04889],[136.66992,35.04837],[136.66976,35.04802],[136.66974,35.04796],[136.66952,35.04744],[136.66946,35.0473],[136.66944,35.04724],[136.66939,35.04705],[136.66934,35.04687],[136.66927,35.04644],[136.66922,35.04613],[136.66917,35.04573],[136.66914,35.04531],[136.66913,35.04475],[136.66911,35.04446],[136.66911,35.04416],[136.6691,35.04399],[136.66909,35.04371],[136.66909,35.04347],[136.66908,35.04314],[136.66907,35.04289],[136.66903,35.04195],[136.66903,35.04158],[136.66899,35.04077],[136.66897,35.04002],[136.66896,35.03986],[136.66894,35.03924],[136.66893,35.03902],[136.66892,35.03878],[136.66889,35.0386],[136.66887,35.038255],[136.66885,35.03791],[136.66883,35.03733],[136.66882,35.03702],[136.66872,35.03429],[136.66861,35.03111],[136.66861,35.03094],[136.66856,35.03004],[136.66851,35.02957],[136.66846,35.02928],[136.66845,35.02921],[136.66844,35.02918],[136.66831,35.02863],[136.66814,35.02805],[136.66799,35.02769],[136.66791,35.02752],[136.66761,35.0269],[136.66746,35.02665],[136.66735,35.02644],[136.66727,35.02629],[136.66713,35.02603],[136.66657,35.02509],[136.66648,35.02495],[136.66642,35.02485],[136.66605,35.02428],[136.66554,35.02344],[136.66548,35.02335],[136.66518,35.02287],[136.66509,35.02272],[136.66468,35.02206],[136.66455,35.02185],[136.66422,35.02133],[136.66398,35.02095],[136.6635,35.02019],[136.66284,35.01918],[136.66273,35.01901],[136.66251,35.01873],[136.66229,35.01847],[136.66203,35.0182],[136.66174,35.01791],[136.66146,35.01765],[136.661,35.01726],[136.66089,35.01717],[136.66077,35.01707],[136.66061,35.01694],[136.66026,35.01664],[136.65976,35.016245],[136.65926,35.01585],[136.6585,35.01523],[136.65833,35.01509],[136.65795,35.01478],[136.65785,35.0147],[136.65778,35.01464],[136.65678,35.01382],[136.65656,35.01367],[136.65638,35.01354],[136.65625,35.01344],[136.65602,35.01329],[136.65593,35.01323],[136.65584,35.01317],[136.65543,35.01294],[136.65532,35.01288],[136.65507,35.01276],[136.65431,35.0124],[136.6541,35.0123],[136.65395,35.01223],[136.65321,35.0119],[136.65293,35.01177],[136.65281,35.01171],[136.65258,35.0116],[136.65183,35.01123],[136.65144,35.01103],[136.651,35.01076],[136.65085,35.01063],[136.65068,35.01046],[136.65049,35.01024],[136.65043,35.01009],[136.65039,35.00996],[136.65028,35.00956],[136.65019,35.00919],[136.64998,35.00814],[136.64994,35.00788],[136.64988,35.00762],[136.6498,35.00737],[136.64976,35.00727],[136.6497,35.0071],[136.64969,35.00706],[136.64948,35.00661],[136.64938,35.0064725],[136.64929,35.00628],[136.64906,35.00594],[136.64869,35.00547],[136.6484,35.00512],[136.64793,35.00461],[136.64765,35.00432],[136.64679,35.00357],[136.6464,35.00324],[136.6462,35.00304],[136.64611,35.00294],[136.64595,35.0028],[136.64591,35.00277],[136.64534,35.00229],[136.64519,35.00215],[136.6451,35.00207],[136.64499,35.00198],[136.64496,35.00196],[136.64492,35.00193],[136.64428,35.00138],[136.64395,35.00108],[136.64392,35.00107],[136.6432,35.00045],[136.6428,35.0001],[136.64269,35.00002],[136.64252,34.99986],[136.6422,34.99959],[136.642,34.99941],[136.6419,34.99934],[136.64149,34.99896],[136.64119,34.9987],[136.64116,34.99865],[136.64106,34.99856],[136.64067,34.99813],[136.64019,34.99754],[136.63995,34.99724],[136.63993,34.99722],[136.63985,34.99712],[136.63913,34.99618],[136.63903,34.99606],[136.63899,34.99601],[136.63882,34.9958],[136.6388,34.99578],[136.63877,34.99575],[136.63866,34.99562],[136.63861,34.99556],[136.63802,34.99482],[136.63753,34.9942],[136.63728,34.99389],[136.63698,34.99352],[136.63691666666668,34.993433333333336],[136.63649,34.99289],[136.63603,34.99232],[136.63598,34.99225],[136.63591,34.99216],[136.63543,34.99157],[136.63542,34.99154],[136.6354,34.99153],[136.63429,34.99013],[136.63419,34.99001],[136.63415,34.98994],[136.63399,34.98974],[136.63384,34.98955],[136.63356,34.98921],[136.63318,34.98881],[136.63295,34.98858],[136.63293,34.98856],[136.63278,34.98842],[136.63268,34.98833],[136.63242,34.98811],[136.63235,34.98807],[136.63209,34.98789],[136.63189,34.98776],[136.63166,34.9876],[136.63149,34.98749],[136.63146,34.98747],[136.63138,34.98743],[136.63137,34.98741],[136.63114,34.98721],[136.63107,34.98714],[136.63097,34.98707],[136.63071,34.98681],[136.63051,34.9866],[136.63008,34.98609],[136.62996,34.98594],[136.62993,34.9859],[136.62983,34.98577],[136.62943,34.985225],[136.62903,34.98468],[136.629,34.98464],[136.62872,34.98429],[136.62854,34.98408],[136.62839,34.98392],[136.62835,34.98388],[136.6281,34.98362],[136.62807,34.98359],[136.62796,34.9835],[136.62765,34.98325],[136.62747,34.98312],[136.62723,34.98298],[136.62709,34.9829],[136.62706,34.98288],[136.62689,34.98278],[136.62672,34.98268],[136.62636,34.98248],[136.62611,34.98236],[136.62597,34.9823],[136.62595,34.98229],[136.62581,34.98221],[136.62573,34.98216],[136.6257,34.98215],[136.62544,34.98197],[136.62542,34.98195],[136.62528,34.98183],[136.62522,34.98176],[136.62499,34.98149],[136.62477,34.98117],[136.62458,34.98082],[136.6244,34.98039],[136.62432,34.98014],[136.62413,34.97955],[136.62405,34.97932],[136.62389,34.97884],[136.62374,34.97841],[136.62371,34.9783],[136.62356,34.97785],[136.6235,34.97774],[136.62346,34.97761],[136.62328,34.97719],[136.62330749999998,34.97730249999999],[136.62299,34.97667],[136.62293,34.97659],[136.6229,34.97654],[136.62287,34.9765],[136.62284,34.97644],[136.62235,34.97575],[136.62208,34.97536],[136.6218,34.97496],[136.62125,34.97413],[136.62122,34.97408],[136.62104,34.97381],[136.62078,34.97341],[136.62074,34.97337],[136.62064,34.9732],[136.62055,34.97307],[136.62002,34.9723],[136.61991,34.97213],[136.61963,34.97165],[136.61942,34.97116],[136.61924,34.97065],[136.61913,34.97032],[136.61901,34.96974],[136.61881,34.96853],[136.61872,34.96795],[136.61865,34.96749],[136.6185,34.96648],[136.61835,34.966395000000006],[136.61843,34.96598],[136.61827,34.96494],[136.6182,34.96447],[136.61794,34.96264],[136.61769,34.96093],[136.61767,34.96073],[136.61761,34.9603],[136.6176,34.95972],[136.61761,34.95931],[136.61763,34.95906],[136.61772,34.9584],[136.61775,34.95832],[136.6179,34.95778],[136.61814,34.95711],[136.61831,34.95669],[136.61841,34.95643],[136.61843,34.95638333333333],[136.61857,34.95603],[136.61899,34.95504],[136.61903,34.95493],[136.6191,34.95478],[136.61962,34.95352],[136.61976,34.95317],[136.62018,34.95215],[136.62021,34.95206],[136.6203,34.95186],[136.62037,34.95169],[136.62107,34.95004],[136.62122,34.94967],[136.62142,34.94919],[136.62164,34.94865],[136.62208,34.94757],[136.62215,34.94741],[136.6222,34.94729],[136.62232,34.94696],[136.62235,34.94687],[136.62248,34.94657],[136.6225,34.94649],[136.62261,34.94623],[136.62279,34.94566],[136.6228,34.94556],[136.62283,34.94547],[136.62283,34.94545],[136.62294,34.94495],[136.62296,34.9448],[136.62302,34.94446],[136.623,34.94369],[136.62296,34.94332],[136.62296,34.94331666666667],[136.62292,34.94294],[136.62288,34.94214],[136.62281,34.94174],[136.6228,34.94164],[136.6227,34.94111],[136.62269,34.94104],[136.62263,34.9407],[136.62254,34.93988],[136.62251,34.93958],[136.6225,34.93951],[136.62243,34.93846],[136.62242,34.93827],[136.62241,34.93821],[136.62241,34.93803],[136.62239,34.93779],[136.62238,34.93744],[136.62234,34.93678],[136.62233,34.93636],[136.62232,34.93606],[136.62229,34.93525],[136.62227,34.93432],[136.62225,34.9338],[136.62224,34.93354],[136.6222,34.93277],[136.6222175,34.9331375],[136.62218,34.93244],[136.62217,34.9321],[136.62215,34.93175],[136.62214,34.93171],[136.62214,34.9312],[136.62208,34.93049],[136.622,34.92988],[136.62194,34.929],[136.62194,34.92834],[136.62195,34.92808],[136.62208,34.92712],[136.62214,34.92684],[136.6222,34.92659],[136.62223,34.92642],[136.62246,34.92538],[136.62274,34.92411],[136.62275,34.92405],[136.62283,34.92368],[136.62289,34.92344],[136.62299,34.92295],[136.62318,34.92224],[136.62321,34.92212],[136.62322,34.92206],[136.62327,34.92189],[136.62331,34.92174],[136.62345,34.92125],[136.62357,34.92078],[136.62359,34.92071],[136.62367,34.92046],[136.62369,34.92034],[136.62372,34.92024],[136.62373,34.92022],[136.62374,34.92014],[136.62379,34.92001],[136.62381,34.91992],[136.62392,34.91965],[136.62469,34.91671],[136.62481,34.9163],[136.62493,34.91589],[136.62542,34.91405],[136.62554,34.91365],[136.62587,34.91276],[136.626,34.91252],[136.62619,34.91223],[136.62638,34.91195],[136.62648,34.91182],[136.6269,34.91145],[136.6276,34.91091],[136.62775,34.91081],[136.62788,34.91073],[136.62796,34.91068],[136.62859,34.9103],[136.62874,34.9102],[136.62885,34.91012],[136.62899,34.91004],[136.62998,34.90941],[136.63019,34.90926],[136.63045,34.90905],[136.63069,34.90886],[136.63077,34.90877],[136.63096,34.90852],[136.63114,34.90825],[136.63129,34.908],[136.63146,34.90757],[136.63148,34.90752],[136.63151,34.90742],[136.63157,34.90699],[136.63157,34.9064],[136.63155,34.90618],[136.6315,34.90583],[136.63141,34.90555],[136.63133,34.90535],[136.63117,34.904885],[136.63101,34.90442],[136.63085,34.90394],[136.63071,34.90357],[136.63066,34.90344],[136.63009,34.90184],[136.63004,34.90167],[136.62937,34.89988],[136.62918,34.89936],[136.62886,34.89845],[136.62845,34.89734],[136.62823,34.89671],[136.62784,34.89564],[136.62688,34.893],[136.6265,34.89193],[136.62635,34.89152],[136.6262,34.89111],[136.62613,34.89091],[136.62605,34.89072],[136.62588,34.89024],[136.62532,34.88869],[136.6251,34.88805],[136.62456,34.88662],[136.62438,34.8861],[136.62221,34.88004],[136.62208,34.8797],[136.62204666666665,34.87961333333334],[136.62185,34.8791],[136.62135,34.87797],[136.62056,34.8762],[136.62032,34.87573],[136.6186,34.87267],[136.61821,34.87197],[136.61732,34.8704],[136.6171,34.87002],[136.61678999999998,34.869495],[136.61648,34.86897],[136.61567,34.86752],[136.61466,34.86579],[136.61292,34.86275],[136.61258,34.86217],[136.61165,34.86058],[136.61096,34.8594],[136.60983,34.85745],[136.60933,34.85655],[136.60892,34.85582],[136.60867,34.85537],[136.608355,34.85485],[136.60804,34.85433],[136.60787,34.85405],[136.6072,34.85299],[136.60582,34.85087],[136.6044,34.84875],[136.60422,34.84847],[136.60322,34.84692],[136.60307,34.84671],[136.60221,34.84549],[136.60137,34.84441],[136.60084,34.84382],[136.6005,34.84345],[136.59938,34.84245],[136.59869,34.84189],[136.59761,34.84101],[136.59664,34.84022],[136.59463,34.8387],[136.59433,34.83844],[136.59239,34.83662],[136.59236,34.83659],[136.59162,34.83583],[136.59078,34.83503],[136.59005,34.83433],[136.5895,34.83386],[136.58895,34.83339],[136.58818,34.83268],[136.58789,34.83241],[136.58733,34.83187],[136.58674,34.83131],[136.58653,34.83111],[136.58574,34.83037],[136.58495,34.82963],[136.58427,34.82899],[136.58408,34.82882],[136.58329,34.82807],[136.5824,34.82724],[136.58172,34.8266],[136.58126,34.82619],[136.5808,34.82578],[136.5807,34.82569],[136.58068,34.82567],[136.58045,34.82546],[136.58029,34.82532],[136.57957,34.8245],[136.57932,34.82422],[136.57847,34.82325],[136.57766,34.82232],[136.5764,34.82095],[136.57635,34.8209],[136.57611,34.82061],[136.57528,34.81971],[136.57434,34.81866],[136.5736,34.81784],[136.57333,34.81754],[136.57141,34.81545],[136.57056,34.81451],[136.56929,34.81311],[136.56921,34.81302],[136.568875,34.812650000000005],[136.56854,34.81228],[136.56831,34.812],[136.56728,34.81081],[136.56587,34.80921],[136.56505,34.8083],[136.56501,34.80825],[136.5648,34.80802],[136.56459,34.80779],[136.56454,34.80773],[136.56305,34.80609],[136.56207,34.8049],[136.56177,34.80455],[136.56101,34.8037],[136.56036,34.80308],[136.55953,34.80229],[136.55887,34.80154],[136.55781,34.80035],[136.5568,34.79921],[136.55663,34.79902],[136.556195,34.798514999999995],[136.55576,34.79801],[136.55542,34.7976],[136.55528,34.79743],[136.55519,34.79735],[136.55486,34.79697],[136.55351,34.79544],[136.55279,34.79472],[136.55194,34.79389],[136.55116,34.79315],[136.55032,34.79234],[136.54911,34.79111],[136.54834,34.79033],[136.54691,34.78891],[136.54668,34.78868],[136.54496,34.78698],[136.54399,34.78609],[136.54345,34.78559],[136.54308500000002,34.785250000000005],[136.54272,34.78491],[136.54231,34.78446],[136.54172,34.78382],[136.54097,34.783],[136.54045,34.78236],[136.53994,34.78165],[136.53925,34.78069],[136.5386,34.77977],[136.53722,34.77781],[136.53587,34.77577],[136.53564,34.77542],[136.53548,34.77519],[136.53346,34.77211],[136.53276,34.77106],[136.532535,34.770705],[136.53231,34.77035],[136.53212,34.77008],[136.53129,34.7689],[136.5309,34.76835],[136.53038,34.76765],[136.52982,34.76689],[136.52909,34.76599],[136.52897,34.76586],[136.52867,34.76555],[136.52792,34.76485],[136.52756,34.76458],[136.52688,34.7642],[136.52563,34.76353],[136.52516,34.76334],[136.52489,34.76322],[136.52383,34.76272],[136.52324,34.76243],[136.52229,34.76197],[136.52136,34.76153],[136.52072,34.76115],[136.52018,34.76081],[136.51984,34.76055],[136.51948,34.76026],[136.51924,34.76006],[136.51901,34.75987],[136.5186,34.75948],[136.51849,34.75933],[136.51805,34.75876],[136.51744,34.75783],[136.51721,34.75741],[136.51685,34.75651],[136.51657,34.7557],[136.5165,34.75547],[136.516375,34.755115],[136.51625,34.75476],[136.51586,34.75354],[136.51577,34.75327],[136.51567,34.75295],[136.51554,34.75249],[136.51545,34.75221],[136.51533,34.75176],[136.51525,34.75144],[136.51515,34.75102],[136.5151,34.75072],[136.51496,34.75002],[136.51484,34.7493],[136.51478,34.74892],[136.51457,34.74766],[136.51445,34.74695],[136.51444,34.74688],[136.51442,34.74685],[136.51438,34.74664],[136.51435,34.74645],[136.51429,34.74617],[136.51426,34.74595],[136.51419,34.74551],[136.51414,34.74516],[136.51402000000002,34.74444],[136.5139,34.74372],[136.5138,34.74308],[136.51376,34.74284],[136.51367,34.74242],[136.51357,34.74207],[136.51339,34.74169],[136.51327,34.74147],[136.51322,34.74139],[136.51298,34.74103],[136.51292,34.74094],[136.51273,34.7407],[136.5126,34.74057],[136.51239,34.74033],[136.51208,34.73997],[136.51178,34.73964],[136.51151,34.73935],[136.51134,34.73916],[136.51086,34.73866],[136.51058,34.73828],[136.51034,34.73789],[136.51026,34.73774],[136.51022,34.73765],[136.51013,34.73739],[136.51006,34.73709],[136.51002,34.73678],[136.51001,34.73661],[136.51001,34.73618],[136.51009,34.73558],[136.51013,34.73522],[136.51023,34.734415],[136.51033,34.73361],[136.51042,34.73271],[136.5105,34.73213],[136.5105,34.73175],[136.51043,34.73151],[136.51024,34.73102],[136.50996,34.73056],[136.50965,34.73013],[136.50916,34.72958],[136.50856,34.7289],[136.50792,34.72789],[136.50744,34.72722],[136.50727,34.72697],[136.50705,34.72669],[136.50684,34.72649],[136.50657,34.72625],[136.50631,34.72605],[136.50607,34.72588],[136.50569,34.72565],[136.50509,34.72534],[136.50482,34.7252],[136.50412,34.72495],[136.5037,34.72476],[136.50323,34.72447],[136.50313,34.7244],[136.5027,34.72403],[136.50235,34.72365],[136.50216,34.72334],[136.50201,34.72306],[136.50187,34.72273],[136.50165,34.72208],[136.50156,34.7218],[136.50148,34.72151],[136.50127,34.72074],[136.501,34.71968],[136.50059,34.71823],[136.50045,34.7177],[136.50021,34.71684],[136.50008,34.71636],[136.4999,34.71561],[136.4998975,34.715545],[136.49982,34.7152],[136.49979,34.71501],[136.4997,34.71433],[136.49965,34.71384],[136.49967,34.71322],[136.49968,34.71244],[136.49968,34.71212],[136.4997,34.71167],[136.49971,34.71099],[136.49973,34.71028],[136.49974,34.70957],[136.49979,34.7071],[136.49985,34.70585],[136.49976,34.70376],[136.49962,34.70198],[136.4996,34.70065],[136.49962,34.69908],[136.49962,34.69882],[136.49961,34.69826],[136.49959,34.69787],[136.49956,34.69766],[136.49952,34.69721],[136.4995,34.69706],[136.49943,34.69667],[136.49932,34.69622],[136.49919,34.69576],[136.4989,34.69507],[136.4987,34.69469],[136.49842,34.69424],[136.49772,34.69328],[136.4971,34.69254],[136.497,34.69245],[136.49629,34.69191],[136.49640666666667,34.69199],[136.49593,34.69161],[136.49584,34.69154],[136.49561,34.69134],[136.49513,34.69094],[136.49354,34.68957],[136.49279,34.68891],[136.49265,34.68878],[136.49213,34.68833],[136.49158,34.68786],[136.49104,34.68738],[136.4903,34.68675],[136.4901,34.68658],[136.49004,34.68652],[136.48971,34.68623],[136.48914,34.68573],[136.48891,34.68552],[136.48806,34.68477],[136.48747,34.68426],[136.48715,34.68398],[136.48644,34.68334],[136.48628,34.68321],[136.4854,34.68244],[136.48531,34.68237],[136.48466,34.6818],[136.4838,34.68105],[136.48339,34.68067],[136.48333,34.68062],[136.48313,34.68044],[136.48222,34.67962],[136.48181,34.67928],[136.48154,34.67906],[136.48103,34.67862],[136.48085,34.67846],[136.48065,34.67832],[136.48043,34.67816],[136.48026,34.67803],[136.4799,34.67779],[136.47959,34.67758],[136.47909,34.67721],[136.47868,34.67687],[136.47851,34.67673],[136.4784,34.6766],[136.47813,34.67619],[136.477815,34.675565],[136.4775,34.67494],[136.47735,34.67464],[136.47733,34.67459],[136.47708,34.6741],[136.4769,34.67375],[136.47646,34.67287],[136.47612,34.67219],[136.47597,34.6719],[136.47566,34.67124],[136.47564,34.67121],[136.47546,34.67078],[136.47544,34.67069],[136.47532,34.67034],[136.47524,34.66994],[136.47521,34.66967],[136.47523,34.66915],[136.47531,34.66857],[136.47554,34.66756],[136.47573,34.66706],[136.47602,34.6664],[136.47636,34.66569],[136.47732,34.66368],[136.477465,34.663380000000004],[136.47761,34.66308],[136.47775,34.66278],[136.47829,34.66161],[136.47872,34.66072],[136.47881,34.66054],[136.47943,34.65923],[136.47965,34.65876],[136.48008,34.65787],[136.48108,34.65585],[136.48183,34.65414],[136.48215,34.65314],[136.48221,34.65282],[136.48237,34.65211],[136.48235,34.65132],[136.4822,34.65051],[136.48199,34.64989],[136.48183,34.64955],[136.48158,34.64901],[136.48143,34.64872],[136.48135,34.64858],[136.48084,34.64761],[136.48041,34.64679],[136.47924,34.64454],[136.4788,34.6437],[136.47772,34.64165],[136.47737,34.64098],[136.47703,34.64037],[136.47674,34.63969],[136.47648,34.63894],[136.47643,34.63853],[136.47643,34.63821],[136.47646,34.63788],[136.47668,34.63713],[136.47683,34.63681],[136.47704,34.63655],[136.47738,34.63617],[136.47753,34.63597],[136.47809999999998,34.635315]]}},{"type":"Feature","properties":{"line_name":"近鉄山田線"},"geometry":{"type":"LineString","coordinates":[[136.47809999999998,34.635315],[136.47867,34.63466],[136.4797,34.63346],[136.48055,34.63243],[136.48202,34.63069],[136.48323,34.62928],[136.4841,34.62826],[136.48609,34.62588],[136.48848,34.62306],[136.49043,34.62074],[136.49085,34.62027],[136.49124,34.61993],[136.49308,34.61848],[136.49521,34.61684],[136.49583,34.61636],[136.4971,34.61538],[136.49718,34.61534],[136.49765,34.61496],[136.49794,34.614735],[136.49823,34.61451],[136.49939,34.61361],[136.50007,34.61307],[136.50137,34.61205],[136.50155,34.61191],[136.50158,34.61188],[136.5017,34.61179],[136.50188,34.61164],[136.50308,34.61068],[136.50345,34.61038],[136.50393,34.61001],[136.50408,34.60988],[136.5055,34.60877],[136.50666,34.60785],[136.50784,34.60695],[136.50819,34.60667],[136.50834,34.60655],[136.50872,34.60626],[136.50892,34.60609],[136.50903,34.60601],[136.50916,34.60591],[136.50951,34.60564],[136.51053,34.60482],[136.51219,34.60355],[136.51366,34.60238],[136.51395,34.60215],[136.5149,34.6014],[136.51518,34.60115],[136.5155,34.60079],[136.51597,34.6002],[136.51667,34.59931],[136.51818,34.5974],[136.51871,34.59674],[136.51901,34.59634],[136.51894666666666,34.596426666666666],[136.51912,34.5962],[136.52041,34.59451],[136.52065,34.5942],[136.5216,34.59296],[136.52181,34.5927],[136.52338,34.59064],[136.52495,34.58859],[136.52618,34.58697],[136.52642,34.58662],[136.52708,34.58579],[136.52844,34.58405],[136.52962,34.58264],[136.52984,34.58245],[136.53038,34.58207],[136.53083,34.58182],[136.5309,34.58177],[136.5312,34.58158],[136.53132,34.58151],[136.53176,34.58125],[136.53208,34.581],[136.53266,34.58059],[136.53285,34.58043],[136.53341,34.57988],[136.53392,34.57936],[136.53441,34.57889],[136.53504,34.5784],[136.53557,34.57795],[136.53579,34.57774],[136.53602,34.57752],[136.5362175,34.57729],[136.53645,34.57706],[136.53661,34.57684],[136.5369,34.57647],[136.53725,34.57594],[136.53738,34.57574],[136.5377,34.57516],[136.53788,34.57487],[136.53862,34.57396],[136.54,34.57246],[136.54079,34.57153],[136.54246,34.5696],[136.54296,34.56901],[136.54319,34.56877],[136.54375,34.56816],[136.54539,34.56627],[136.54583,34.5658],[136.5461,34.56555],[136.54637,34.5653],[136.54649,34.56523],[136.54694,34.56486],[136.54778,34.56431],[136.54828,34.56407],[136.54949,34.56349],[136.5498,34.56337],[136.55032,34.56316],[136.55178,34.56252],[136.55253,34.56218],[136.55274,34.5621],[136.55567,34.56081],[136.55589,34.56073],[136.55849,34.55959],[136.55877,34.55947],[136.55891,34.55942],[136.55899,34.55937],[136.56105,34.55847],[136.56432,34.55704],[136.56657,34.55603],[136.56836,34.55526],[136.56933,34.55486],[136.57151,34.55388],[136.57532,34.55223],[136.57595,34.55198],[136.57811,34.55102],[136.58268,34.54905],[136.58304,34.54889],[136.5834,34.54873],[136.58398,34.54848],[136.58561,34.54774],[136.5858,34.54766],[136.58754,34.5469],[136.58775,34.5468],[136.59001,34.5458],[136.59128,34.54525],[136.59159,34.54512],[136.59184,34.54501],[136.59347,34.54429],[136.59371,34.54419],[136.59759,34.54249],[136.60068,34.54113],[136.601055,34.540980000000005],[136.60143,34.54083],[136.60154,34.54079],[136.60168,34.54073],[136.60217,34.54053],[136.60243,34.54041],[136.60363,34.53987],[136.60476,34.53938],[136.60604,34.53896],[136.60667,34.5388],[136.60794,34.53858],[136.60857,34.53853],[136.61028,34.53832],[136.6126,34.53812],[136.61343,34.53805],[136.61489,34.53792],[136.615295,34.537895],[136.6157,34.53787],[136.61639,34.5378],[136.61774,34.53768],[136.61911,34.53758],[136.62,34.53751],[136.62209,34.53731],[136.62306,34.53725],[136.62386,34.53716],[136.62556,34.53698],[136.62608,34.53693],[136.62696,34.53678],[136.6277,34.53666],[136.62952,34.53616],[136.62983,34.53609],[136.63024,34.53597],[136.63054,34.53587],[136.63076,34.5358],[136.63189,34.53538],[136.63232,34.53521],[136.63433,34.53445],[136.63496,34.53422],[136.63686,34.5335],[136.63767,34.5332],[136.64017,34.53228],[136.64218,34.53153],[136.64253,34.531395],[136.64288,34.53126],[136.6471,34.52966],[136.64751,34.52951],[136.64936,34.52881],[136.65078,34.52828],[136.65263,34.52758],[136.65565,34.52645],[136.65855,34.52535],[136.65975,34.5249],[136.66008,34.52478],[136.66306,34.52366],[136.66331,34.52357],[136.66407,34.52328],[136.6652,34.52286],[136.6669,34.52222],[136.66845,34.52163],[136.66881999999998,34.52149],[136.66919,34.52135],[136.66931,34.52132],[136.67081,34.52076],[136.67302,34.51993],[136.67354,34.51973],[136.67518,34.5191],[136.67634,34.51859],[136.67644,34.51854],[136.67656,34.51849],[136.67675,34.5184],[136.67853,34.51744],[136.6792,34.517],[136.68011,34.51638],[136.68136,34.51546],[136.68266,34.51446],[136.683,34.5142],[136.68423,34.51325],[136.68452,34.51306],[136.68481,34.512835],[136.6851,34.51261],[136.68515,34.51253],[136.68573,34.5121],[136.68656,34.51148],[136.6871,34.51108],[136.68767,34.51065],[136.6885,34.51003],[136.69022,34.50873],[136.69163,34.50767],[136.69177,34.50757],[136.69197,34.50745],[136.69245,34.50708],[136.6927,34.50688],[136.69288,34.5067],[136.693,34.50659],[136.69352,34.506],[136.69408,34.50525],[136.69427,34.50496],[136.69446,34.50454],[136.695,34.5033],[136.69508,34.50326],[136.69516,34.50307],[136.69552,34.50214],[136.6958,34.50138],[136.69595,34.50102],[136.69623,34.50031],[136.69638,34.50004],[136.69658,34.49972],[136.69682,34.49936],[136.69702,34.49908],[136.69751,34.49859],[136.69776,34.49834],[136.69808,34.4981],[136.698565,34.497845],[136.69905,34.49759],[136.69947,34.49741],[136.69966,34.49733],[136.69982,34.49726],[136.70052,34.49707],[136.70075,34.49703],[136.70163,34.49688],[136.70179,34.49686],[136.7033,34.49664],[136.70445,34.49647],[136.70468,34.49641],[136.70488,34.49637],[136.70561,34.49611],[136.70609,34.49588],[136.70628,34.49579],[136.70656,34.49557],[136.70668,34.49547],[136.70713,34.49505],[136.70734,34.49477],[136.70758,34.49439],[136.70774,34.49414],[136.70802,34.49347],[136.70822,34.49301],[136.70833,34.49287],[136.70851,34.49267],[136.70865,34.49256],[136.70889,34.49244],[136.70982,34.49214],[136.710485,34.491945],[136.71115,34.49175],[136.7119,34.49154],[136.71236,34.49136],[136.71249,34.49129],[136.71276,34.49114],[136.71317,34.49083],[136.71326,34.49075],[136.71346,34.49051],[136.71383,34.48984],[136.71388,34.48973],[136.71396,34.48947],[136.71398,34.48937],[136.71402,34.48918],[136.71404,34.48885],[136.71404,34.48865],[136.7140225,34.48831]]}},{"type":"Feature","properties":{"line_name":"近鉄鳥羽線"},"geometry":{"type":"LineString","coordinates":[[136.7140225,34.48831],[136.71402,34.48795],[136.71399,34.48779],[136.71394,34.48716],[136.714,34.48655],[136.71416,34.48599],[136.71446,34.48537],[136.71493,34.48465],[136.71561,34.48381],[136.71641,34.48307],[136.71645,34.48303],[136.71666,34.48286],[136.71672,34.48281],[136.71721,34.48238],[136.718,34.48179],[136.71889,34.48114],[136.71906,34.48102],[136.71936,34.4808],[136.72012,34.48032],[136.72038,34.48014],[136.72095,34.47979],[136.72221,34.47908],[136.72342,34.47845],[136.72516,34.47756],[136.72672,34.47673],[136.7273,34.476435],[136.72788,34.47614],[136.72887,34.47561],[136.72923,34.47541],[136.72984,34.47508],[136.73086,34.47456],[136.73222,34.4739],[136.73291,34.4736],[136.73388,34.47322],[136.73521,34.47271],[136.73665,34.47223],[136.73729,34.47204],[136.73795,34.47191],[136.7384,34.47187],[136.73954,34.4719],[136.74007,34.47198],[136.74059,34.47212],[136.74135,34.4724],[136.74395,34.47356],[136.74414,34.47365],[136.74481,34.47396],[136.7454,34.47415],[136.74598,34.47427],[136.74674,34.47442],[136.74708,34.47444],[136.74726,34.47444],[136.74773,34.47449],[136.74887,34.4747],[136.74955,34.47488],[136.75105,34.47526],[136.75171,34.47541],[136.75271,34.47565],[136.75363,34.47589],[136.75474,34.47632],[136.75569,34.47669],[136.75631,34.47692],[136.75666,34.47706],[136.75726,34.47722],[136.757435,34.4772225],[136.75766,34.47728],[136.75816,34.47733],[136.75832,34.47734],[136.75897,34.47732],[136.76104,34.47719],[136.763,34.47711],[136.76359,34.4771],[136.76378,34.47711],[136.76397,34.47712],[136.76424,34.47714],[136.76499,34.47726],[136.76521,34.4773],[136.76613,34.47746],[136.76662,34.47754],[136.76704,34.47757],[136.76784,34.47758],[136.76809,34.47758],[136.76911,34.47756],[136.76952,34.47752],[136.76985,34.4775],[136.77062,34.47741],[136.77125,34.47731],[136.77207,34.47714],[136.77229,34.47708],[136.77238,34.47706],[136.77248,34.47704],[136.77383,34.47667],[136.77398,34.47663],[136.77414,34.47659],[136.77455,34.47648],[136.77489,34.47641],[136.7753,34.47634],[136.77569,34.4763],[136.77615,34.4763],[136.77679,34.47636],[136.77704,34.47638],[136.7772,34.47639],[136.77736,34.4764],[136.7779,34.47642],[136.77804,34.47642],[136.77819,34.47643],[136.77854,34.47644],[136.77885,34.47645],[136.77897,34.47646],[136.7791,34.47646],[136.77944,34.47647],[136.77956,34.47647],[136.77969,34.47647],[136.78022,34.4765],[136.78083,34.4765],[136.78261,34.47647],[136.78413,34.47641],[136.78474,34.47637],[136.78497,34.47636],[136.7857,34.47634],[136.78598,34.47633],[136.78874,34.4762],[136.78895,34.4762],[136.78978,34.47618],[136.79016,34.47616],[136.79028,34.47615],[136.79043,34.47614],[136.79139,34.47604],[136.79248,34.47582],[136.79379,34.47547],[136.79481,34.47525],[136.79519,34.47518],[136.7954,34.47514],[136.79598,34.47505],[136.79623,34.47502],[136.79676,34.47495],[136.79749,34.4749],[136.79884,34.47492],[136.80085,34.475],[136.80154,34.47502],[136.80277,34.47507],[136.80406,34.47512],[136.80445,34.47514],[136.80497,34.4752],[136.80531,34.47524],[136.80619,34.47537],[136.80679,34.47549],[136.80742,34.47563],[136.80795,34.47577],[136.81023,34.47646],[136.81222,34.47705],[136.81349,34.47744],[136.81426,34.47768],[136.81461,34.47779],[136.81482,34.47785],[136.81536,34.47801],[136.81588,34.47817],[136.81605,34.47822],[136.81678,34.47843],[136.81704,34.47852],[136.81736,34.47865],[136.81769,34.47879],[136.81825,34.47904],[136.81838,34.4791],[136.81841,34.47913],[136.81851,34.47916],[136.81864,34.47924],[136.81899,34.47945],[136.81911,34.47954],[136.81923,34.47965],[136.81938,34.47979],[136.81961,34.48003],[136.82014,34.4806],[136.82028,34.48076],[136.82039,34.48089],[136.82049,34.481],[136.82081,34.48138],[136.82099,34.48155],[136.82121,34.48175],[136.8214,34.48191],[136.82148,34.48197],[136.82215,34.48246],[136.82313,34.48314],[136.8238,34.48355],[136.82472,34.48431],[136.82559,34.48507],[136.82614,34.48554],[136.82715,34.48632],[136.82804,34.48689],[136.8284,34.48707],[136.82876,34.4872],[136.82908,34.48728],[136.82952,34.48732],[136.82997,34.48732],[136.83039,34.48732],[136.83095,34.4873],[136.83136,34.48724],[136.83249,34.48707],[136.8331,34.487],[136.83356,34.48701],[136.83412,34.48715],[136.83453,34.48729],[136.83507,34.48761],[136.83588,34.48811],[136.8365,34.48838],[136.83716,34.48856],[136.83788,34.4886],[136.83849,34.48858],[136.83882,34.48851],[136.83936,34.48836],[136.8404,34.48786],[136.84148,34.48736],[136.841725,34.48725]]}},{"type":"Feature","properties":{"line_name":"近鉄志摩線"},"geometry":{"type":"LineString","coordinates":[[136.841725,34.48725],[136.84197,34.48714],[136.84268,34.48675],[136.84351,34.48638],[136.84423,34.48604],[136.84441,34.48591],[136.84458,34.48572],[136.84478,34.4854],[136.84485,34.48518],[136.84487,34.48497],[136.84485,34.48472],[136.84478,34.48441],[136.84471,34.48413],[136.8446,34.4838],[136.84458,34.48364],[136.84451,34.48331],[136.84448,34.48299],[136.8445,34.48269],[136.84455,34.48229],[136.84464,34.48206],[136.84481,34.48182],[136.84537,34.481],[136.84544,34.48084],[136.84546,34.48071],[136.84543,34.47995],[136.84541000000002,34.47961],[136.84539,34.47927],[136.84537,34.47891],[136.84524,34.4775],[136.84519,34.47698],[136.84514,34.47682],[136.84495,34.47628],[136.84474,34.47571],[136.84461,34.47531],[136.84458,34.47514],[136.84459,34.47492],[136.84468,34.47468],[136.84477,34.47446],[136.84517,34.47377],[136.84548,34.47329],[136.84577,34.47278],[136.84581,34.47258],[136.84578,34.4724],[136.8457,34.4722],[136.84561,34.47205],[136.84553,34.47192],[136.84541,34.47179],[136.84489,34.4715],[136.84381,34.47112],[136.84343,34.471],[136.84325,34.4709],[136.84306,34.47081],[136.84282,34.47067],[136.84263,34.47056],[136.84232,34.47035],[136.84196,34.47009],[136.84172,34.46984],[136.84171666666666,34.46982666666667],[136.84147,34.46955],[136.84119,34.46927],[136.84096,34.46893],[136.84075,34.4685],[136.84069,34.46829],[136.84053,34.46737],[136.8404,34.46697],[136.84022,34.46661],[136.8399,34.46606],[136.83976,34.46584],[136.8392,34.46496],[136.83916,34.46478],[136.83917,34.46459],[136.83926,34.46422],[136.83942,34.4637],[136.83956,34.46332],[136.83974,34.46303],[136.84005,34.46267],[136.84041,34.46236],[136.84071,34.46207],[136.84089,34.46184],[136.84105,34.46158],[136.8411,34.46148],[136.84114,34.46138],[136.8412,34.46109],[136.84121,34.46098],[136.84123,34.4606],[136.84119,34.46024],[136.84114,34.46002],[136.84105,34.45972],[136.8409,34.45941],[136.84072,34.45907],[136.84043,34.45856],[136.8404,34.45841],[136.84041,34.45823],[136.84048,34.45802],[136.84066,34.45767],[136.84072,34.45758],[136.84079,34.45752],[136.84101,34.4574],[136.84144,34.45716],[136.84161,34.45707],[136.842005,34.45687],[136.8424,34.45667],[136.84276,34.45643],[136.8429,34.45631],[136.84296,34.45624],[136.84301,34.45618],[136.84305,34.45612],[136.84312,34.45601],[136.84319,34.45584],[136.84325,34.45562],[136.8434,34.45491],[136.84365,34.45369],[136.8439,34.45242],[136.84402,34.45192],[136.84411,34.4517],[136.84419,34.45154],[136.84435,34.45136],[136.84446,34.45125],[136.84515,34.45073],[136.84522,34.45064],[136.84529,34.45054],[136.84552,34.45012],[136.84581,34.44951],[136.8462,34.44864],[136.84664,34.44768],[136.84668,34.4476],[136.84671,34.44752],[136.84709,34.44673],[136.84714,34.44662],[136.84723,34.44642],[136.8473,34.44624],[136.84733,34.4461],[136.84734,34.44602],[136.84735,34.44591],[136.84735,34.44581],[136.84733,34.44569],[136.84719,34.44542],[136.84691,34.44487],[136.84672,34.44451],[136.84656,34.444205],[136.8464,34.4439],[136.84637,34.44382],[136.84626,34.44363],[136.84597,34.44308],[136.84574,34.44264],[136.84508,34.44137],[136.84441,34.44009],[136.84412,34.43952],[136.84397,34.43913],[136.84392,34.43889],[136.84386,34.43848],[136.8438,34.43779],[136.84374,34.43698],[136.84368,34.43675],[136.8436,34.43653],[136.84341,34.43624],[136.84323,34.43604],[136.84218,34.43486],[136.84113,34.43365],[136.84059,34.43305],[136.84051,34.43295],[136.84033,34.43279],[136.84006,34.432565],[136.83979,34.43234],[136.83897,34.4317],[136.83883,34.43158],[136.83809,34.43108],[136.83738,34.43064],[136.83679,34.43035],[136.83645,34.4302],[136.83614,34.43008],[136.83569,34.42997],[136.83527,34.42991],[136.83429,34.42977],[136.83319,34.42971],[136.83253,34.42965],[136.83225,34.4296],[136.83192,34.42951],[136.83151,34.42939],[136.83116,34.429204999999996],[136.83081,34.42902],[136.82954,34.42837],[136.82884,34.42805],[136.82839,34.42782],[136.82791,34.42752],[136.82731,34.42713],[136.82669,34.42668],[136.82646,34.42649],[136.82614,34.42613],[136.82549,34.4253],[136.82464,34.42407],[136.82385,34.42289],[136.8227,34.42105],[136.82229,34.42042],[136.82201,34.41998],[136.82127,34.41889],[136.82061,34.41796],[136.8189,34.41575],[136.81794,34.41456],[136.81653,34.4129],[136.81517,34.41129],[136.81391,34.41024],[136.81204,34.40861],[136.81143,34.4081],[136.81077,34.40753],[136.81066,34.40743],[136.81058,34.40734],[136.81035,34.40696],[136.810095,34.406679999999994],[136.80984,34.4064],[136.80963,34.40614],[136.80954,34.40592],[136.80942,34.40552],[136.80935,34.40513],[136.80929,34.40476],[136.80916,34.40375],[136.80916,34.40341],[136.80923,34.40317],[136.80926,34.40312],[136.80926,34.40308],[136.8096,34.40233],[136.8096,34.40229],[136.81006,34.4013],[136.81022,34.40106],[136.81035,34.40092],[136.81058,34.40072],[136.81076,34.40063],[136.81104,34.40052],[136.81158,34.40035],[136.81177,34.40029],[136.81214,34.40017],[136.81223,34.40015],[136.8125,34.40001],[136.81257,34.39996],[136.81265,34.3999],[136.8127,34.39987],[136.81295,34.39967],[136.81347,34.39921],[136.81409,34.39866],[136.81435,34.39841],[136.81446,34.39828],[136.81457,34.39808],[136.81468,34.39785],[136.81471,34.39776],[136.81473,34.39764],[136.81473,34.39723],[136.81464,34.39669],[136.81461,34.39653],[136.81443,34.39561],[136.81432,34.39511],[136.81433,34.39491],[136.81439,34.39444],[136.81443000000002,34.394130000000004],[136.81447,34.39382],[136.81446,34.39358],[136.81437,34.39331],[136.81427,34.39308],[136.81423,34.39301],[136.81412,34.39282],[136.81399,34.39263],[136.81382,34.39242],[136.81372,34.39233],[136.81372,34.39232],[136.81318,34.39182],[136.81315,34.39181],[136.81274,34.39143],[136.81242,34.39111],[136.8121,34.39074],[136.81174,34.39027],[136.81132,34.38961],[136.81115,34.38939],[136.81065,34.38886],[136.81039,34.38857],[136.81008,34.38814],[136.81005,34.3881],[136.80977,34.38766],[136.80963,34.38742],[136.80924,34.38656],[136.8091,34.38618],[136.80901,34.38586],[136.80894,34.3852],[136.80894,34.38484],[136.80898,34.38475],[136.8091,34.38457],[136.80925,34.38442],[136.80948,34.38424],[136.80986,34.38398],[136.8099,34.38397],[136.80993,34.38395],[136.81062,34.38354],[136.81074,34.38345],[136.81077,34.38344],[136.8111,34.38318],[136.81129,34.38301],[136.81153,34.38272],[136.81166,34.3825],[136.81174,34.38229],[136.81179,34.38206],[136.81183,34.38172],[136.81185,34.38039],[136.81183,34.38024],[136.81183,34.38019],[136.81181,34.37996],[136.81168,34.37964],[136.81152,34.379325],[136.81136,34.37901],[136.81115,34.37873],[136.81102,34.37859],[136.81071,34.37833],[136.81056,34.37821],[136.81051,34.37818],[136.81043,34.37813],[136.81029,34.37805],[136.80999,34.37789],[136.80975,34.37781],[136.80967,34.37778],[136.80925,34.37765],[136.80825,34.37732],[136.80802,34.37721],[136.80774,34.37705],[136.80768,34.37702],[136.80752,34.37691],[136.807,34.37647],[136.80673,34.37619],[136.80643,34.3758],[136.80617,34.3754],[136.80611,34.37531],[136.80598,34.37502],[136.80567,34.37437],[136.80555,34.37407],[136.8053,34.37351],[136.8052,34.37335],[136.80498,34.37309],[136.80472,34.37278],[136.80467,34.37271],[136.80457,34.37257],[136.80448,34.37238],[136.80445,34.3723],[136.8044,34.372],[136.80441,34.37185],[136.80441,34.37179],[136.80447,34.37165],[136.80458,34.37141],[136.80471,34.37119],[136.80542,34.37009],[136.805795,34.36956],[136.80617,34.36903],[136.80619,34.36901],[136.80708,34.36771],[136.80726,34.36748],[136.80741,34.36733],[136.80772,34.3671],[136.80788,34.367],[136.80824,34.36684],[136.80844,34.36676],[136.80872,34.36667],[136.80884,34.36664],[136.80892,34.36662],[136.80945,34.36646],[136.80992,34.3663],[136.81027,34.36615],[136.81048,34.36605],[136.81091,34.36578],[136.81103,34.36567],[136.8112,34.36541],[136.81166,34.36457],[136.8119,34.36409],[136.81216,34.36358],[136.81247,34.36301],[136.81262,34.36279],[136.8131,34.36216],[136.81328,34.36193],[136.81348,34.3617],[136.81384,34.36137],[136.81457,34.36072],[136.81475,34.36055],[136.81496,34.36032],[136.81514,34.3601],[136.81537,34.35976],[136.81565,34.3593],[136.81577,34.35913],[136.81588,34.358895000000004],[136.81599,34.35866],[136.8161,34.35841],[136.81618,34.35815],[136.81635,34.357],[136.81642,34.35558],[136.81641,34.35455],[136.81638,34.35381],[136.81632,34.35312],[136.81625,34.35249],[136.81623,34.3523],[136.81622,34.35215],[136.81616,34.3513],[136.81617,34.3512],[136.81613,34.35023],[136.81609,34.34971],[136.81609,34.34888],[136.81614,34.3484],[136.81631,34.34731],[136.81637,34.34697],[136.81638,34.34659],[136.81638,34.34654],[136.81634,34.34628],[136.81625,34.34598],[136.81611,34.34567],[136.81594,34.34536],[136.8159,34.34524],[136.81587,34.34508],[136.81586,34.34501],[136.81586,34.34478],[136.81594,34.34454],[136.81607,34.34426],[136.8161,34.34421],[136.81635,34.34368],[136.81656,34.34308],[136.81664,34.34281],[136.81677,34.34234],[136.81693,34.34159],[136.81715,34.34043],[136.81739,34.3391],[136.8175,34.33817],[136.8175,34.33803],[136.81752,34.33734],[136.81752,34.33728],[136.81752,34.33666],[136.81764,34.33533],[136.81771,34.33495],[136.81787,34.33459],[136.81812,34.33424],[136.81835999999998,34.333975],[136.8186,34.33371],[136.81881,34.33352],[136.81914,34.33332],[136.81979,34.33308],[136.82005,34.33298],[136.82038,34.3328],[136.82066,34.33255],[136.82116,34.33195],[136.82186,34.33112],[136.82275,34.33004],[136.82297,34.32983],[136.82315,34.32971],[136.82331,34.32964],[136.8237,34.3295],[136.82393,34.32945],[136.82423,34.3294],[136.82443,34.32939],[136.82486,34.32939],[136.82532,34.32939],[136.82573000000002,34.329375],[136.82614,34.32936],[136.8265,34.32934],[136.82678,34.32932],[136.82704,34.32928],[136.82725,34.32922],[136.82743,34.32915],[136.82785,34.32889],[136.82806,34.32875],[136.8281,34.32872],[136.82834,34.32855],[136.82934,34.32785],[136.8296,34.32764],[136.82992,34.3273],[136.83013,34.32704],[136.83029,34.32681],[136.83087,34.32598],[136.83161,34.3249],[136.83182,34.32458],[136.832,34.32419],[136.83205,34.324],[136.83205,34.32372],[136.83192,34.32265],[136.83175,34.32147],[136.83161,34.32037],[136.83144,34.31903],[136.83138,34.31855],[136.8313,34.31825],[136.83128,34.31819],[136.83119,34.31794],[136.83101,34.31765],[136.83019,34.3165],[136.829985,34.316205],[136.82978,34.31591],[136.82972,34.3158],[136.82939,34.31539],[136.82913,34.31506],[136.82895,34.31489],[136.82879,34.31477],[136.82862,34.31468],[136.82848,34.31461],[136.82837,34.31458],[136.82813,34.31452],[136.82688,34.3143],[136.82658,34.31424],[136.82635,34.31418],[136.82619,34.3141],[136.82602,34.314],[136.82587,34.31386],[136.82573,34.31369],[136.8255,34.31338],[136.82543,34.31325],[136.82536,34.3131],[136.8253,34.31293],[136.82529,34.3128],[136.82529,34.31252],[136.82538,34.31173],[136.82544,34.31115],[136.82544,34.31097],[136.82542,34.31082],[136.82534,34.3106],[136.82522,34.31036],[136.82503,34.31012],[136.82481,34.30988],[136.82464,34.30972],[136.82447,34.3096],[136.82433,34.30953],[136.82412,34.30943],[136.82393,34.30937],[136.82376,34.30933],[136.82345,34.30929],[136.82256,34.30922],[136.82224,34.30917],[136.82191,34.30911],[136.82158,34.30902],[136.82137,34.30896],[136.82014,34.30861],[136.819435,34.308385]]}},{"type":"Feature","properties":{"line_name":"近鉄吉野線"},"geometry":{"type":"LineString","coordinates":[[135.793105,34.48348],[135.79372,34.48271],[135.79385,34.48256],[135.79392,34.48227],[135.79397,34.48215],[135.79434,34.48111],[135.79437,34.48011],[135.79446,34.47835],[135.79449,34.47797],[135.79451,34.47777],[135.79454,34.47748],[135.7946,34.47714],[135.79468,34.47683],[135.7948,34.4765],[135.795,34.47601],[135.79508,34.47584],[135.79547,34.47505],[135.79572,34.47463],[135.795955,34.474235],[135.79619,34.47384],[135.79685,34.47255],[135.79717,34.47195],[135.79741,34.47145],[135.7976,34.47089],[135.79775,34.4703],[135.79812,34.46905],[135.79831,34.46834],[135.79839,34.46807],[135.79854,34.46752],[135.79865,34.46699],[135.79868,34.46668],[135.79867,34.46646],[135.79862,34.46621],[135.79837,34.46548],[135.79817,34.465005000000005],[135.79797,34.46453],[135.79735,34.46322],[135.79707,34.46263],[135.79683,34.46212],[135.7961,34.46042],[135.79586,34.45988],[135.79567,34.45942],[135.79539,34.45881],[135.79518,34.45832],[135.7951,34.45802],[135.79505,34.45755],[135.79499,34.45633],[135.79496,34.45497],[135.79493,34.45334],[135.79488,34.45158],[135.79486,34.45097],[135.79484,34.45022],[135.794815,34.44968],[135.79479,34.44914],[135.79475,34.44876],[135.79466,34.44842],[135.79453,34.44816],[135.79438,34.44794],[135.79414,34.4477],[135.79394,34.44751],[135.79373,34.44736],[135.7935,34.44726],[135.79319,34.44713],[135.7929,34.44706],[135.79252,34.44703],[135.7919,34.44699],[135.79057,34.44687],[135.78908,34.44677],[135.78722,34.44662],[135.78611,34.44654],[135.78531,34.44648],[135.78529,34.44648],[135.78492,34.44643],[135.78453,34.44631],[135.78416,34.44618],[135.78337,34.44582],[135.78141,34.44466],[135.78018,34.44394],[135.77867,34.44303],[135.77725,34.44215],[135.77683,34.44195],[135.77632,34.44176],[135.7761,34.44168],[135.776206,34.441722],[135.77596,34.44163],[135.77582,34.44159],[135.77562,34.44154],[135.7752,34.44146],[135.77465,34.44143],[135.77341,34.44136],[135.77298,34.44133],[135.77256,34.44125],[135.77216,34.44114],[135.77175,34.44099],[135.77123,34.44074],[135.77066,34.44041],[135.76893,34.43938],[135.76825,34.43898],[135.76693,34.43817],[135.76654,34.43794],[135.76622,34.43771],[135.76617,34.43767],[135.76574,34.43734],[135.76517,34.43684],[135.76465,34.43634],[135.76383,34.43548],[135.76288,34.43449],[135.76066,34.4321],[135.76017,34.43159],[135.75992,34.43132],[135.75959,34.430975000000004],[135.75926,34.43063],[135.75858,34.42988],[135.75808,34.42931],[135.75723,34.4282],[135.75642,34.42709],[135.75573,34.42616],[135.75545,34.42585],[135.7553,34.42572],[135.75512,34.42562],[135.75437,34.42547],[135.75418,34.42543],[135.754,34.4254],[135.75376,34.42534],[135.75317,34.4252],[135.75275,34.42506],[135.7524,34.42489],[135.75201,34.42459],[135.75178,34.42431],[135.75159,34.42402],[135.75147,34.42377],[135.75139,34.42358],[135.75131,34.42339],[135.75123,34.42312],[135.75119,34.42295],[135.75106,34.42232],[135.7509,34.42167],[135.75076,34.42107],[135.75067,34.42069],[135.75058,34.42031],[135.75045,34.41995],[135.75043,34.41985],[135.7503,34.41932],[135.75027,34.41921],[135.7502,34.41895],[135.7501,34.41857],[135.75004,34.4184],[135.74996,34.41823],[135.74992,34.41817],[135.74987,34.41803],[135.74982,34.41796],[135.74965,34.41769],[135.74953,34.41756],[135.74944,34.41746],[135.74936,34.41736],[135.749,34.41697],[135.74881,34.41675],[135.74866,34.41657],[135.74856,34.4164],[135.7485,34.41626],[135.74844,34.41611],[135.74841,34.41602],[135.7484,34.41594],[135.74839,34.41586],[135.74838,34.41562],[135.7484,34.4152],[135.74844,34.41458],[135.74846,34.41436],[135.74847,34.41429],[135.74847,34.4139],[135.74843,34.41375],[135.74834,34.41352],[135.7482,34.41327],[135.74802,34.41306],[135.74781,34.41287],[135.74764,34.41272],[135.74723,34.41247],[135.74717,34.41243],[135.7469,34.4121],[135.74663,34.41175],[135.74618,34.41099],[135.74579,34.41049],[135.74513,34.40987],[135.7439,34.40889],[135.74351,34.40845],[135.74345,34.40826],[135.74342,34.40818],[135.74329,34.407775],[135.74316,34.40737],[135.74316,34.40696],[135.74331,34.40597],[135.74334,34.40561],[135.74314,34.40507],[135.74303,34.40482],[135.743,34.40453],[135.74301,34.4041],[135.74318,34.40369],[135.74482,34.40154],[135.74583,34.4004],[135.74611,34.39998],[135.74623,34.39964],[135.74638,34.39904],[135.74665,34.39846],[135.74717,34.39765],[135.74728,34.39761],[135.74747,34.39741],[135.74794,34.39697],[135.74862,34.39634],[135.74907,34.39597],[135.7495,34.39571],[135.74985,34.39558],[135.75023,34.395425],[135.75061,34.39527],[135.75099,34.39515],[135.75145,34.39502],[135.7519,34.39492],[135.75238,34.39492],[135.75323,34.39492],[135.75467,34.39494],[135.75558,34.39496],[135.75644,34.39498],[135.75689,34.39503],[135.75723,34.39507],[135.75755,34.39515],[135.75788,34.39517],[135.7582,34.39518],[135.75863,34.39514],[135.75897,34.39505],[135.75929,34.3949],[135.75953,34.39474],[135.75973,34.39457],[135.7601,34.39419],[135.76017,34.39412],[135.7605,34.39378],[135.76085,34.39339],[135.76107,34.39318],[135.76126,34.39297],[135.76212,34.39204],[135.76259,34.39158],[135.76303,34.39112],[135.76334,34.3909],[135.76369,34.39072],[135.76406,34.39058],[135.76449,34.39044],[135.76494,34.39026],[135.76525,34.39005],[135.76556,34.38981],[135.7658,34.3895],[135.76627,34.38871],[135.76643,34.388400000000004],[135.76659,34.38809],[135.76678,34.38769],[135.76719,34.38673],[135.76741,34.38614],[135.76765,34.38554],[135.76779,34.38534],[135.76786,34.38528],[135.76796,34.38518],[135.76814,34.38506],[135.76839,34.38493],[135.76863,34.38482],[135.76962,34.38444],[135.77002,34.38426],[135.77017,34.38419],[135.77032,34.38408],[135.77062,34.38383],[135.77079,34.38364],[135.77093,34.38343],[135.77123,34.38284],[135.77133,34.38266],[135.77152,34.38245],[135.77171,34.38227],[135.77195,34.38212],[135.77212,34.38203],[135.77252,34.38186],[135.7726,34.38185],[135.77276,34.3818],[135.77323,34.38173],[135.77397,34.38181],[135.77481,34.38204],[135.77545,34.38229],[135.7761,34.38256],[135.77628,34.38264],[135.77678,34.38288],[135.77702,34.383],[135.77772,34.38334],[135.77806,34.38352],[135.77821,34.3836],[135.77825,34.38362],[135.77854,34.38378],[135.77862,34.38381],[135.77873,34.38388],[135.779,34.38403],[135.78007,34.38463],[135.7806,34.38488],[135.78121,34.38513],[135.78176,34.38531],[135.78183,34.38532],[135.78207,34.38539],[135.78255,34.38548],[135.78301,34.38554],[135.78349,34.38552],[135.78374,34.3855],[135.78384,34.38548],[135.78411,34.38541],[135.78412,34.3854],[135.78417,34.38539],[135.78437,34.38532],[135.78467,34.38518],[135.78558,34.38471],[135.78656,34.38421],[135.7869,34.38402000000001],[135.78724,34.38383],[135.78745,34.38373],[135.78844,34.38333],[135.78878,34.38325],[135.78915,34.38321],[135.78967,34.38319],[135.79003,34.3832],[135.79037,34.38323],[135.79067,34.38328],[135.79103,34.38332],[135.79143,34.38338],[135.7923,34.38357],[135.7928,34.38367],[135.79328,34.3838],[135.79339,34.38384],[135.79373,34.38398],[135.79393,34.38408],[135.79418,34.38432],[135.7943,34.38444],[135.79457,34.38487],[135.79463,34.385],[135.79499,34.38563],[135.79527,34.38609],[135.79546,34.38633],[135.79563,34.38651],[135.79569,34.38656],[135.79601,34.38677],[135.79616,34.38683],[135.79662,34.38694],[135.79681,34.38696],[135.79703,34.38698],[135.79753,34.38696],[135.79804,34.38691],[135.7984,34.38686],[135.79936,34.38668],[135.80005,34.38652],[135.80065,34.38639],[135.80131,34.38623],[135.8017,34.38619],[135.80237,34.38615],[135.80288000000002,34.386120000000005],[135.80339,34.38609],[135.80381,34.38602],[135.80448,34.38591],[135.80505,34.38582],[135.80561,34.38582],[135.80605,34.38588],[135.80618,34.3859],[135.80627,34.38593],[135.80631,34.38595],[135.80643,34.38597],[135.80688,34.38609],[135.80714,34.38614],[135.80746,34.38619],[135.80807,34.38625],[135.80837,34.38627],[135.8094,34.38635],[135.8095,34.38637],[135.80962,34.38637],[135.8113,34.38655],[135.81142,34.38657],[135.81159,34.38658],[135.81184,34.38661],[135.8122,34.38664],[135.81236,34.38666],[135.81302,34.38674],[135.81325,34.38678],[135.81331,34.38678],[135.8136,34.38682],[135.81371,34.38683],[135.81403,34.38689],[135.81453,34.38703],[135.81483,34.38714],[135.81523,34.38732],[135.81589,34.38763],[135.81624,34.38779],[135.81666,34.38796],[135.81693,34.38806],[135.81699,34.38809],[135.81707,34.38811],[135.81732,34.3882],[135.8179,34.38837],[135.81853,34.38855],[135.81865,34.38859],[135.8191,34.38872],[135.81945,34.38884],[135.81968,34.38891],[135.82047,34.38925],[135.8207,34.38934],[135.82178,34.38977],[135.82203,34.38986],[135.82209,34.38988],[135.82216,34.38991],[135.82257,34.39002],[135.8234,34.39014],[135.82298500000002,34.39008],[135.82363,34.39019],[135.82425,34.39029],[135.82449,34.39031],[135.82496,34.39038],[135.82653,34.39061],[135.82664,34.39062],[135.82767,34.39076],[135.82789,34.39081],[135.82798,34.39084],[135.82813,34.39092],[135.8284,34.39106],[135.82862,34.3912],[135.8287,34.39124],[135.82882,34.3913],[135.82921,34.39148],[135.82934,34.39154],[135.82961,34.3916],[135.82999,34.39163],[135.83042,34.39162],[135.83073,34.39164],[135.83109,34.39168],[135.83147,34.3918],[135.83174,34.39189],[135.83182,34.39194],[135.8319,34.39197],[135.8325,34.39223],[135.83303,34.39241],[135.83328,34.3925],[135.83372,34.39259],[135.83466,34.39278],[135.83501,34.39283],[135.8352,34.39286],[135.83562,34.39292],[135.83585,34.39296],[135.83628,34.39303],[135.83656,34.39307],[135.83698,34.39321],[135.83731,34.39335],[135.83772,34.39356],[135.83804,34.39376],[135.83838,34.39394],[135.83887,34.39425],[135.8395,34.39464],[135.83961,34.39469],[135.83989,34.39487],[135.84032,34.39514],[135.84061,34.39532],[135.84072,34.39541],[135.84095,34.39556],[135.84115,34.39566],[135.84133,34.39574],[135.84167,34.39585],[135.84192,34.3959],[135.8421,34.39592],[135.84238,34.3959],[135.843,34.39586],[135.8435,34.39584],[135.84373,34.39583],[135.84408,34.3958],[135.84463,34.39576],[135.84512,34.39573],[135.8453,34.3957],[135.845705,34.39563],[135.84611,34.39556],[135.84617,34.39555],[135.84663,34.39531],[135.84677,34.39522],[135.84689,34.39513],[135.847,34.39503],[135.84708,34.39491],[135.84712,34.39483],[135.84723,34.39455],[135.84751,34.39336],[135.84757,34.39302],[135.84766,34.39262],[135.8479,34.39143],[135.84808,34.39055],[135.84817,34.390185],[135.84826,34.38982],[135.84852,34.3891],[135.84863,34.38886],[135.84944,34.38738],[135.84998,34.38641],[135.85023,34.38597],[135.8503,34.38583],[135.85066,34.38518],[135.85095,34.38469],[135.85095,34.38466],[135.85112,34.38435],[135.85215,34.38251],[135.85232,34.3822],[135.85292,34.38111],[135.85307,34.38083],[135.85326,34.38045],[135.85339,34.38002],[135.85343,34.37968],[135.85344,34.37947],[135.85352,34.37816],[135.85356,34.37735],[135.85356,34.37666],[135.85356,34.377005]]}},{"type":"Feature","properties":{"line_name":"名鉄名古屋本線"},"geometry":{"type":"LineString","coordinates":[[137.38267333333332,34.762069999999994],[137.38175,34.7635],[137.38172,34.76354],[137.38141,34.76404],[137.38134,34.76448],[137.38123,34.76468],[137.38069,34.76553],[137.38065,34.7656],[137.37989,34.76679],[137.37922,34.76781],[137.3786,34.76877],[137.37843,34.76903],[137.37803,34.76965],[137.37682,34.77151],[137.37604,34.77271],[137.37523,34.77395],[137.37457,34.77496],[137.37444,34.77515],[137.37369,34.77632],[137.37301,34.77732],[137.37239,34.77826],[137.37201,34.77884],[137.3717,34.77931],[137.37111,34.78022],[137.37103,34.78034],[137.371,34.7804],[137.3709,34.78055],[137.37086,34.7806],[137.37068,34.7809],[137.37054,34.78113],[137.37042,34.7813],[137.37005,34.78189],[137.36993,34.78206],[137.36975,34.78234],[137.3694,34.7829],[137.36934,34.78298],[137.36926,34.78313],[137.369,34.78352],[137.36872,34.78395],[137.36858,34.78418],[137.36849,34.78432],[137.36798,34.78514],[137.36721,34.78633],[137.36691,34.78682],[137.36682,34.78695],[137.36673,34.78704],[137.36598,34.78811],[137.36538,34.78894],[137.36483,34.78968],[137.36453,34.79008],[137.36418,34.79056],[137.36361,34.79132],[137.36358,34.79136],[137.36295,34.79226],[137.36253,34.79286],[137.36205,34.79347],[137.36168,34.79397],[137.36164,34.79403],[137.36159,34.7941],[137.36129,34.79447],[137.3611,34.79471],[137.36076,34.79515],[137.35986,34.79631],[137.35931,34.79701],[137.35919,34.79716],[137.3587,34.7978],[137.35819,34.79845],[137.35741,34.79946],[137.35698,34.80003],[137.35637,34.8008],[137.35593,34.80137],[137.35536,34.80212],[137.35496,34.80263],[137.35478750000001,34.8028525],[137.35456,34.80315],[137.35427,34.80351],[137.35359,34.80439],[137.35302,34.80514],[137.35273,34.80553],[137.35215,34.80627],[137.35136,34.8073],[137.35061,34.80828],[137.35027,34.80869],[137.34984,34.80927],[137.34941,34.80985],[137.34905,34.81032],[137.34877,34.81069],[137.34844,34.81112],[137.34819,34.81144],[137.3478,34.81195],[137.34744,34.81242],[137.34715,34.81279],[137.34701,34.81297],[137.34686,34.81317],[137.3468,34.81325],[137.34665,34.81346],[137.34632,34.81387],[137.34587,34.81444],[137.34572,34.81464],[137.34553,34.81488],[137.345625,34.8147625],[137.34538,34.81509],[137.34532,34.81517],[137.34521,34.81531],[137.34507,34.81549],[137.34427,34.81653],[137.34402,34.81685],[137.34362,34.81738],[137.34326,34.81784],[137.34307,34.8181],[137.34257,34.81874],[137.34185,34.81971],[137.34139,34.82025],[137.34085,34.82095],[137.33985,34.82223],[137.33917,34.82315],[137.33814,34.82448],[137.33758,34.82523],[137.33705,34.82592],[137.33641,34.82673],[137.33567,34.82771],[137.33501,34.82855],[137.33419,34.82963],[137.33362,34.83036],[137.33293,34.83125],[137.33234,34.83201],[137.33187,34.83262],[137.3317,34.83287],[137.33139,34.83323],[137.32963,34.83552],[137.32882,34.83661],[137.32875,34.8367],[137.32855,34.83694],[137.32843,34.83708],[137.32785,34.83782],[137.32814000000002,34.837450000000004],[137.32726,34.83861],[137.32714,34.83876],[137.32697,34.839],[137.32583,34.84051],[137.32553,34.8409],[137.32529,34.84122],[137.32426,34.84255],[137.32298,34.84418],[137.3225,34.8448],[137.32232,34.84503],[137.322,34.84543],[137.32188,34.84558],[137.32112,34.84654],[137.32150000000001,34.846059999999994],[137.32093,34.84679],[137.31974,34.84834],[137.31938,34.84879],[137.31897,34.84932],[137.31893,34.84939],[137.31886,34.84947],[137.31859,34.84982],[137.31821,34.85031],[137.31793,34.85066],[137.31645,34.8526],[137.31643,34.85264],[137.31634,34.85273],[137.31601,34.85318],[137.31576,34.85349],[137.31567,34.8536],[137.31512,34.85433],[137.3145,34.85516],[137.31377,34.85613],[137.31318,34.8569],[137.31315,34.85695],[137.3128,34.85741],[137.31264,34.85763],[137.31207,34.85832],[137.31155,34.85899],[137.31108,34.85941],[137.31113666666667,34.85936],[137.31078,34.85968],[137.31048,34.85991],[137.31001,34.86026],[137.30956,34.86056],[137.30931,34.86071],[137.30905,34.86086],[137.30787,34.86151],[137.30748,34.86173],[137.30681,34.86206],[137.30498,34.86298],[137.30396,34.8635],[137.3026,34.86417],[137.30235,34.8643],[137.30171,34.86464],[137.30127,34.86486],[137.30043,34.8653],[137.29986,34.86559],[137.29957,34.86575],[137.29931,34.86588],[137.2992,34.86595],[137.29832,34.86639],[137.29814,34.86648],[137.29682,34.86717],[137.2964,34.86738],[137.29602,34.86758],[137.29584,34.86767],[137.29556,34.86782],[137.29522,34.86801],[137.29256,34.86938],[137.2911,34.87013],[137.29059,34.87039],[137.29017,34.8706],[137.28993,34.87073],[137.28906,34.87116],[137.28874,34.8713],[137.28804,34.87164],[137.28839,34.87147],[137.28759,34.87182],[137.2865,34.87226],[137.2859,34.87249],[137.28529,34.87274],[137.28448,34.87306],[137.28377,34.87334],[137.2834,34.87349],[137.2831,34.87361],[137.28236,34.87391],[137.28112,34.8744],[137.27975,34.87495],[137.27968,34.87498],[137.27943,34.87508],[137.27843,34.87548],[137.27779,34.87579],[137.27752,34.87592],[137.27705,34.87617],[137.27668,34.87639],[137.27387,34.87805],[137.27288,34.87863],[137.27255,34.87887],[137.27152,34.87955],[137.27129,34.8797],[137.2707,34.8801],[137.27058,34.88016],[137.27012,34.88047],[137.26962,34.88084],[137.26881,34.8815],[137.26809,34.88211],[137.26736,34.88275],[137.26685,34.8832],[137.26646,34.88357],[137.26612,34.88392],[137.26589,34.88416],[137.26586,34.88422],[137.26577,34.88436],[137.26562,34.88461],[137.26548,34.8849],[137.26535,34.88528],[137.26529,34.88552],[137.26519,34.88603],[137.26504,34.88694],[137.26493,34.88767],[137.26483,34.88823],[137.26474,34.88869],[137.26466,34.88893],[137.26446,34.8894],[137.26429,34.88966],[137.26409,34.88993],[137.26391,34.89015],[137.26356,34.89047],[137.26317,34.89076],[137.26281,34.89102],[137.2621,34.8915],[137.26175,34.89175],[137.26094,34.8923],[137.26056,34.89256],[137.25939,34.8933],[137.259975,34.89293000000001],[137.25777,34.89419],[137.25703,34.89454],[137.25377,34.8958],[137.25272,34.89621],[137.25176,34.89661],[137.25171,34.89662],[137.25,34.89731],[137.24886,34.89778],[137.24829,34.89796],[137.24824,34.89797],[137.24786,34.89807],[137.24743,34.89818],[137.24702,34.89826],[137.24669,34.89833],[137.24602,34.89845],[137.24587,34.89848],[137.24573,34.8985],[137.24544,34.89856],[137.24493,34.89866],[137.24456,34.89875],[137.24426,34.89886],[137.24369,34.89906],[137.24301,34.89938],[137.24238,34.89966],[137.242695,34.899519999999995],[137.24164,34.9],[137.24012,34.90071],[137.2393,34.90108],[137.23892,34.90136],[137.2386,34.90161],[137.23838,34.9018],[137.2382,34.90204],[137.23803,34.90235],[137.23788,34.90264],[137.23775,34.90296],[137.23761,34.90334],[137.23756,34.90345],[137.23746,34.90361],[137.23723,34.90393],[137.23702,34.90422],[137.23678,34.90451],[137.23645,34.90489],[137.23596,34.90536],[137.23567,34.90561],[137.23516,34.90595],[137.23497,34.90606],[137.23485,34.90613],[137.2348,34.90616],[137.23455,34.90631],[137.23439,34.90641],[137.23366,34.90682],[137.23295,34.90724],[137.23151,34.9081],[137.23018,34.90888],[137.22966,34.90919],[137.22923,34.90943],[137.22785,34.90991],[137.22666,34.91034],[137.2249,34.91097],[137.22466,34.91105],[137.22384,34.91134],[137.22274,34.91174],[137.22157,34.91216],[137.22052,34.91253],[137.21901,34.91307],[137.21813,34.91341],[137.21857,34.91324],[137.2173,34.91371],[137.21656,34.91397],[137.21594,34.91419],[137.21515,34.91448],[137.21437,34.91475],[137.21379,34.91496],[137.21299,34.91524],[137.21284,34.91527],[137.21256,34.91532],[137.21234,34.91533],[137.21162,34.91534],[137.21078,34.91534],[137.21013,34.91535],[137.20982,34.91535],[137.20887,34.91537],[137.20842,34.91541],[137.20772,34.91549],[137.20732,34.91558],[137.20671,34.9158],[137.20619,34.91601],[137.20573,34.91629],[137.20489,34.91689],[137.204,34.91762],[137.20254,34.9188],[137.20112,34.91993],[137.20104,34.92],[137.20058,34.92035],[137.20052,34.9204],[137.20029,34.92058],[137.19996,34.92084],[137.19926,34.9214],[137.19857,34.92194],[137.19789,34.92248],[137.19766,34.92267],[137.19748,34.92281],[137.19683,34.92332],[137.19584,34.92409],[137.196335,34.923705],[137.19513,34.92464],[137.19457,34.92507],[137.19371,34.92574],[137.19313,34.92618],[137.19248,34.92666],[137.1918,34.92721],[137.19113,34.92771],[137.19095,34.92785],[137.19069,34.92805],[137.19032,34.92833],[137.18892,34.92939],[137.18821,34.92994],[137.18777,34.93027],[137.18765,34.93036],[137.18752,34.93047],[137.18745,34.93051],[137.18716,34.93075],[137.18677,34.93108],[137.18614,34.93171],[137.18581,34.93217],[137.18573,34.9323],[137.18547,34.93278],[137.18535,34.93303],[137.1853,34.93315],[137.18526,34.93326],[137.18499,34.93392],[137.18472,34.93467],[137.18444,34.93545],[137.18421,34.93606],[137.18404,34.93644],[137.18389,34.93675],[137.18374,34.93697],[137.18359,34.93719],[137.18337,34.93744],[137.18335666666667,34.937443333333334],[137.18311,34.9377],[137.18268,34.93813],[137.18255,34.93824],[137.18226,34.93851],[137.18153,34.93927],[137.18094,34.93988],[137.18036,34.94049],[137.17995,34.94093],[137.17946,34.94142],[137.17881,34.94212],[137.17799,34.94297],[137.17749,34.94347],[137.17714,34.94384],[137.17663,34.94436],[137.17595,34.94508],[137.17571,34.94533],[137.17526,34.9458],[137.17454,34.94655],[137.17381,34.94731],[137.17319,34.94795],[137.17257,34.94859],[137.17201,34.94917],[137.17156,34.94965],[137.17117,34.95003],[137.17077,34.9504],[137.17025,34.95083],[137.16967,34.95123],[137.16922,34.95148],[137.16888,34.95163],[137.16869,34.9517],[137.1685,34.95176],[137.16823,34.95184],[137.16667,34.95222],[137.16745,34.95202999999999],[137.16656,34.95224],[137.16624,34.95231],[137.16603,34.95236],[137.1659,34.95237],[137.16554,34.9524],[137.16467,34.95243],[137.16431,34.95243],[137.16394,34.95242],[137.16383,34.95241],[137.16328,34.95238],[137.16261,34.95233],[137.16254,34.95232],[137.16222,34.95229],[137.16137,34.95219],[137.16044,34.95216],[137.16,34.95218],[137.15942,34.95227],[137.15902,34.95241],[137.15853,34.95262],[137.15838,34.95269],[137.15794,34.95288],[137.15732,34.95317],[137.15668,34.95346],[137.15604,34.95375],[137.15575,34.95389],[137.1554,34.95403],[137.15505,34.9542],[137.15464,34.95439],[137.15411,34.95464],[137.15362,34.95484],[137.15346,34.95492],[137.15347,34.95491199999999],[137.15339,34.95495],[137.15277,34.95521],[137.15263,34.95528],[137.15215,34.95551],[137.15135,34.95586],[137.1512,34.95593],[137.15102,34.95601],[137.15078,34.95612],[137.14992,34.95651],[137.14976,34.95658],[137.14881,34.95702],[137.14855,34.95714],[137.14775,34.95751],[137.14669,34.95798],[137.14662,34.95802],[137.1463,34.95817],[137.14605,34.95828],[137.14563,34.95847],[137.14481,34.95885],[137.14393,34.95925],[137.14308,34.95964],[137.14222,34.96004],[137.14162,34.96032],[137.14058,34.96078],[137.13936,34.96135],[137.13997,34.961065000000005],[137.1391,34.96148],[137.1379,34.96203],[137.13706,34.9624],[137.13616,34.96281],[137.13554,34.96309],[137.13467,34.9635],[137.13439,34.96363],[137.13368,34.96396],[137.13281,34.96435],[137.13193,34.96475],[137.13079,34.96528],[137.13025,34.96553],[137.12939,34.96592],[137.12874,34.96623],[137.12826,34.96645],[137.12767,34.96673],[137.1268,34.96712],[137.12596,34.96752],[137.12511,34.9679],[137.12475,34.96808],[137.1246,34.96814],[137.12447,34.96821],[137.12405,34.96839],[137.12351,34.96863],[137.12278,34.96897],[137.12247,34.96911],[137.12203,34.96933],[137.12137,34.96964],[137.12033,34.97012],[137.11981,34.97036],[137.1192,34.97071],[137.11915,34.97074],[137.11904,34.97079],[137.1188,34.97092],[137.11867,34.971],[137.11859,34.97105],[137.11762,34.97158],[137.118105,34.971315000000004],[137.11754,34.97161],[137.11698,34.97192],[137.11665,34.97209],[137.11628,34.9723],[137.11566,34.97264],[137.11505,34.97298],[137.11401,34.97355],[137.11392,34.9736],[137.11255,34.97436],[137.11241,34.97444],[137.11184,34.97476],[137.11143,34.97498],[137.11085,34.9753],[137.11069,34.9754],[137.10968,34.97597],[137.10955,34.97604],[137.10888,34.97641],[137.10886,34.97642],[137.10861,34.97658],[137.10755,34.97714],[137.10749,34.97718],[137.10737,34.97724],[137.1073,34.97729],[137.10657,34.97767],[137.1065,34.97771],[137.10564,34.97811],[137.10522,34.9783],[137.10498,34.9784],[137.10481,34.97847],[137.10464,34.97854],[137.1041,34.97877],[137.10408,34.97878],[137.10343,34.97905],[137.10291,34.97927],[137.10276,34.97933],[137.1018,34.97973],[137.10083,34.98012],[137.09953,34.98067],[137.0994,34.98072],[137.0993,34.98076],[137.09887,34.98094],[137.09834,34.98116],[137.09765,34.98145],[137.0973,34.9816],[137.0967,34.98185],[137.09665,34.98186],[137.09466,34.9827],[137.09414,34.98292],[137.09408,34.98295],[137.09363,34.98314],[137.09361,34.98314],[137.09357,34.98315],[137.09224,34.98371],[137.09118,34.98415],[137.08954,34.98483],[137.08944,34.98488],[137.08826,34.98544],[137.08745,34.98587],[137.087,34.98612],[137.08675,34.98625],[137.08636,34.98646],[137.08623,34.98652],[137.0848,34.98728],[137.085515,34.9869],[137.08472,34.98731],[137.08433,34.98752],[137.08412,34.98763],[137.08379,34.98781],[137.08333,34.98805],[137.08312,34.98816],[137.0827,34.98839],[137.08259,34.98844],[137.08243,34.98853],[137.08228,34.98861],[137.08198,34.98876],[137.08197,34.98878],[137.08189,34.98881],[137.08125,34.98916],[137.08117,34.9892],[137.0808,34.9894],[137.08047,34.98957],[137.08012,34.98976],[137.07998,34.98984],[137.07948,34.9901],[137.07913,34.99029],[137.07905,34.99034],[137.07872,34.99051],[137.07833,34.99071],[137.07738,34.99122],[137.07694,34.99143],[137.07588,34.99195],[137.07547,34.99214],[137.07513,34.99231],[137.07444,34.99264],[137.07379,34.99295],[137.07355,34.99307],[137.07339,34.99315],[137.07284,34.99341],[137.07276,34.99346],[137.07266,34.99351],[137.07255,34.99356],[137.07171,34.99397],[137.07122,34.99421],[137.07112,34.99427],[137.07061,34.99452],[137.07013,34.99475],[137.06963,34.99499],[137.06952,34.99506],[137.06902,34.9953],[137.06852,34.99554],[137.06832,34.99564],[137.06804,34.99577],[137.06774,34.99593],[137.06727,34.99615],[137.06672,34.99642],[137.06662,34.99648],[137.06572,34.99692],[137.06528,34.99713],[137.06409,34.99772],[137.06394,34.9978],[137.06382,34.99786],[137.06298,34.99827],[137.06144,34.99902],[137.06032,34.99954],[137.06088,34.99928],[137.05991,34.99974],[137.05861,35.00038],[137.05835,35.00051],[137.05791,35.00073],[137.05676,35.0013],[137.05557,35.00188],[137.05443,35.00245],[137.05348,35.00292],[137.05318,35.00303],[137.05307,35.00307],[137.05247,35.00325],[137.05231,35.0033],[137.05206,35.00333],[137.05146,35.00339],[137.05096,35.0034],[137.05024,35.00337],[137.04978,35.00331],[137.0494,35.00325],[137.04883,35.0031],[137.04841,35.00301],[137.04797,35.00289],[137.04751,35.00284],[137.04714,35.00282],[137.04664,35.00285],[137.04624,35.0029],[137.04617,35.00291],[137.0458,35.00297],[137.04534,35.00307],[137.0451,35.00311],[137.04499,35.00315],[137.04471,35.00325],[137.04425,35.00345],[137.04387,35.00362],[137.04379,35.00366],[137.04348,35.00381],[137.0428,35.00415],[137.04231,35.0044],[137.04171,35.0048],[137.04163,35.00486],[137.0412,35.00517],[137.04113,35.00522],[137.04077,35.00547],[137.04009,35.00597],[137.03924,35.00649],[137.039665,35.00623],[137.03841,35.00695],[137.03718,35.00758],[137.03603,35.00816],[137.0356,35.00837],[137.03367,35.00934],[137.03121,35.01056],[137.03059,35.01087],[137.0278,35.01227],[137.02638,35.01297],[137.0258,35.01333],[137.02511,35.01388],[137.02545500000002,35.013605],[137.02472,35.01424],[137.02433,35.01473],[137.02415,35.01497],[137.0239,35.01536],[137.0236,35.01589],[137.02283,35.01739],[137.02116,35.02068],[137.02094,35.02111],[137.02052,35.02194],[137.02047,35.02203],[137.01884,35.02515],[137.01799,35.02679],[137.01663,35.02945],[137.01625,35.03016],[137.01644,35.029804999999996],[137.01621,35.03022],[137.01597,35.03054],[137.01444,35.03265],[137.01276,35.03495],[137.01167,35.03645],[137.01142,35.0368],[137.01126,35.03701],[137.00981,35.03896],[137.00964,35.03919],[137.0085,35.04077],[137.00799,35.0415],[137.008245,35.041135],[137.00699,35.04291],[137.00637,35.04379],[137.00621,35.04401],[137.00556,35.04492],[137.00528,35.04526],[137.00498,35.04562],[137.00482,35.04579],[137.00462,35.04595],[137.00423,35.04623],[137.00389,35.04648],[137.00362,35.04666],[137.00151,35.04809],[136.99948,35.04949],[136.99935,35.04958],[136.99929,35.04962],[136.99785,35.05059],[136.99704,35.05125],[136.99623,35.05185],[136.99562,35.0523],[136.995925,35.052075],[136.99343,35.0541],[136.99164,35.05557],[136.98974,35.05713],[136.98945,35.05738],[136.98921,35.05757],[136.98826,35.0583],[136.98793,35.05852],[136.98758,35.05872],[136.98731,35.05887],[136.98639,35.05928],[136.98595,35.05947],[136.98554,35.05964],[136.98497,35.05989],[136.98339,35.06056],[136.98275,35.06082],[136.9822,35.06105],[136.982,35.06113],[136.98161,35.06128],[136.98017,35.06172],[136.98089,35.061499999999995],[136.97922,35.06197],[136.97755,35.06236],[136.97697,35.06253],[136.97653,35.06266],[136.97613,35.06281],[136.97578,35.06298],[136.97554,35.06312],[136.97525,35.06333],[136.9751,35.06347],[136.97488,35.06372],[136.97473,35.06394],[136.97456,35.06422],[136.974,35.06522],[136.97379,35.06553],[136.97357,35.06584],[136.97336,35.06608],[136.97316,35.06628],[136.97291,35.06652],[136.97277,35.06661],[136.97216,35.06702],[136.97202,35.0671],[136.9715,35.06744],[136.97142,35.06749],[136.97078,35.06789],[136.97109999999998,35.06769],[136.97025,35.06824],[136.96994,35.06842],[136.96952,35.06864],[136.9691,35.06882],[136.96862,35.06899],[136.96825,35.0691],[136.96776,35.06921],[136.96738,35.06927],[136.96676,35.06933],[136.96617,35.06937],[136.96544,35.06942],[136.96471,35.06947],[136.96429,35.0695],[136.96372,35.06954],[136.96344,35.06957],[136.96319,35.06963],[136.9628,35.06975],[136.96126,35.07024],[136.96077,35.07039],[136.95999,35.07065],[136.96038,35.07052],[136.9591,35.07098],[136.95814,35.07136],[136.95675,35.07192],[136.9565,35.07206],[136.95638,35.07216],[136.95626,35.07226],[136.95591,35.07264],[136.95549,35.07315],[136.95485,35.07398],[136.95423,35.07482],[136.95348,35.07583],[136.95312,35.07632],[136.95218,35.07759],[136.95198,35.07783],[136.95185,35.07796],[136.95168,35.0781],[136.95155,35.07821],[136.95141,35.07831],[136.95128,35.0784],[136.95119,35.078430000000004],[136.95107,35.07852],[136.95076,35.07869],[136.95058,35.07878],[136.95024,35.07892],[136.94983,35.07907],[136.94911,35.07932],[136.94796,35.07971],[136.94528,35.08061],[136.94459,35.08083],[136.94379,35.0811],[136.94213,35.08165],[136.94133,35.08192],[136.94097,35.08205],[136.94058,35.08219],[136.93979,35.08253],[136.93948,35.08271],[136.93913,35.08295],[136.93881,35.08322],[136.93866,35.08337],[136.93851,35.08353],[136.93837,35.08374],[136.9382,35.08407],[136.9381,35.08429],[136.93803,35.08449],[136.93798,35.08479],[136.93792,35.08535],[136.93786,35.08594],[136.93778,35.08657],[136.93764,35.08701],[136.93703,35.08794],[136.937335,35.087475],[136.93677,35.08838],[136.93604,35.08959],[136.93568,35.09021],[136.9354,35.09071],[136.93522,35.09105],[136.93503,35.09138],[136.93491,35.09163],[136.9348,35.09189],[136.93473,35.09204],[136.93469,35.09215],[136.93456,35.09245],[136.93434,35.09317],[136.93414,35.09409],[136.93402,35.09456],[136.93386,35.09517],[136.93378,35.09558],[136.93368,35.09607],[136.93358,35.09653],[136.93353,35.0969],[136.93348,35.09712],[136.93345,35.09744],[136.93341,35.09813],[136.9334,35.09856],[136.93347,35.0996],[136.933435,35.09908],[136.93356,35.10033],[136.93368,35.101],[136.93384,35.1019],[136.93398,35.1026],[136.93414,35.10341],[136.93437,35.1047],[136.93453,35.10556],[136.93472,35.10655],[136.93462499999998,35.106055],[136.93478,35.10685],[136.93485,35.10734],[136.93488,35.10778],[136.9349,35.1081],[136.93486,35.10846],[136.9348,35.10879],[136.93472,35.10906],[136.93463,35.10934],[136.93449,35.10973],[136.93437,35.10999],[136.93424,35.11023],[136.93407,35.11049],[136.9339,35.11069],[136.93374,35.11092],[136.93342,35.11127],[136.93273,35.11203],[136.93205,35.11281],[136.93155,35.11342],[136.93121,35.11382],[136.93074,35.11435],[136.93,35.11517],[136.93036999999998,35.114760000000004],[136.92992,35.11526],[136.92978,35.11543],[136.92957,35.11567],[136.92931,35.11598],[136.92893,35.11647],[136.92877,35.11665],[136.92856,35.11688],[136.92835,35.1171],[136.92809,35.11736],[136.92779,35.11765],[136.92762,35.11784],[136.9273,35.11812],[136.92705,35.11828],[136.92666,35.11853],[136.92633,35.11868],[136.92609,35.1188],[136.9258,35.1189],[136.92529,35.11904],[136.92494,35.11912],[136.9237,35.1194],[136.92274,35.11962],[136.92139,35.11993],[136.92093,35.12002],[136.9208,35.12005],[136.92075,35.12006],[136.91924,35.12039],[136.919995,35.120225000000005],[136.91909,35.12042],[136.91845,35.12055],[136.91784,35.12071],[136.91612,35.12111],[136.91601,35.12113],[136.91573,35.12119],[136.91547,35.12125],[136.91525,35.12131],[136.9149,35.12142],[136.9147,35.12149],[136.91455,35.12158],[136.91444,35.12166],[136.91431,35.12176],[136.91427,35.12179],[136.91413,35.12191],[136.91399,35.12204],[136.91392,35.12211],[136.91385,35.12221],[136.91377,35.12234],[136.91369,35.12249],[136.91353,35.12289],[136.91327,35.12362],[136.91295,35.12464],[136.9129,35.1248],[136.9126,35.12562],[136.912565,35.125704999999996],[136.91243,35.12607],[136.91233,35.12633],[136.91218,35.12687],[136.91215,35.12697],[136.91195,35.12761],[136.91156,35.12872],[136.91093,35.13011],[136.91069,35.13069],[136.91012,35.13205],[136.90972,35.13289],[136.90929,35.13391],[136.90899,35.13462],[136.90867,35.13532],[136.90864,35.13541],[136.90858,35.13555],[136.90827,35.13625],[136.90799,35.13681],[136.90768,35.13734],[136.90734,35.13787],[136.90716,35.13812],[136.90693,35.13842],[136.90674,35.13864],[136.90643,35.13904],[136.90595,35.13954],[136.90532,35.14019],[136.90502,35.14046],[136.90458,35.14082],[136.9042,35.14114],[136.90399,35.14129],[136.90353,35.14164],[136.90316,35.14189],[136.90296,35.14204],[136.90269,35.1422],[136.90215,35.14253],[136.90158,35.14276],[136.90133,35.142860000000006],[136.90026,35.14329],[136.89954,35.14351],[136.89883,35.14374],[136.89826,35.14392],[136.89725,35.14426],[136.89668,35.14446],[136.89537,35.14495],[136.89479,35.14517],[136.89442,35.14531],[136.89385,35.14553],[136.89339,35.14573],[136.89264,35.1461],[136.89242,35.14621],[136.89208,35.14646],[136.89169,35.14675],[136.89134,35.14704],[136.89093,35.14738],[136.89073,35.14758],[136.89052,35.14781],[136.89027,35.14809],[136.89009,35.14835],[136.88996,35.14856],[136.88982,35.14878],[136.88967,35.14903],[136.88955,35.14926],[136.88934,35.14971],[136.88922,35.15],[136.8891,35.15046],[136.88908,35.15056],[136.88904,35.15076],[136.889,35.15093],[136.88889,35.15141],[136.88865,35.15236],[136.88877000000002,35.151885],[136.88862,35.15248],[136.88855,35.15273],[136.88838,35.1534],[136.88833,35.15361],[136.88812,35.15437],[136.88774,35.15576],[136.88737,35.15724],[136.88726,35.15772],[136.88699,35.15885],[136.8869,35.15921],[136.8867,35.16006],[136.8866,35.16047],[136.88639,35.16127],[136.88639,35.16128],[136.88625,35.16185],[136.88604,35.16267],[136.88592,35.16318],[136.88571,35.16398],[136.88564,35.16431],[136.88542,35.16501],[136.88524,35.16531],[136.88471,35.16721],[136.88406,35.16989],[136.88398,35.17018],[136.88376,35.1707],[136.88387,35.17044],[136.88357,35.17111],[136.88338,35.17151],[136.88289,35.17234],[136.88207,35.17353],[136.88194,35.17372],[136.88149,35.17435],[136.88027,35.17585],[136.87911,35.17753],[136.87835,35.17847],[136.87816,35.17874],[136.87739,35.17971],[136.87678,35.18032],[136.87639,35.18066],[136.87569,35.18128],[136.87535,35.18161],[136.87395,35.18294],[136.87385,35.18303],[136.87361,35.18327],[136.87351,35.18336],[136.87339,35.18347],[136.87333,35.18353],[136.8728,35.18405],[136.873065,35.18379],[136.87205,35.18479],[136.87161,35.18515],[136.87013,35.18645],[136.86978,35.18678],[136.86964,35.18702],[136.86954,35.18733],[136.86951,35.18755],[136.86948,35.1878],[136.8695,35.18793],[136.86951,35.18812],[136.86955,35.18832],[136.86964,35.18858],[136.86974,35.1888],[136.86989,35.18905],[136.86997,35.18919],[136.87,35.18926],[136.87018,35.18961],[136.87045,35.19027],[136.870315,35.18994],[136.87051,35.19043],[136.87076,35.19091],[136.87093,35.19136],[136.87098,35.19163],[136.871,35.19195],[136.87099,35.19221],[136.87089,35.19253],[136.87078,35.19276],[136.87068,35.1929],[136.87067,35.19292],[136.87064,35.19294],[136.87061,35.19297],[136.86985,35.19353],[136.86959,35.19372],[136.86901,35.19415],[136.86824,35.19466],[136.86793,35.19483],[136.86755,35.19499],[136.86724,35.19509],[136.86684,35.19517],[136.86644,35.1952],[136.86612,35.19521],[136.86566,35.19514],[136.86527999999998,35.195085000000006],[136.8649,35.19503],[136.86354,35.19486],[136.86258,35.19476],[136.8616,35.19471],[136.8606,35.19467],[136.85998,35.19466],[136.85975,35.19466],[136.85978500000002,35.19466],[136.85881,35.19465],[136.85464,35.19468],[136.85411,35.19473],[136.85374,35.1948],[136.85365,35.19482],[136.85318,35.19496],[136.85206,35.19554],[136.85262,35.19525],[136.85169,35.19573],[136.85094,35.19614],[136.84796,35.19773],[136.84749,35.19799],[136.84654,35.19849],[136.84497,35.19937],[136.845755,35.198930000000004],[136.84472,35.19948],[136.84438,35.19976],[136.844,35.2001],[136.84381,35.20038],[136.8436,35.20087],[136.84326,35.20165],[136.84247,35.20348],[136.84181,35.20493],[136.84214,35.204205],[136.84159,35.20538],[136.84128,35.20589],[136.84092,35.20634],[136.84056,35.20677],[136.84012,35.20721],[136.83985,35.20745],[136.83968,35.2076],[136.83835,35.2088],[136.83798,35.20912],[136.83595,35.21093],[136.83477,35.21199],[136.83535999999998,35.21146],[136.83128,35.21503],[136.82723,35.2186],[136.82624,35.21947],[136.82619,35.21952],[136.82113,35.22395],[136.81885,35.22595],[136.81774,35.22686],[136.81829499999998,35.226405],[136.81652,35.22791],[136.81537,35.22896],[136.81518,35.22915],[136.81501,35.22933],[136.81426,35.23016],[136.81372,35.23076],[136.81298,35.23177],[136.81228,35.23285],[136.81147,35.23431],[136.81082,35.23574],[136.811145,35.235025],[136.80866,35.24024],[136.80675,35.24412],[136.80651,35.24461],[136.80409,35.24956],[136.80399,35.24975],[136.80387,35.24999],[136.80349,35.25074],[136.8032,35.25142],[136.80315,35.25157],[136.80305,35.25191],[136.80295,35.25241],[136.80295,35.25322],[136.80295,35.25353],[136.80292,35.25503],[136.802935,35.254279999999994],[136.80291,35.25582],[136.80288,35.25836],[136.80288,35.2587],[136.80287,35.25889],[136.80283,35.2612],[136.80281,35.26176],[136.80279,35.26207],[136.80273,35.26248],[136.80267,35.26283],[136.80267,35.26287],[136.80254,35.26347],[136.80251,35.26361],[136.80246,35.26385],[136.80242,35.26402],[136.80225,35.26486],[136.80218,35.26516],[136.80214,35.26536],[136.8021,35.26558],[136.80188,35.26661],[136.80186,35.26671],[136.80181,35.26693],[136.80157,35.26803],[136.80145,35.26853],[136.80127,35.26933],[136.80109,35.27013],[136.80096,35.27076],[136.80089,35.27103],[136.80087,35.271146666666674],[136.80076,35.27165],[136.80074,35.27171],[136.80061,35.27236],[136.80051,35.27285],[136.80039,35.27341],[136.80032,35.27376],[136.80023,35.27449],[136.8002,35.27466],[136.80019,35.27476],[136.80016,35.27492],[136.80013,35.27516],[136.8001,35.2753],[136.8,35.27608],[136.79983,35.2773],[136.79977,35.27778],[136.79965,35.27867],[136.79961,35.27888],[136.79952,35.27941],[136.79944,35.27963],[136.7994,35.27975],[136.79932,35.27999],[136.79891,35.28116],[136.79858,35.28205],[136.79847,35.28241],[136.79834,35.28293],[136.79829,35.28323],[136.79823,35.28378],[136.79818,35.28489],[136.79815,35.28578],[136.79815,35.28673],[136.79818,35.28713],[136.79823,35.28744],[136.79822,35.287295],[136.79832,35.28788],[136.79834,35.28802],[136.79854,35.28873],[136.79911,35.29042],[136.79926,35.2909],[136.79936,35.29129],[136.79944,35.29161],[136.79952,35.29212],[136.79955,35.29242],[136.79955,35.2933],[136.79952,35.29363],[136.79938,35.29486],[136.79916,35.29677],[136.79914,35.29694],[136.7991,35.29722],[136.79907,35.29741],[136.79903,35.2976],[136.79898,35.2978],[136.79891,35.29804],[136.79871,35.29859],[136.79862,35.2988],[136.79851,35.29901],[136.79813,35.29976],[136.79763,35.30074],[136.79632,35.30343],[136.796975,35.302085],[136.79614,35.30382],[136.79546,35.30539],[136.79428,35.30785],[136.79335,35.30982],[136.79278,35.31098],[136.79265,35.31127],[136.79238,35.31182],[136.79227,35.31203],[136.79125,35.31405],[136.791,35.31456],[136.79076,35.31505],[136.79062,35.31532],[136.79032,35.31595],[136.79024,35.31611],[136.79007,35.31646],[136.78958,35.31745],[136.78943,35.31774],[136.78931,35.31799],[136.78895,35.3187],[136.78913,35.318345],[136.78893,35.31874],[136.78853,35.31965],[136.78797,35.32077],[136.78684,35.32314],[136.7868,35.32323],[136.78661,35.32363],[136.78635,35.32418],[136.78614,35.32459],[136.78608,35.32473],[136.78575,35.32538],[136.7857,35.3255],[136.78568,35.32554],[136.7856,35.3257],[136.78552,35.32588],[136.78522,35.32649],[136.78537,35.326184999999995],[136.78497,35.32706],[136.78485,35.32728],[136.78467,35.32766],[136.78459,35.32785],[136.78437,35.32829],[136.78426,35.32849],[136.78394,35.32916],[136.78373,35.32967],[136.78369,35.32976],[136.78348,35.33022],[136.7831,35.33108],[136.78262,35.33211],[136.78254,35.3323],[136.7824,35.3326],[136.78227,35.33287],[136.78216,35.33312],[136.782,35.33342],[136.78193,35.33359],[136.78168,35.33422],[136.78163,35.33435],[136.78159,35.33444],[136.78149,35.33474],[136.78138,35.33506],[136.78109,35.33582],[136.78091,35.33637],[136.78087,35.33654],[136.77952,35.34154],[136.77925,35.34255],[136.779385,35.342045],[136.77813,35.34684],[136.778,35.34738],[136.77758,35.34985],[136.77745,35.35054],[136.777515,35.350195],[136.77724,35.35175],[136.7768,35.3542],[136.77626,35.35734],[136.77618,35.3578],[136.77604,35.35866],[136.77584,35.35936],[136.7757,35.35987],[136.77542,35.36051],[136.77517,35.36102],[136.77494,35.36137],[136.7746,35.36177],[136.77422,35.36216],[136.77366,35.36266],[136.77302,35.36317],[136.7708,35.3648],[136.77021,35.36522],[136.770505,35.36501],[136.76997,35.36541],[136.76989,35.36547],[136.76804,35.36683],[136.76603,35.36832],[136.76576,35.36856],[136.76508,35.36936],[136.76498,35.3695],[136.76487,35.36978],[136.7648,35.37026],[136.76459,35.37224],[136.76453,35.37275],[136.76449,35.37309],[136.76446,35.37338],[136.76446,35.37409],[136.76449,35.37437],[136.7648,35.37498],[136.764645,35.374674999999996],[136.76534,35.37599],[136.76669,35.37855],[136.76776,35.38057],[136.76814,35.38129],[136.76842,35.38197],[136.7687,35.38286],[136.76897,35.38412],[136.76903,35.38453],[136.76908,35.38496],[136.76913,35.38611],[136.76923,35.38943],[136.76926,35.39013],[136.769245,35.38978],[136.76928,35.392],[136.76925,35.39246],[136.76919,35.3929],[136.7691,35.39335],[136.76908,35.39344],[136.76903,35.39374],[136.76898,35.39403],[136.7689,35.39451],[136.76883,35.39518],[136.76881,35.3959],[136.76885,35.3986],[136.76892,35.4008],[136.76892,35.40176],[136.76892,35.40208],[136.76892,35.4024],[136.76892,35.40304],[136.76888,35.40327],[136.76886,35.40338],[136.76879,35.40357],[136.76874,35.40372],[136.76855,35.40402],[136.76815,35.40438],[136.76776,35.40462],[136.76676,35.40499],[136.7666,35.40504],[136.76561,35.40531],[136.766105,35.405175],[136.76268,35.40612],[136.7618,35.40639],[136.76143,35.40655],[136.76106,35.4068],[136.76075,35.40705],[136.76055,35.40728],[136.76046,35.40756],[136.76045,35.40764],[136.76042,35.4079],[136.76044,35.40822],[136.76048,35.40858],[136.76052,35.40894],[136.76059,35.40943],[136.76056,35.40973],[136.76056,35.40975],[136.76052,35.40996],[136.76049,35.41009],[136.76038,35.41037],[136.76035,35.41045],[136.76011,35.41138],[136.76022999999998,35.410915]]}},{"type":"Feature","properties":{"line_name":"名鉄犬山線"},"geometry":{"type":"LineString","coordinates":[[136.88387,35.17044],[136.88357,35.17111],[136.88338,35.17151],[136.88289,35.17234],[136.88207,35.17353],[136.88194,35.17372],[136.88149,35.17435],[136.88027,35.17585],[136.87911,35.17753],[136.87835,35.17847],[136.87816,35.17874],[136.87739,35.17971],[136.87678,35.18032],[136.87639,35.18066],[136.87569,35.18128],[136.87535,35.18161],[136.87395,35.18294],[136.87385,35.18303],[136.87361,35.18327],[136.87351,35.18336],[136.87339,35.18347],[136.87333,35.18353],[136.8728,35.18405],[136.873065,35.18379],[136.87205,35.18479],[136.87161,35.18515],[136.87013,35.18645],[136.86978,35.18678],[136.86964,35.18702],[136.86954,35.18733],[136.86951,35.18755],[136.86948,35.1878],[136.8695,35.18793],[136.86951,35.18812],[136.86955,35.18832],[136.86964,35.18858],[136.86974,35.1888],[136.86989,35.18905],[136.86997,35.18919],[136.87,35.18926],[136.87018,35.18961],[136.87045,35.19027],[136.870315,35.18994],[136.87051,35.19043],[136.87076,35.19091],[136.87093,35.19136],[136.87098,35.19163],[136.871,35.19195],[136.87099,35.19221],[136.87089,35.19253],[136.87078,35.19276],[136.87068,35.1929],[136.87067,35.19292],[136.87064,35.19294],[136.87061,35.19297],[136.86985,35.19353],[136.86959,35.19372],[136.86901,35.19415],[136.86858,35.19451],[136.86849,35.19463],[136.86838,35.19478],[136.86825,35.19501],[136.86814,35.1953],[136.86808,35.19553],[136.86806,35.1958],[136.86807,35.19612],[136.86822,35.19671],[136.86862,35.19759],[136.86923,35.1989],[136.87057,35.2019],[136.87105,35.20296],[136.87081,35.20243],[136.87205,35.20507],[136.87434,35.20971],[136.87461,35.21027],[136.87507,35.21124],[136.87667,35.21442],[136.87702,35.21509],[136.876845,35.214755],[136.87812,35.21739],[136.87839,35.21803],[136.87851,35.21846],[136.8786,35.21914],[136.87857,35.21958],[136.87843,35.22056],[136.87835,35.22075],[136.87804,35.22147],[136.87729,35.2228],[136.87718,35.223],[136.87685,35.2236],[136.877015,35.223299999999995],[136.87676,35.22375],[136.87576,35.22546],[136.8728,35.23052],[136.87274,35.23061],[136.87205,35.23178],[136.87155,35.23284],[136.87102,35.23438],[136.87084,35.23537],[136.87036,35.23831],[136.87029,35.23894],[136.8703,35.23935],[136.87033,35.2396],[136.87034,35.23967],[136.87042,35.24024],[136.87055,35.24099],[136.87099,35.24319],[136.87101,35.24326],[136.8711,35.2437],[136.87133,35.24498],[136.87129333333334,35.244783333333324],[136.87145,35.24567],[136.87205,35.24893],[136.87246,35.25085],[136.87248,35.25097],[136.8729,35.25322],[136.87299,35.25375],[136.8731,35.2544],[136.87321,35.25494],[136.87329,35.25538],[136.87342,35.25611],[136.873355,35.255745000000005],[136.87371,35.25765],[136.87378,35.2581],[136.87382,35.25833],[136.87383,35.25838],[136.87469,35.26278],[136.87489,35.26383],[136.87479,35.263305],[136.87497,35.26437],[136.87495,35.26506],[136.87424,35.2717],[136.87412,35.27281],[136.87362,35.2776],[136.87353,35.27834],[136.873575,35.277969999999996],[136.87326,35.27946],[136.87308,35.27979],[136.87289,35.28],[136.87276,35.28014],[136.87238,35.28045],[136.87204,35.28064],[136.87125,35.2812],[136.87079,35.28161],[136.87042,35.28198],[136.87019,35.28222],[136.86987,35.28265],[136.86971,35.28303],[136.86963,35.28328],[136.86959,35.28351],[136.86959,35.28371],[136.8696,35.28393],[136.86976,35.2853],[136.86985,35.28593],[136.87007,35.28748],[136.87027,35.28891],[136.87038,35.28965],[136.87074,35.29213],[136.87089,35.29307],[136.87094,35.29344],[136.87098,35.29377],[136.87113,35.29485],[136.87122,35.29622],[136.871175,35.295535],[136.87124,35.29683],[136.87127,35.29749],[136.87127,35.29751],[136.87142,35.29949],[136.87156,35.30137],[136.87176,35.30379],[136.87184,35.30462],[136.87192,35.30559],[136.87196,35.30598],[136.87204,35.30666],[136.87211,35.30743],[136.87217,35.30804],[136.87242,35.31077],[136.87286,35.31628],[136.87301,35.31785],[136.87293499999998,35.317065],[136.87312,35.31921],[136.87331,35.32119],[136.87339,35.32206],[136.87341,35.32267],[136.87341,35.3229],[136.87328,35.32354],[136.87312,35.32423],[136.87289,35.32541],[136.87233,35.32868],[136.87204,35.33012],[136.87201,35.33026],[136.87188,35.33079],[136.87185,35.33097],[136.87175,35.33148],[136.87163,35.33204],[136.87155,35.3326],[136.87153,35.3328],[136.87153,35.33315],[136.87155,35.3334],[136.87162,35.3337],[136.87177,35.33417],[136.87204,35.33471],[136.87205666666668,35.334696666666666],[136.87236,35.33521],[136.87312,35.33654],[136.87333,35.33673],[136.87365,35.33699],[136.87432,35.33733],[136.87491,35.33763],[136.87557,35.3379],[136.87639,35.33821],[136.87721,35.33853],[136.87945,35.33941],[136.88355,35.341],[136.88606,35.34197],[136.88679,35.34223],[136.88724,35.34235],[136.88734,35.34238],[136.88787,35.34247],[136.88898,35.34268],[136.89013,35.34293],[136.8918,35.34322],[136.89307,35.34346],[136.89308,35.34347],[136.89507,35.34384],[136.89729,35.34426],[136.89943,35.34467],[136.89975,35.34473],[136.90074,35.34491],[136.900245,35.34482],[136.90115,35.34498],[136.90236,35.34527],[136.90316,35.34559],[136.90357,35.34583],[136.90459,35.34649],[136.90611,35.34746],[136.90704,35.34815],[136.90785,35.34896],[136.90843,35.34962],[136.90909,35.35046],[136.90982,35.3514],[136.91175,35.35398],[136.91272,35.35526],[136.91372,35.35654],[136.91464,35.35774],[136.91494,35.35812],[136.91557,35.35896],[136.91588,35.35937],[136.9163,35.35993],[136.91609,35.35965],[136.91705,35.36094],[136.91784,35.36192],[136.91835,35.36237],[136.9188,35.36269],[136.91953,35.36313],[136.9229,35.36505],[136.92438,35.3659],[136.92565,35.36663],[136.92638,35.36704],[136.926015,35.366835],[136.92739,35.36762],[136.92825,35.36812],[136.92851,35.36826],[136.92873,35.36839],[136.9317,35.37009],[136.93297,35.37081],[136.93307,35.37087],[136.93399,35.37139],[136.93586,35.37249],[136.93721,35.37327],[136.93801,35.37361],[136.9387,35.37385],[136.93961,35.37412],[136.94033,35.37434],[136.93997,35.37423],[136.9405,35.37439],[136.94166,35.37478],[136.94234,35.37505],[136.94309,35.37545],[136.94363,35.37587],[136.94398,35.37624],[136.94442,35.37689],[136.94472,35.37751],[136.94491,35.3781],[136.94534,35.37928],[136.94573,35.38052],[136.945535,35.3799],[136.94581,35.38076],[136.94617,35.38201],[136.94635,35.38291],[136.94641,35.38322],[136.94645,35.38348],[136.94646,35.38352],[136.94651,35.38457],[136.94674,35.38778],[136.94691,35.38989],[136.94694,35.39092],[136.94692500000002,35.390405],[136.94692,35.39102],[136.94682,35.39134],[136.94659,35.39183],[136.94639,35.39215],[136.9458,35.39306],[136.94513,35.39409],[136.94506,35.3942],[136.94488,35.3946],[136.94462,35.39529],[136.94445,35.39635],[136.94407,35.39732],[136.94425999999999,35.396834999999996]]}},{"type":"Feature","properties":{"line_name":"名鉄常滑線"},"geometry":{"type":"LineString","coordinates":[[136.912565,35.125704999999996],[136.9129,35.1248],[136.91295,35.12464],[136.91307,35.12454],[136.91322,35.12438],[136.91333,35.12417],[136.91338,35.12405],[136.91343,35.12385],[136.91345,35.12366],[136.91344,35.12359],[136.91343,35.12353],[136.91342,35.12346],[136.91322,35.12266],[136.91318,35.1225],[136.91288,35.12146],[136.91285,35.12132],[136.91257,35.12022],[136.91184,35.11746],[136.91182,35.11725],[136.9118,35.11675],[136.91178,35.11632],[136.91177,35.1161],[136.91175,35.11586],[136.91168,35.11534],[136.91163,35.11512],[136.91152,35.1148],[136.91142,35.11464],[136.91101,35.11395],[136.91082,35.113625],[136.91063,35.1133],[136.91032,35.11277],[136.90948,35.11139],[136.90938,35.11122],[136.90901,35.11061],[136.90889,35.11043],[136.90866,35.10989],[136.90865,35.1097],[136.90863,35.1093],[136.90864,35.10873],[136.90869,35.10829],[136.90876,35.10796],[136.90889,35.1074],[136.90903,35.10698],[136.90912,35.10672],[136.90931,35.10626],[136.90942,35.10603],[136.90952,35.1057],[136.90962,35.10537],[136.90989,35.10447],[136.91012,35.10367],[136.91041,35.10259],[136.91082,35.10115],[136.91127,35.09951],[136.91178,35.09767],[136.91205,35.09668],[136.9121,35.09653],[136.91226,35.09598],[136.91245,35.09538],[136.91272,35.09442],[136.9128,35.09412],[136.91284,35.09378],[136.9128,35.09378],[136.9128,35.09282],[136.9128,35.0933],[136.9128,35.09249],[136.91276,35.09222],[136.91257,35.0915],[136.91247,35.09121],[136.91237,35.09092],[136.91213,35.09026],[136.91194,35.0897],[136.91144,35.08823],[136.91087,35.08657],[136.91042,35.08538],[136.9101,35.08452],[136.90997,35.0841],[136.90989,35.08379],[136.90978,35.08335],[136.9097,35.08295],[136.90969,35.08287],[136.90961,35.0823],[136.90939,35.08062],[136.90935,35.08022],[136.90935,35.08026],[136.90931,35.07994],[136.90925,35.07887],[136.90917,35.07693],[136.90912,35.07509],[136.90908,35.07359],[136.90908,35.07337],[136.90908,35.07228],[136.90908,35.072824999999995],[136.90908,35.0718],[136.90912,35.07045],[136.90917,35.06946],[136.90919,35.06911],[136.90921,35.06863],[136.90922,35.06846],[136.90924,35.06806],[136.90926,35.06766],[136.90929,35.06729],[136.90932,35.06679],[136.90938,35.06608],[136.90944,35.06567],[136.90949,35.06541],[136.90955,35.06519],[136.90958,35.0651],[136.90965,35.06488],[136.90972,35.0647],[136.90981,35.06451],[136.91001,35.06408],[136.91103,35.06218],[136.9115,35.0613],[136.91153,35.06124],[136.91169,35.060919999999996],[136.91185,35.0606],[136.91189,35.06053],[136.912,35.06031],[136.91214,35.06004],[136.91222,35.05977],[136.91224,35.05966],[136.91225,35.05961],[136.91225,35.05941],[136.91223,35.05922],[136.91219,35.05903],[136.91212,35.05882],[136.91203,35.05862],[136.91196,35.05846],[136.91179,35.05813],[136.91178,35.0581],[136.91176,35.05808],[136.91156,35.05771],[136.91134,35.05729],[136.91033,35.0554],[136.90945,35.05377],[136.90865,35.05229],[136.90801,35.0511],[136.9078,35.05071],[136.9071,35.0494],[136.90687,35.04898],[136.90671,35.04867],[136.90645,35.04829],[136.90637,35.04818],[136.90619,35.04802],[136.90603,35.04789],[136.90568,35.0476],[136.90489,35.04697],[136.90448,35.04663],[136.90431,35.04646],[136.90414,35.04632],[136.904,35.04616],[136.90386,35.04596],[136.90365,35.04554],[136.90349,35.0451],[136.9034,35.0447],[136.90322,35.04369],[136.90314,35.04326],[136.90302,35.04262],[136.90305666666666,35.04281666666667],[136.90301,35.04257],[136.90289,35.04191],[136.90287,35.04182],[136.90273,35.04107],[136.90259,35.04042],[136.90249,35.04002],[136.90242,35.03979],[136.9023,35.03949],[136.90218,35.0392],[136.90204,35.03893],[136.9019,35.03868],[136.90174,35.03842],[136.90158,35.03819],[136.90037,35.03641],[136.89971,35.03546],[136.89949000000001,35.03514],[136.89927,35.03482],[136.89846,35.03368],[136.89785,35.03282],[136.89778,35.03272],[136.89715,35.03182],[136.89685,35.0314],[136.89662,35.03098],[136.89652,35.03071],[136.89635,35.03021],[136.89625,35.02975],[136.89617,35.02934],[136.89604,35.02878],[136.89581,35.02782],[136.89559,35.02694],[136.89537,35.02605],[136.89518,35.02524],[136.89512,35.02505],[136.89503,35.02482],[136.89491,35.02457],[136.89468,35.02415],[136.8944,35.02364],[136.89355,35.0221],[136.89336,35.02174],[136.89276,35.02063],[136.89257,35.02030499999999],[136.89238,35.01998],[136.89215,35.01955],[136.8914,35.01815],[136.89028,35.0161],[136.89022,35.016],[136.8898,35.01523],[136.8896,35.0149],[136.8894,35.01461],[136.88925,35.01441],[136.88882,35.01389],[136.88764,35.01245],[136.88679,35.01145],[136.88583,35.01034],[136.88579,35.01029],[136.88555,35.010014999999996],[136.88531,35.00974],[136.88523,35.00964],[136.88422,35.00842],[136.88223,35.00603],[136.88066,35.00414],[136.88027,35.00368],[136.88022,35.00362],[136.87991,35.00325],[136.87946,35.0027],[136.87888,35.0022],[136.87873,35.0021],[136.87802,35.00169],[136.87568,35.00035],[136.87544,35.000204999999994],[136.8752,35.00006],[136.87485,34.99987],[136.87205,34.99822],[136.87176,34.99804],[136.8702,34.99712],[136.86968,34.99684],[136.86948,34.99674],[136.86917,34.99661],[136.86777,34.9961],[136.86742,34.99598],[136.86681,34.99576],[136.86636,34.99561],[136.86604,34.99549],[136.86584,34.99543],[136.86546,34.99527],[136.86515,34.99511],[136.86498,34.99503],[136.86471,34.99488],[136.86428,34.99458],[136.86419,34.9945],[136.86377,34.99415],[136.863455,34.99386],[136.86314,34.99357],[136.86228,34.99279],[136.861,34.99167],[136.85915,34.99002],[136.85831,34.98919],[136.85801,34.9889],[136.85705,34.988],[136.856775,34.98774],[136.8565,34.98748],[136.85626,34.98723],[136.85614,34.98713],[136.8561,34.98708],[136.85551,34.98651],[136.8538,34.98485],[136.8529,34.98392],[136.85158,34.98249],[136.85104,34.98192],[136.84976,34.98051],[136.84965,34.9804],[136.84903,34.97971],[136.84805,34.97867],[136.847815,34.9784],[136.84758,34.97813],[136.8472,34.9777],[136.84656,34.97701],[136.84631,34.97675],[136.84521,34.97555],[136.84406,34.9743],[136.84292,34.97304],[136.84247,34.97256],[136.84194,34.97197],[136.84168,34.9717],[136.84115,34.97109],[136.84104,34.97099],[136.84098,34.9709],[136.84097,34.97089],[136.84031,34.97018],[136.84002,34.96989],[136.83987,34.96971],[136.83974,34.96959],[136.83971,34.96954],[136.83914,34.96892],[136.8388,34.96856],[136.83857,34.96831],[136.83781,34.9675],[136.83723,34.96689],[136.83703,34.96669],[136.83691,34.96656],[136.83672,34.96638],[136.8366,34.96625],[136.83637,34.96601],[136.83627,34.9659],[136.83556,34.96516],[136.83508,34.96467],[136.83488,34.96446],[136.8342,34.96376],[136.83288,34.96241],[136.8325,34.96203],[136.83217000000002,34.961655],[136.83184,34.96128],[136.83151,34.96086],[136.83114,34.96038],[136.83082,34.95995],[136.83047,34.95949],[136.82986,34.95869],[136.82974,34.95853],[136.82938,34.95803],[136.82928,34.95785],[136.82909,34.9575],[136.82878,34.95675],[136.82801,34.9549],[136.82792,34.95465],[136.8278,34.95426],[136.82772,34.95381],[136.82775,34.95301],[136.82793,34.95227],[136.82797,34.95212],[136.82834,34.95098],[136.82847,34.95055],[136.82855,34.95016],[136.82855,34.95007],[136.828595,34.949725],[136.82864,34.94938],[136.82863,34.94891],[136.82856,34.94835],[136.82852,34.94817],[136.82842,34.94783],[136.82832,34.94747],[136.82792,34.94601],[136.82769,34.94526],[136.82736,34.94433],[136.82715,34.94372],[136.82701,34.94332],[136.82693,34.94302],[136.82689,34.94273],[136.82687,34.94233],[136.82695,34.94143],[136.82708,34.94054],[136.82714,34.94013],[136.8272,34.9399],[136.82735,34.93932],[136.82745,34.93898],[136.82754,34.93869],[136.82784,34.93789],[136.82788,34.93774],[136.82798,34.93731],[136.82799,34.93689],[136.82791,34.93658],[136.82765,34.93583],[136.82761,34.93574],[136.8275,34.93543],[136.82739,34.93512],[136.82719,34.93449],[136.82713,34.93422],[136.82704,34.93378],[136.82692,34.93322],[136.82689,34.9331],[136.82674,34.93236],[136.82661,34.93165],[136.82651,34.93083],[136.8265,34.93033],[136.82661,34.92723],[136.82666,34.92634],[136.82669,34.92601],[136.82674,34.92505],[136.82676,34.924605],[136.82678,34.92416],[136.82683,34.92328],[136.82689,34.92184],[136.82689,34.92129],[136.82687,34.92099],[136.82685,34.92081],[136.82682,34.92061],[136.82672,34.92014],[136.82668,34.91992],[136.82649,34.91921],[136.82634,34.91846],[136.82626,34.91813],[136.82625,34.91806],[136.82623,34.91799],[136.82608,34.91724],[136.82601,34.91692],[136.82599,34.91692],[136.82599,34.91682],[136.82589,34.91636],[136.82585,34.91619],[136.82574,34.91568],[136.82574,34.91565],[136.82565499999998,34.915275],[136.82557,34.9149],[136.82548,34.91439],[136.82539,34.91386],[136.82537,34.9138],[136.82536,34.91372],[136.82535,34.91357],[136.82537,34.91322],[136.82539,34.91315],[136.82545,34.91286],[136.8257,34.91217],[136.82575,34.91201],[136.82582,34.91183],[136.82599,34.91134],[136.826,34.9113],[136.82602,34.91124],[136.82604,34.9112],[136.82605,34.91116],[136.8261,34.91099],[136.82654,34.90972],[136.8266,34.90953],[136.8267,34.90928],[136.82694,34.90854],[136.82696,34.9085],[136.82698,34.90844],[136.8272,34.90779],[136.82724,34.9077],[136.82727,34.9076],[136.82746,34.90705],[136.82755,34.90681],[136.82776,34.90617],[136.82784,34.90593],[136.82804,34.90538],[136.82819999999998,34.90495],[136.82836,34.90452],[136.8285,34.90415],[136.82878,34.9033],[136.82914,34.90229],[136.82927,34.90187],[136.82928,34.90178],[136.8293,34.90176],[136.82935,34.9014],[136.8294,34.90079],[136.82947,34.89983],[136.82953,34.89915],[136.82958,34.89889],[136.82963,34.89879],[136.82973,34.89854],[136.82991,34.89821],[136.83046,34.89738],[136.830695,34.897025],[136.83093,34.89667],[136.83108,34.89643],[136.83126,34.89616],[136.83152,34.89574],[136.83157,34.89568],[136.83197,34.89504],[136.83215,34.8948],[136.83238,34.89452],[136.83256,34.8943],[136.8326,34.89426],[136.83327,34.89347],[136.83362,34.89304],[136.83381,34.89281],[136.83389,34.89272],[136.83437,34.8921],[136.83478,34.89159],[136.83511,34.89117]]}},{"type":"Feature","properties":{"line_name":"名鉄空港線"},"geometry":{"type":"LineString","coordinates":[[136.83511,34.89117],[136.83544,34.89075],[136.83585,34.89002],[136.83595,34.88975],[136.83604,34.88949],[136.8361,34.8892],[136.83617,34.88883],[136.83654,34.88616],[136.83658,34.88569],[136.83658,34.88521],[136.83654,34.88488],[136.83647,34.88453],[136.83631,34.88415],[136.83612,34.88378],[136.83584,34.88347],[136.83553,34.88316],[136.83523,34.8829],[136.83489,34.88267],[136.83424,34.8823],[136.83336,34.88193],[136.83088,34.88106],[136.83019,34.88081],[136.82962,34.88056],[136.82926,34.88039],[136.82883,34.88014],[136.8281,34.879615],[136.82737,34.87909],[136.82203,34.8751],[136.8197,34.87336],[136.81872,34.87258],[136.81811,34.87187],[136.81767,34.87123],[136.81731,34.87044],[136.81679,34.86944],[136.81604,34.86859],[136.8157,34.86804],[136.81543,34.86748],[136.81521,34.86683],[136.81506,34.86606],[136.81502,34.8652],[136.81509,34.8642],[136.81551,34.86204],[136.81567,34.86126],[136.815975,34.859895]]}},{"type":"Feature","properties":{"line_name":"名鉄河和線"},"geometry":{"type":"LineString","coordinates":[[136.89257,35.02030499999999],[136.89238,35.01998],[136.89215,35.01955],[136.89204,35.01901],[136.89196,35.01861],[136.89191,35.01821],[136.89192,35.01798],[136.89195,35.01742],[136.89207,35.0169],[136.8925,35.01503],[136.89287,35.0133],[136.89318,35.01186],[136.89355,35.01037],[136.89364,35.01006],[136.89365,35.01],[136.893735,35.00965],[136.89382,35.0093],[136.89384,35.00921],[136.89396,35.00875],[136.89435,35.0071],[136.89454,35.00629],[136.8946,35.00609],[136.8947,35.00586],[136.89474,35.00576],[136.89477,35.00571],[136.89487,35.00547],[136.895,35.00518],[136.89512,35.00496],[136.89525,35.00476],[136.8954,35.00456],[136.8955,35.00445],[136.89575,35.00419],[136.89606,35.00392],[136.89635,35.00368],[136.89657,35.00354],[136.89683,35.00338],[136.89708,35.00325],[136.89788,35.00278],[136.89816,35.00261],[136.90072,35.00112],[136.90153,35.00064],[136.90242,35.00011],[136.90297,34.99974],[136.90367,34.99917],[136.90388,34.99899],[136.90401,34.99886],[136.90411,34.99875],[136.90423,34.99861],[136.90436,34.99844],[136.90445,34.9983],[136.90453,34.99818],[136.90479,34.99775],[136.90493,34.99747],[136.90509,34.99702],[136.90526,34.99632],[136.90541,34.9956],[136.90552,34.99521],[136.90618,34.99217],[136.90671,34.98986],[136.907,34.98868],[136.90814,34.98356],[136.90872,34.98085],[136.9097375,34.981522500000004],[136.90814,34.98356],[136.907,34.98868],[136.90671,34.98986],[136.906855,34.989270000000005],[136.907,34.98868],[136.90814,34.98356],[136.90872,34.98085],[136.90898,34.97999],[136.90904,34.97982],[136.90924,34.97924],[136.90948,34.97857],[136.90977,34.978],[136.91023,34.97723],[136.91107,34.97598],[136.91231,34.9742],[136.91262,34.973775],[136.91293,34.97335],[136.91346,34.97269],[136.91378,34.97223],[136.91426,34.97149],[136.91429,34.97144],[136.91473,34.97068],[136.91507,34.97002],[136.91533,34.96946],[136.91554,34.96885],[136.91563,34.96861],[136.91576,34.968],[136.91583,34.96699],[136.91581,34.96595],[136.91576,34.96452],[136.91567,34.96267],[136.91567,34.96247],[136.91567,34.962293333333335],[136.91567,34.96174],[136.91565,34.96132],[136.91565,34.96105],[136.91549,34.95757],[136.91539,34.95546],[136.91538,34.95508],[136.91537,34.9547],[136.91528,34.9527],[136.91527,34.95246],[136.91527,34.95154],[136.91536,34.95072],[136.91543,34.95017],[136.91545,34.95003],[136.91549,34.94968],[136.9155,34.94957],[136.91552,34.94944],[136.91553,34.94932],[136.91566,34.94841],[136.91572,34.94801],[136.91627,34.94408],[136.91665,34.94145],[136.916715,34.94097],[136.91678,34.94049],[136.91715,34.93777],[136.91753,34.93494],[136.91769,34.93368],[136.91775,34.93342],[136.91779,34.93318],[136.91787,34.93289],[136.91796,34.93257],[136.91816,34.93201],[136.918455,34.931304999999995],[136.91875,34.9306],[136.91953,34.92873],[136.91999,34.92765],[136.92031,34.9269],[136.92057,34.92628],[136.92175,34.92344],[136.92198,34.92281],[136.92231,34.92174],[136.92245,34.92124],[136.92271,34.92015],[136.92278,34.91993],[136.92313,34.91863],[136.92335,34.91779],[136.92344500000002,34.917435],[136.92354,34.91708],[136.9236,34.91683],[136.92402,34.91531],[136.92416,34.91477],[136.92423,34.91449],[136.92436,34.91396],[136.92444,34.91364],[136.92448,34.91353],[136.92453,34.91331],[136.92462,34.913],[136.92472,34.91261],[136.92504,34.91138],[136.92526,34.91045],[136.92539,34.90981],[136.92544,34.90945],[136.92548,34.90906],[136.92547333333331,34.90908666666667],[136.9255,34.90875],[136.92551,34.9082],[136.92556,34.90697],[136.92561,34.90565],[136.92565,34.90469],[136.92571,34.90308],[136.92573,34.90266],[136.92574,34.9021],[136.92575,34.90154],[136.92579,34.90008],[136.92583,34.89852],[136.92586,34.89694],[136.9259,34.8952],[136.92592,34.89447],[136.9259,34.89422],[136.92589,34.89397],[136.92588,34.893992000000004],[136.92587,34.8938],[136.92582,34.8935],[136.9258,34.89337],[136.92576,34.89319],[136.9257,34.893],[136.92563,34.89278],[136.92552,34.8925],[136.92527,34.89194],[136.92508,34.89158],[136.92489,34.89119],[136.92476,34.89099],[136.92452,34.89056],[136.92441,34.89036],[136.92427,34.89015],[136.92399,34.88969],[136.92362,34.88911],[136.92316,34.88838],[136.92274,34.8877],[136.92207,34.88658],[136.921845,34.886195],[136.92162,34.88581],[136.92083,34.88454],[136.91991,34.8831],[136.91905,34.88168],[136.91873,34.88115],[136.91826,34.88041],[136.91806,34.88009],[136.9179,34.87982],[136.91753,34.8792],[136.91747,34.87909],[136.91732,34.87877],[136.917294,34.878735999999996],[136.91717,34.87847],[136.91698,34.87815],[136.91679,34.87772],[136.9167,34.87752],[136.91635,34.87666],[136.91623,34.87622],[136.91614,34.87567],[136.91609,34.87527],[136.91609,34.87458],[136.91611,34.87397],[136.91614,34.87305],[136.91614,34.87089],[136.91618,34.86875],[136.91618,34.86856],[136.91619,34.86724],[136.91622,34.86627],[136.91622,34.8661],[136.91623,34.86588],[136.91625,34.86484],[136.91631,34.86322],[136.91634,34.86185],[136.91637,34.86083],[136.91641,34.85939],[136.91644,34.85872],[136.91645499999998,34.858329999999995],[136.91647,34.85794],[136.91649,34.85709],[136.91655,34.85585],[136.91657,34.85463],[136.91657,34.85318],[136.91657,34.85175],[136.91656,34.85096],[136.91654499999999,34.850615000000005],[136.91653,34.85027],[136.91653,34.84976],[136.9165,34.84866],[136.91647,34.84721],[136.91646,34.84695],[136.91644,34.84603],[136.91642,34.84514],[136.91641,34.84481],[136.91641,34.84456],[136.91637,34.8424],[136.91637,34.84094],[136.91634,34.83886],[136.91631,34.83767],[136.91629,34.8366],[136.91631,34.8352],[136.91633,34.83407],[136.9164,34.83319],[136.91644,34.83277],[136.91646,34.83264],[136.91646,34.83259],[136.9165,34.83226],[136.91658,34.83127],[136.91663,34.83051],[136.91671,34.82982],[136.916765,34.829325],[136.91682,34.82883],[136.91694,34.82795],[136.91704,34.82709],[136.91719,34.82597],[136.9173,34.82504],[136.91742,34.82399],[136.91751,34.82321],[136.91757,34.82268],[136.9177,34.82173],[136.91777,34.8211],[136.91786,34.82041],[136.91789,34.82013],[136.9179,34.81969],[136.9179,34.81932],[136.91789,34.81888],[136.91787,34.81857],[136.91785,34.81811],[136.91784,34.81786],[136.91782,34.81759],[136.91775,34.8171],[136.91765,34.81653],[136.91753,34.81566],[136.91745,34.81525],[136.91717,34.81403],[136.91686,34.81272],[136.91686,34.8127],[136.91651,34.81131],[136.91638,34.81074],[136.91623,34.81006],[136.91603,34.80926],[136.91597,34.80889],[136.91592,34.80834],[136.91592,34.8077],[136.91596,34.80727],[136.916,34.80695],[136.91605,34.80664],[136.91609,34.80648],[136.91618,34.80613],[136.91647,34.80525],[136.91674,34.80443],[136.91681,34.8042],[136.91689,34.80395],[136.91698,34.80368],[136.91738,34.8024],[136.91751,34.80183],[136.91759,34.80122],[136.91768,34.80036],[136.91772,34.79999],[136.91779,34.79961],[136.91794,34.79916],[136.91823,34.79845],[136.91835,34.79821],[136.9185,34.79794],[136.91862,34.79775],[136.91898,34.797250000000005],[136.91934,34.79675],[136.91948,34.7966],[136.91963,34.79638],[136.91974,34.79617],[136.91989,34.79587],[136.91993,34.79561],[136.91996,34.79533],[136.91994,34.79496],[136.91991,34.79475],[136.91981,34.7943],[136.91963,34.79381],[136.91953,34.79354],[136.91941,34.79333],[136.91923,34.79308],[136.91888,34.79272],[136.91844,34.79239],[136.91814,34.79217],[136.91764,34.79193],[136.91705,34.79169],[136.91609,34.79137],[136.91512,34.79104],[136.91415,34.79078],[136.91379,34.79066],[136.91371,34.79064],[136.9131,34.79047],[136.91287,34.79039],[136.91264,34.7903],[136.91242,34.79019],[136.91226,34.79009],[136.91196,34.78991],[136.9116,34.7896],[136.91126,34.78926],[136.91096,34.78895],[136.91047,34.78845],[136.90972,34.78763],[136.90928,34.78715],[136.90857,34.78639],[136.90818,34.78596],[136.90779,34.7855],[136.90747,34.7851],[136.9074,34.785],[136.90732,34.78486],[136.90712,34.78429],[136.90708,34.7841],[136.90708,34.78387],[136.90708,34.78372],[136.90706,34.78325],[136.90714,34.78293],[136.90723,34.78255],[136.90744,34.78201],[136.90772,34.78142],[136.90784,34.78113],[136.90799,34.78088],[136.90819,34.78059],[136.90833,34.78041],[136.90862,34.78015],[136.90883,34.77998],[136.90918,34.77976],[136.90965,34.77949],[136.91014,34.7792],[136.91068,34.77889],[136.91137,34.77851],[136.91169,34.77833],[136.912265,34.778025]]}},{"type":"Feature","properties":{"line_name":"名鉄三河線(海線)"},"geometry":{"type":"LineString","coordinates":[[136.985625,34.874015],[136.98575,34.87483],[136.98586,34.87516],[136.98607,34.87572],[136.9863,34.87635],[136.98676,34.87766],[136.98714,34.87874],[136.98734,34.8793],[136.98758,34.87997],[136.988,34.88106],[136.9882,34.88173],[136.9887,34.88313],[136.98871,34.88315],[136.98923,34.88463],[136.98932,34.88493],[136.98937,34.88512],[136.98937,34.88525],[136.98941,34.88553],[136.98943,34.88625],[136.98943,34.88697],[136.98945,34.88765],[136.98944,34.88731],[136.98946,34.88827],[136.98946,34.88863],[136.98946,34.88868],[136.98947,34.88957],[136.9895,34.89097],[136.98954,34.89152],[136.98958,34.89201],[136.98966,34.89281],[136.98974,34.89361],[136.98977,34.89416],[136.98992,34.89509],[136.99,34.89572],[136.99005,34.89593],[136.99013,34.89615],[136.99019,34.89629],[136.99042,34.89692],[136.990305,34.896605],[136.99073,34.89758],[136.99098,34.89813],[136.99139,34.89892],[136.99191,34.89996],[136.99245,34.90101],[136.9926,34.90139],[136.99268,34.90162],[136.99274,34.90181],[136.99276,34.90215],[136.99277,34.9025],[136.99283,34.90358],[136.99285,34.90429],[136.99282,34.90454],[136.99277,34.90479],[136.99268,34.90522],[136.99259,34.90555],[136.99238,34.9064],[136.992485,34.905975],[136.99226,34.90687],[136.99198,34.90781],[136.99183,34.90833],[136.99151,34.90937],[136.99127,34.91023],[136.99118,34.91066],[136.99106,34.91145],[136.99105,34.91155],[136.99095,34.91247],[136.99094,34.91254],[136.99081,34.91343],[136.99068,34.91448],[136.99056,34.9152],[136.99047,34.91567],[136.99007,34.91723],[136.98952,34.91928],[136.98936,34.91993],[136.9893,34.92033],[136.9893,34.92082],[136.98932,34.92118],[136.98944,34.92188],[136.98937999999998,34.921530000000004],[136.99007,34.92498],[136.99032,34.9262],[136.99048,34.92695],[136.99051,34.92741],[136.99053,34.92798],[136.99049,34.92852],[136.99043,34.92901],[136.99034,34.92956],[136.9901,34.93038],[136.98982,34.93116],[136.98996,34.930769999999995],[136.98907,34.93285],[136.98812,34.93501],[136.98799,34.93531],[136.98781,34.9357],[136.98765,34.93606],[136.98581,34.94024],[136.98568,34.9406],[136.98563,34.94081],[136.98562,34.94119],[136.98564,34.94134],[136.98569,34.94184],[136.98589,34.94239],[136.98603,34.94262],[136.98623,34.94289],[136.98664,34.94338],[136.98722,34.94407],[136.98745,34.94434],[136.98854,34.94564],[136.98912,34.94633],[136.98976,34.94708],[136.98944,34.946705],[136.99034,34.94779],[136.99072,34.94829],[136.99095,34.94865],[136.99112,34.94894],[136.99128,34.94934],[136.99157,34.95021],[136.99199,34.95163],[136.99245,34.95314],[136.99281,34.9543],[136.99312,34.95535],[136.99319,34.95557],[136.99337,34.95616],[136.99339,34.95621],[136.99346,34.95643],[136.99375,34.95739],[136.99387,34.9578],[136.99393,34.95817],[136.99404,34.9595],[136.99414,34.96056],[136.99429,34.96181],[136.9944,34.9622],[136.99454,34.96248],[136.99479,34.96282],[136.99514,34.96329],[136.99532,34.96358],[136.99572,34.96418],[136.99552,34.96388],[136.99675,34.96568],[136.99699,34.96604],[136.99704,34.96614],[136.99766,34.96708],[136.99818,34.96783],[136.9984,34.96814],[136.99852,34.9683],[136.99859,34.96842],[136.99887,34.96887],[136.9992,34.96956],[136.99927,34.96984],[136.99933,34.97023],[136.99934,34.97053],[136.99935,34.97075],[136.99926,34.97121],[136.99908,34.97172],[136.99846,34.97294],[136.99832,34.97322],[136.99818,34.97349],[136.99805,34.97376],[136.99736,34.97518],[136.99704,34.97585],[136.99672,34.97651],[136.99621,34.97764],[136.9954,34.97933],[136.99464,34.98085],[136.99396,34.98229],[136.9936,34.98311],[136.99358,34.98355],[136.99363,34.98392],[136.99376,34.98434],[136.99391,34.98468],[136.99394,34.98468333333333],[136.99415,34.98503],[136.99459,34.98562],[136.99517,34.98608],[136.99704,34.98725],[136.99768,34.98759],[137.00136,34.98933],[137.00246,34.98985],[137.00251,34.98986],[137.00271,34.98996],[137.0036,34.9904],[137.00371,34.99045],[137.00424,34.99067],[137.00514,34.99089],[137.00569,34.991],[137.00612,34.99107],[137.00658,34.99112],[137.00683,34.99115],[137.00711,34.99117],[137.00731,34.99117],[137.00767,34.99108],[137.00798,34.991],[137.00818,34.99093],[137.00837,34.99087],[137.009275,34.99053],[137.01018,34.99019],[137.01098,34.98978],[137.01194,34.98931],[137.01254,34.98908],[137.01317,34.9889],[137.01378,34.98889],[137.0141,34.9889],[137.01438,34.98896],[137.01468,34.98902],[137.01512,34.98914],[137.01543,34.98928],[137.01573,34.98942],[137.01622,34.98967],[137.01677,34.98996],[137.01706,34.99013],[137.01724,34.99023],[137.01753,34.99039],[137.01771,34.99049],[137.01787,34.99057],[137.01855,34.99095],[137.01879,34.99107],[137.01904,34.99121],[137.01926,34.99134],[137.01961,34.99153],[137.01973,34.99159],[137.02,34.99175],[137.02018,34.99184],[137.0203,34.99192],[137.02046,34.99206],[137.02071,34.99227],[137.02139,34.99282],[137.02245,34.99366],[137.0228,34.99395],[137.02347,34.9945],[137.02408,34.99506],[137.023775,34.994780000000006],[137.02492,34.99577],[137.02503,34.99586],[137.02567,34.99639],[137.02588,34.9965],[137.02637,34.99672],[137.02639,34.99673],[137.02654,34.9968],[137.02709,34.99701],[137.02753,34.99718],[137.02767,34.99724],[137.02936,34.99795],[137.03012,34.99826],[137.03033,34.99834],[137.03151,34.99882],[137.03277,34.99933],[137.03397,34.99983],[137.03528,35.00036],[137.03582,35.00058],[137.03687,35.00099],[137.03753,35.00129],[137.03799,35.00146],[137.03839,35.00161],[137.03954,35.00208],[137.04005,35.0023],[137.04022,35.00237],[137.04032,35.00244],[137.04045,35.00252],[137.04055,35.00262],[137.04073,35.00284],[137.04085,35.00302],[137.0409,35.00309],[137.04098,35.00325],[137.04105,35.00353],[137.04106,35.00367],[137.04106,35.00376],[137.04101,35.00396],[137.04072,35.00479],[137.04059,35.00507],[137.04009,35.00597],[137.03924,35.00649],[137.039665,35.00623]]}},{"type":"Feature","properties":{"line_name":"名鉄三河線(山線)"},"geometry":{"type":"LineString","coordinates":[[137.039665,35.00623],[137.04009,35.00597],[137.04059,35.00507],[137.04072,35.00479],[137.04102,35.00437],[137.04138,35.00407],[137.04168,35.00388],[137.04191,35.00377],[137.04222,35.00369],[137.04249,35.00363],[137.04273,35.00358],[137.04295,35.00357],[137.04313,35.0036],[137.04336,35.00367],[137.04393,35.00378],[137.04486,35.00394],[137.04573,35.00407],[137.045295,35.004005],[137.04894,35.00463],[137.05128,35.00504],[137.05172,35.00511],[137.0519,35.00514],[137.05254,35.00526],[137.05283,35.00531],[137.0561,35.00588],[137.05977,35.00652],[137.05994,35.00655],[137.06583,35.00759],[137.06644,35.0077],[137.06672,35.00778],[137.06705,35.00789],[137.06756,35.00807],[137.06784,35.00821],[137.06871,35.00873],[137.06916,35.00899],[137.06969,35.00926],[137.07012,35.00941],[137.07013,35.00941],[137.07073,35.00952],[137.07166,35.00955],[137.07382,35.00943],[137.07426,35.00944],[137.07445,35.00944],[137.07459,35.00947],[137.07481,35.0095],[137.075,35.00957],[137.07556,35.00974],[137.07583,35.00988],[137.07594,35.00992],[137.07611,35.01002],[137.07612,35.01003],[137.0764,35.01019],[137.07669,35.01042],[137.07695,35.01065],[137.07753,35.01124],[137.07724000000002,35.010945],[137.0785,35.01221],[137.08063,35.01429],[137.08231,35.01596],[137.08455,35.01822],[137.08543,35.0191],[137.08842,35.02211],[137.08909,35.02258],[137.08996,35.02308],[137.09244,35.02443],[137.0934,35.02496],[137.09374,35.02513],[137.09551,35.02611],[137.09617,35.0265],[137.09584,35.026305],[137.09784,35.02746],[137.0998,35.02888],[137.10198,35.03052],[137.10214,35.03064],[137.10452,35.03242],[137.10835,35.03527],[137.11268,35.03851],[137.11361,35.03921],[137.11449,35.03987],[137.11502,35.04028],[137.114755,35.040075],[137.11565,35.0407],[137.11619,35.04113],[137.11654,35.04145],[137.11686,35.04179],[137.11715,35.04221],[137.11745,35.04274],[137.11781,35.04356],[137.11813,35.0445],[137.11857,35.0457],[137.11937,35.04802],[137.11946,35.04831],[137.11957,35.04864],[137.11964,35.04884],[137.12013,35.05031],[137.12109,35.05317],[137.12147,35.05398],[137.12175,35.05451],[137.12186,35.05468],[137.12203,35.05488],[137.12207,35.05494],[137.12233,35.05518],[137.12254,35.05535],[137.12301,35.0557],[137.12327,35.05584],[137.12352,35.05594],[137.12391,35.05611],[137.12428,35.05626],[137.12474,35.05642],[137.12569,35.05671],[137.12638,35.05693],[137.12688,35.05711],[137.12767,35.05744],[137.12872,35.05789],[137.13022,35.05856],[137.12947,35.058225],[137.13102,35.05891],[137.13129,35.05903],[137.13239,35.0595],[137.13392,35.06016],[137.13462,35.06048],[137.13552,35.06086],[137.13649,35.06129],[137.13671,35.06139],[137.13678,35.06142],[137.13725,35.06163],[137.13761,35.06178],[137.13794,35.06194],[137.13827,35.06212],[137.13866,35.06241],[137.13907,35.06273],[137.13961,35.06325],[137.13993,35.06361],[137.14009,35.0638],[137.14021,35.06396],[137.14037,35.06422],[137.1405,35.06441],[137.14065,35.06461],[137.14085,35.06483],[137.14102,35.06501],[137.14123,35.06522],[137.14155,35.06549],[137.14181,35.06572],[137.14207,35.06591],[137.14225,35.06602],[137.14307,35.06652],[137.14401,35.06708],[137.1445,35.06737],[137.1446,35.06743],[137.14468,35.06746],[137.14477,35.06749],[137.14508,35.06763],[137.14553,35.06776],[137.14612,35.06793],[137.14774,35.06842],[137.14884,35.06876],[137.1493,35.0689],[137.14964,35.06901],[137.15001,35.06916],[137.15046,35.06937],[137.15099,35.06964],[137.15156,35.06996],[137.15248,35.07049],[137.1534,35.07107],[137.15436,35.0717],[137.15498,35.07214],[137.15467,35.07192],[137.15541,35.07242],[137.15576,35.07267],[137.15628,35.07307],[137.15649,35.07328],[137.15668,35.0735],[137.15685,35.07383],[137.15695,35.07404],[137.15703,35.07426],[137.15709,35.07459],[137.15712,35.07498],[137.15712,35.07528],[137.15706,35.07565],[137.15695,35.07646],[137.15684,35.07707],[137.15674,35.07767],[137.1567,35.07791],[137.1565,35.07919],[137.15639,35.07989],[137.15621,35.08078],[137.15595,35.082],[137.15583,35.08258],[137.15565,35.08358],[137.15559,35.08393],[137.15555,35.0844],[137.15556,35.08478],[137.15559,35.08506],[137.15563,35.08528],[137.15567,35.08548],[137.15577,35.08592],[137.15597,35.08658],[137.15603,35.08673],[137.15645,35.08779],[137.15624,35.08726],[137.15657,35.08811],[137.1567,35.08844],[137.15701,35.08927],[137.15741,35.0903],[137.1577,35.09109],[137.15776,35.09125],[137.15784,35.09149],[137.15792,35.09172],[137.15803,35.09196],[137.15813,35.0922],[137.15833,35.09266],[137.15872,35.09346],[137.15915,35.09421],[137.15934,35.09451],[137.15994,35.09557],[137.16036,35.09634],[137.16105,35.09755],[137.1613,35.09795],[137.16198,35.09913],[137.16259,35.10021],[137.162285,35.09967],[137.16264,35.10029],[137.16269,35.10039],[137.16279,35.10057],[137.16288,35.10073],[137.16321,35.10108],[137.16338,35.10123],[137.1634,35.10125],[137.16379,35.10154],[137.16421,35.1018],[137.16465,35.10199],[137.16497,35.10214],[137.16527,35.10226],[137.16544,35.10234],[137.16955,35.10394],[137.17229,35.10501],[137.17538,35.10622],[137.1771,35.10687],[137.1777,35.10707],[137.17835,35.10728],[137.17867,35.10737],[137.17931,35.10753],[137.17966,35.1076],[137.17975,35.10762],[137.18051,35.10772],[137.18013000000002,35.10767],[137.18063,35.10774],[137.18102,35.10778],[137.18185,35.10786],[137.18225,35.10791],[137.18268,35.108],[137.18339,35.1082],[137.18368,35.1083],[137.18424,35.10857],[137.18446,35.10871],[137.18473,35.10892],[137.18499,35.10918],[137.18513,35.10936],[137.18519,35.10946],[137.18539,35.10979],[137.18552,35.11012],[137.18556,35.11025],[137.18566,35.11065],[137.1858,35.11145],[137.18583,35.11167],[137.18584,35.1119],[137.18586,35.11205],[137.18586,35.11242],[137.18585,35.11249],[137.18582,35.11271],[137.18576,35.11297],[137.18564,35.11327],[137.18541,35.11364],[137.18518,35.11396],[137.18485,35.11433],[137.18433,35.11476],[137.18459000000001,35.114545],[137.18413,35.1149],[137.18392,35.11504],[137.18345,35.1153],[137.18322,35.11543],[137.18259,35.11575],[137.18236,35.11587],[137.18197,35.11604],[137.18141,35.11626],[137.18099,35.11645],[137.18062,35.11662],[137.18047,35.11669],[137.18038,35.11675],[137.18031,35.11679],[137.18015,35.11688],[137.18003,35.11697],[137.17978,35.11712],[137.17942,35.11735],[137.17899,35.11776],[137.17868,35.11809],[137.17855,35.11826],[137.17843,35.11847],[137.17827,35.11873],[137.1782,35.1189],[137.17812,35.11913],[137.17805,35.11948],[137.17805,35.11966],[137.17807,35.12],[137.17816,35.12034],[137.17847,35.12116],[137.17858,35.12143],[137.17883,35.12204],[137.178705,35.121735]]}},{"type":"Feature","properties":{"line_name":"名鉄瀬戸線"},"geometry":{"type":"LineString","coordinates":[[136.90884499999999,35.170485],[136.90851,35.17377],[136.90817,35.17719],[136.90841,35.17799],[136.90843,35.17806],[136.90863,35.17848],[136.90897,35.17923],[136.90908,35.17985],[136.90856,35.18272],[136.9085,35.18312],[136.90845,35.18378],[136.908475,35.18345],[136.90845,35.18478],[136.90863,35.18544],[136.90886,35.18573],[136.90911,35.18598],[136.90937,35.18625],[136.9099,35.18666],[136.91031,35.18686],[136.91079,35.18704],[136.91101,35.1871],[136.91127,35.18714],[136.91184,35.18717],[136.91301,35.18713],[136.91347,35.18711],[136.91394,35.187095],[136.91441,35.18708],[136.91567,35.18704],[136.91636,35.18705],[136.91683,35.18707],[136.91711,35.1871],[136.91758,35.18719],[136.91792,35.18729],[136.91878,35.18762],[136.91957,35.18798],[136.919175,35.1878],[136.91978,35.18806],[136.92013,35.18815],[136.9205,35.18822],[136.92082,35.18827],[136.92126,35.18829],[136.92301,35.18827],[136.92692,35.18825],[136.92706,35.18825],[136.92879,35.18825],[136.92928999999998,35.188244999999995],[136.92979,35.18824],[136.93326,35.18826],[136.93402,35.18833],[136.93438,35.1884],[136.93475,35.1885],[136.93496,35.18858],[136.93523,35.1887],[136.93558,35.1889],[136.93578,35.18909],[136.93613,35.18948],[136.93651,35.19005],[136.93668,35.1905],[136.93687,35.19129],[136.93703,35.1919],[136.93695,35.191595],[136.93724,35.19267],[136.93741,35.19317],[136.93752,35.19345],[136.93768,35.19384],[136.93781,35.19408],[136.93806,35.19455],[136.93825,35.19487],[136.93841,35.19507],[136.9387,35.19542],[136.93901,35.1957],[136.93937,35.19593],[136.93981,35.1961],[136.94027,35.1962],[136.94055,35.19625],[136.94073,35.19626],[136.94101,35.19624],[136.94124,35.19622],[136.94147,35.19618],[136.94179,35.1961],[136.94204,35.19602],[136.94356,35.19526],[136.94606,35.19415],[136.94665,35.194],[136.94695,35.19393],[136.94758,35.19377],[136.947995,35.19366],[136.94841,35.19355],[136.94887,35.1935],[136.94915,35.19351],[136.94933,35.19355],[136.94954,35.19363],[136.94977,35.19374],[136.95001,35.19391],[136.95064,35.19441],[136.95099,35.19467],[136.95109,35.19475],[136.95146,35.195],[136.9516,35.1951],[136.95181,35.19521],[136.95208,35.19528],[136.9524,35.19532],[136.95286,35.19534],[136.95387,35.19535],[136.95412,35.19539],[136.95575,35.1959],[136.95716,35.19613],[136.95798,35.19625],[136.95756999999998,35.19619],[136.96405,35.19707],[136.96484,35.19722],[136.964445,35.197145],[136.96733,35.19775],[136.9712,35.19862],[136.97302,35.19933],[136.9738,35.19961],[136.97512,35.19996],[136.976,35.20018],[136.97556,35.20007],[136.97793,35.20065],[136.98032,35.20123],[136.98112,35.20149],[136.98288,35.20218],[136.98331,35.20233],[136.98372,35.20255],[136.98384,35.20263],[136.98394,35.20275],[136.98418,35.20313],[136.98446,35.20346],[136.98477,35.20365],[136.9875,35.20481],[136.98772,35.2049],[136.9885,35.20522],[136.98811,35.20506],[136.99164,35.20655],[136.99229,35.20677],[136.99365,35.20686],[136.99538,35.20698],[136.9962,35.20695],[136.99659,35.206935],[136.99698,35.20692],[136.99704,35.20692],[136.99713,35.20691],[136.99724,35.20693],[136.99735,35.20696],[136.99759,35.20705],[136.99796,35.20725],[136.99845,35.20768],[136.99895,35.20813],[136.9996,35.20865],[137.00002,35.20889],[137.00052,35.20914],[137.00079,35.20923],[137.00114,35.20932],[137.00137,35.20937],[137.00146,35.20937],[137.00208,35.20941],[137.00332,35.20952],[137.00435,35.20959],[137.00568,35.20968],[137.00629,35.20972],[137.00651,35.20973],[137.00692,35.20979],[137.00765,35.20997],[137.00831,35.2102],[137.00878,35.21036],[137.0096,35.21059],[137.0105,35.21086],[137.01158,35.21119],[137.01104,35.211025],[137.01388,35.21192],[137.01506,35.21233],[137.01622,35.21275],[137.01799,35.21346],[137.0194,35.21401],[137.0201,35.2143],[137.01975,35.214155000000005],[137.02308,35.21547],[137.02455,35.21602],[137.02472,35.21606],[137.02584,35.21624],[137.02756,35.21653],[137.02886,35.21674],[137.03059,35.21702],[137.03101,35.21709],[137.03301,35.21742],[137.03328,35.21746],[137.03359,35.21747],[137.03389,35.21747],[137.03417,35.21743],[137.03587,35.21689],[137.03625,35.216764999999995],[137.03663,35.21664],[137.04009,35.21553],[137.04033,35.21546],[137.04074,35.21537],[137.04101,35.21534],[137.04139,35.21531],[137.04228,35.21535],[137.04303,35.21543],[137.04379,35.21553],[137.04431,35.21559],[137.0448,35.21564],[137.0459,35.21577],[137.04735,35.21594],[137.04737,35.21595],[137.04775,35.21599],[137.04807,35.21601],[137.04842,35.216],[137.04883,35.216],[137.04952,35.21593],[137.04976,35.21591],[137.05031,35.21593],[137.051,35.21601],[137.05151,35.21609],[137.05199,35.21616],[137.05275,35.21631],[137.05237,35.216235],[137.05346,35.21648],[137.05487,35.2168],[137.0561,35.21708],[137.05719,35.21731],[137.05797,35.21748],[137.05827,35.21757],[137.05864,35.21771],[137.05881,35.21778],[137.05903,35.21788],[137.05953,35.2182],[137.05966,35.2183],[137.05988,35.21845],[137.05993,35.21849],[137.06063,35.21908],[137.06113,35.21952],[137.06272,35.22089],[137.06384,35.22184],[137.06425,35.2222],[137.06581,35.2236],[137.06611,35.22379],[137.06636,35.22389],[137.06661,35.22394],[137.06748,35.22401],[137.06809,35.22405],[137.06865,35.22408],[137.06904,35.2241],[137.0698,35.22429],[137.06941999999998,35.224195],[137.07157,35.22485],[137.07282,35.22523],[137.07313,35.22532],[137.0735,35.2254],[137.07398,35.22547],[137.07464,35.22552],[137.07508,35.22555],[137.07624,35.22556],[137.07726,35.22553],[137.077685,35.225525000000005],[137.07811,35.22552],[137.07863,35.22552],[137.08039,35.22536],[137.08077,35.2253],[137.08146,35.22522],[137.08211,35.22518],[137.08284,35.2251],[137.08384,35.225],[137.08420999999998,35.224995],[137.08458,35.22499],[137.08534,35.22503],[137.08686,35.22522],[137.08782,35.22543],[137.08846,35.22557],[137.08871,35.22557],[137.08895,35.22552],[137.08936,35.22538],[137.09071,35.22489],[137.09209,35.22439],[137.09301,35.22405],[137.09342,35.22396],[137.09364,35.22395],[137.09386,35.22396],[137.09405,35.22399],[137.09613,35.22468],[137.09735,35.2251],[137.09674,35.22489]]}},{"type":"Feature","properties":{"line_name":"JR東海道線(京都~浜松)"},"geometry":{"type":"LineString","coordinates":[[135.75858,34.98566333333333],[135.76104,34.98568],[135.76172,34.98564],[135.76262,34.98563],[135.76418,34.98561],[135.76456,34.98561],[135.76589,34.9856],[135.76617,34.9856],[135.76625,34.9856],[135.76731,34.98559],[135.76739,34.98559],[135.76791,34.98558],[135.76856,34.98557],[135.7687,34.98557],[135.7692,34.98557],[135.7693,34.98557],[135.76966,34.98558],[135.77205,34.98563],[135.77346,34.98575],[135.77455,34.9859],[135.77572,34.98604],[135.77597,34.98607],[135.7771,34.9862],[135.77724,34.98621],[135.78794,34.98764],[135.78817,34.98767],[135.78925,34.98782],[135.79763,34.98895],[135.79863,34.98912],[135.79966,34.98938],[135.80242,34.99106],[135.80306,34.99141],[135.80353,34.99166],[135.80425,34.99196],[135.80465,34.99208],[135.80509,34.99219],[135.80586,34.99229],[135.80678,34.99236],[135.80689,34.99237],[135.80748,34.9924],[135.80771,34.9924],[135.81051,34.99244],[135.81096,34.99246],[135.81237,34.99251],[135.81335,34.99254],[135.81506,34.99256],[135.8181,34.99264],[135.81658,34.992599999999996],[135.81822,34.99264],[135.81899,34.99269],[135.82,34.99271],[135.82233,34.99268],[135.82269,34.99273],[135.82364,34.99289],[135.82505,34.99317],[135.8262,34.99345],[135.82687,34.99365],[135.82736,34.99381],[135.82791,34.99408],[135.82868,34.99446],[135.82906,34.99471],[135.82949,34.995],[135.82998,34.99536],[135.83087,34.99614],[135.8314,34.9966],[135.83167,34.99677],[135.83201,34.99695],[135.83243,34.99709],[135.83348,34.99723],[135.83462,34.99754],[135.8403,34.99881],[135.84466,34.99975],[135.84532,34.9999],[135.85088,35.00115],[135.85485,35.00204],[135.856,35.00231],[135.85933,35.00308],[135.86009,35.00323],[135.86056,35.0033],[135.86211,35.00333],[135.8626,35.00329],[135.86291,35.00323],[135.86332,35.00316],[135.86398,35.00311],[135.86595,35.00293],[135.86500999999998,35.003015],[135.86679,35.00286],[135.86738,35.0028],[135.87107,35.00246],[135.87144,35.00242],[135.87215,35.00235],[135.87372,35.00219],[135.87503,35.00202],[135.87619,35.00177],[135.87681,35.00153],[135.87754,35.00121],[135.87843,35.00075],[135.87976,34.99994],[135.88082,34.99922],[135.880902,34.999126000000004],[135.88118,34.99893],[135.88129,34.99884],[135.88146,34.9987],[135.88176,34.99845],[135.88266,34.99747],[135.88398,34.99583],[135.88507,34.99432],[135.88611,34.99292],[135.88715,34.99151],[135.88744,34.99112],[135.88982,34.98795],[135.89229,34.98458],[135.89248,34.98433],[135.89323,34.9833],[135.89343,34.98308],[135.89367,34.98283],[135.89415,34.9824],[135.89469,34.98193],[135.8952,34.98156],[135.89617,34.98095],[135.89716,34.9805],[135.89822,34.98017],[135.898785,34.980064999999996],[135.89935,34.97996],[135.90106,34.97985],[135.90114,34.97986],[135.90165,34.97989],[135.90189,34.9799],[135.90227,34.97993],[135.90276,34.97995],[135.90321,34.97997],[135.904,34.98001],[135.90432,34.98003],[135.90499,34.98006],[135.90755,34.98019],[135.90846,34.98024],[135.90886,34.98026],[135.91019,34.98036],[135.91135,34.98049],[135.91173,34.98054],[135.91279,34.98069],[135.91438,34.98107],[135.91559,34.98143],[135.91682,34.98193],[135.91969,34.98353],[135.92007,34.98377],[135.92052,34.98406],[135.92067,34.98416],[135.92408,34.98623],[135.92472,34.98659],[135.92696,34.98798],[135.92584,34.987285],[135.92845,34.98889],[135.92953,34.98955],[135.9334,34.99187],[135.93584,34.99337],[135.93642,34.99372],[135.93771,34.99452],[135.93946,34.99561],[135.94014,34.99603],[135.94032,34.99614],[135.94201,34.99723],[135.94253,34.99767],[135.94326,34.99844],[135.94428,34.99974],[135.94507,35.00079],[135.94537,35.0012],[135.9454,35.00124],[135.94675,35.00303],[135.9469,35.00323],[135.94696,35.0033],[135.94717599999998,35.003594],[135.94751,35.00403],[135.94776,35.00438],[135.94868,35.00558],[135.94895,35.00595],[135.94937,35.00648],[135.95017,35.00754],[135.951,35.00864],[135.95208,35.01006],[135.95225,35.01028],[135.95235,35.01042],[135.95278,35.01099],[135.95297,35.01125],[135.95308,35.01139],[135.95369,35.01221],[135.95405,35.0127],[135.9551,35.01407],[135.95717,35.01679],[135.95735,35.01704],[135.95754,35.01731],[135.95852,35.01853],[135.95904,35.01915],[135.95969,35.01994],[135.96067,35.02098],[135.96108,35.02143],[135.96166,35.02201],[135.96185,35.02219],[135.96214,35.02243],[135.96237499999998,35.0226325],[135.96385,35.0239],[135.96529,35.02512],[135.96668,35.02628],[135.96848,35.02782],[135.97021,35.02927],[135.97042,35.02945],[135.971,35.02994],[135.97144,35.03031],[135.97149,35.03036],[135.97182,35.03063],[135.97413,35.03255],[135.97525,35.03347],[135.97637,35.03443],[135.97852,35.03617],[135.97872,35.03635],[135.97927,35.03679],[135.98094,35.03818],[135.980105,35.037485000000004],[135.98109,35.0383],[135.98136,35.03853],[135.98214,35.03918],[135.98237,35.03937],[135.98294,35.03983],[135.98325,35.04008],[135.98473,35.04131],[135.98595,35.04232],[135.98725,35.04338],[135.98857,35.04449],[135.99029,35.04589],[135.99077,35.04629],[135.99109,35.04655],[135.99251,35.04773],[135.99347,35.04852],[135.99488,35.04965],[135.99616,35.05069],[135.99671,35.05112],[135.996464,35.050937999999995],[135.99714,35.0515],[135.99743,35.05173],[135.99773,35.05196],[135.99839,35.0525],[135.9993,35.05319],[135.99965,35.05346],[136.00035,35.05394],[136.00083,35.05426],[136.001,35.05437],[136.00134,35.0546],[136.00154,35.05474],[136.00157,35.05474],[136.00239,35.05526],[136.00264,35.05541],[136.00283,35.05555],[136.00316,35.05575],[136.00389,35.05621],[136.00402,35.0563],[136.00498,35.05691],[136.00503,35.05695],[136.00552,35.05726],[136.00557,35.05728],[136.00599,35.05756],[136.00615,35.05766],[136.00627,35.05774],[136.0066,35.05794],[136.00721,35.05833],[136.00803,35.05885],[136.00813,35.05892],[136.00823,35.05899],[136.00832,35.05903],[136.00864,35.05924],[136.00945,35.05974],[136.00967,35.05988],[136.01025,35.06025],[136.01042,35.06035],[136.01066,35.06051],[136.01077,35.06058],[136.01106,35.06076],[136.01117,35.06083],[136.01154,35.06106],[136.01178,35.06121],[136.01225,35.06152],[136.0128,35.06187],[136.01334,35.06223],[136.01471,35.06314],[136.01475,35.06317],[136.01576,35.06382],[136.01599,35.06398],[136.01691,35.06458],[136.01723,35.0648],[136.0173,35.06484],[136.01767,35.06508],[136.01888,35.06588],[136.01964,35.06641],[136.01998,35.06666],[136.02113,35.06752],[136.02365,35.06935],[136.02239,35.068435],[136.02472,35.07011],[136.02544,35.0706],[136.02553,35.07065],[136.0257,35.07078],[136.02663,35.0714],[136.02668,35.07142],[136.0272,35.07178],[136.02839,35.07259],[136.02849,35.07266],[136.02866,35.07276],[136.02886,35.07291],[136.02938,35.07328],[136.02988,35.07364],[136.03047,35.07407],[136.0305,35.07409],[136.03065,35.07419],[136.03112,35.07453],[136.0316,35.07486],[136.03286,35.07575],[136.03288,35.07577],[136.03412,35.07664],[136.03501,35.07726],[136.03508,35.07731],[136.03559,35.07767],[136.03621,35.07811],[136.03627,35.07814],[136.03666,35.07842],[136.03749,35.079],[136.03829,35.07958],[136.03841,35.07966],[136.03885,35.07997],[136.03911,35.08015],[136.0398,35.08064],[136.04001,35.08078],[136.04018,35.0809],[136.04039,35.08105],[136.04043,35.08108],[136.04066,35.08125],[136.04104,35.08151],[136.04115,35.08158],[136.04172,35.08194],[136.04206,35.08216],[136.04244,35.08238],[136.04249,35.08242],[136.04268,35.08253],[136.04296,35.08271],[136.04308,35.08278],[136.0433,35.08291],[136.04335,35.08293],[136.04364,35.08308],[136.0437,35.08312],[136.04396,35.08327],[136.04407,35.08333],[136.04482,35.08372],[136.04716,35.08503],[136.04765,35.0853],[136.048,35.0855],[136.04831,35.08566],[136.04889,35.08599],[136.04916,35.08614],[136.04922,35.08617],[136.04955,35.08635],[136.04977,35.08648],[136.04981,35.08649],[136.04994,35.08655],[136.05187,35.08767],[136.05464,35.0893],[136.05493,35.08947],[136.05833,35.09144],[136.05948,35.09211],[136.06272,35.094],[136.06612,35.09597],[136.06659,35.09626],[136.06929,35.09783],[136.06996,35.09823],[136.07041,35.0985],[136.07311,35.10006],[136.07176,35.09928],[136.07382,35.10048],[136.07674,35.10218],[136.0776,35.10269],[136.07842,35.10317],[136.08155,35.105],[136.08298,35.10593],[136.08432,35.10694],[136.08639,35.1087],[136.08717,35.10937],[136.08997,35.11178],[136.09031,35.11207],[136.09254,35.11397],[136.09273,35.11414],[136.09513,35.11618],[136.09543,35.11644],[136.09812,35.11874],[136.09859,35.11914],[136.10152,35.12166],[136.10358,35.12342],[136.10255,35.12254],[136.10409,35.12385],[136.10597,35.12549],[136.10735,35.12668],[136.10801,35.12726],[136.10912,35.1282],[136.10983,35.1287],[136.11261,35.13031],[136.11522,35.13181],[136.11582,35.13215],[136.11593,35.13222],[136.11604,35.13228],[136.11976,35.13444],[136.12057,35.1349],[136.12085,35.13508],[136.12213,35.13585],[136.12353,35.13665],[136.12417,35.13703],[136.12456,35.13725],[136.12466,35.13731],[136.12614,35.13817],[136.12651,35.13838],[136.12667,35.13847],[136.12733,35.13885],[136.12811,35.13931],[136.12831,35.13942],[136.12875,35.13967],[136.12922,35.13994],[136.12968,35.14021],[136.12994,35.14036],[136.13028,35.14057],[136.13143,35.14122],[136.13151,35.14126],[136.13158,35.1413],[136.13225,35.14169],[136.13228,35.1417],[136.13425,35.14283],[136.13379666666665,35.14257333333333],[136.13486,35.14319],[136.13496,35.14324],[136.13558,35.14364],[136.13618,35.14406],[136.13723,35.14482],[136.13813,35.14559],[136.13898,35.14641],[136.13996,35.14739],[136.14019,35.14764],[136.14026,35.14771],[136.14095,35.14838],[136.14198,35.14941],[136.1428,35.15024],[136.1429,35.15033],[136.14343,35.15087],[136.14357,35.15101],[136.14367,35.15111],[136.14407,35.15151],[136.14451,35.15194],[136.14516,35.15256],[136.14565,35.15301],[136.14613,35.15346],[136.14692,35.15423],[136.14751,35.15487],[136.14839,35.15584],[136.1487,35.15616],[136.14881,35.15628],[136.14912,35.15661],[136.15017,35.15788],[136.15037,35.15813],[136.15124,35.15929],[136.15147,35.15963],[136.15187,35.16027],[136.15195,35.16042],[136.15248,35.16136],[136.15265,35.16166],[136.15321,35.16268],[136.15357,35.16333],[136.15379,35.16374],[136.15392,35.16397],[136.15443,35.16489],[136.15459,35.1652],[136.1547,35.16538],[136.15505,35.16604],[136.15529,35.16648],[136.15533,35.16655],[136.15563,35.1671],[136.15592,35.16761],[136.15601,35.16779],[136.15665,35.16895],[136.15712,35.16976],[136.15719,35.16988],[136.15765,35.17084],[136.15812,35.1717],[136.15847,35.17231],[136.1589,35.17306],[136.15922,35.1736],[136.15955,35.17407],[136.15986,35.17448],[136.16032,35.17497],[136.16075,35.17535],[136.16151,35.17601],[136.16163,35.17612],[136.16226,35.17667],[136.16255,35.17692],[136.16315,35.17744],[136.16341,35.17767],[136.16348,35.17774],[136.16397,35.17817],[136.16436,35.17851],[136.1648,35.17888],[136.16507,35.17913],[136.16696,35.18078],[136.166015,35.179955],[136.16736,35.18112],[136.16772,35.18143],[136.16817,35.1818],[136.16854,35.18213],[136.16896,35.18251],[136.16917,35.18268],[136.16955,35.183],[136.17,35.1834],[136.17043,35.18376],[136.17114,35.18437],[136.17141,35.1846],[136.17157,35.18474],[136.17173,35.18488],[136.17206,35.18518],[136.17231,35.1854],[136.17267,35.18572],[136.17349,35.18644],[136.17372,35.18663],[136.17428,35.18714],[136.175,35.18777],[136.17515,35.1879],[136.17561,35.18831],[136.17661,35.18918],[136.17678,35.18932],[136.17701,35.18953],[136.17716,35.18966],[136.17756,35.19002],[136.17818,35.19057],[136.17901,35.19128],[136.17921,35.19145],[136.17961,35.1918],[136.18017,35.19228],[136.18138,35.19334],[136.18187,35.19377],[136.18251,35.19432],[136.18327,35.19498],[136.18347,35.19515],[136.18393,35.19556],[136.18411,35.19572],[136.18475,35.19629],[136.1853,35.19677],[136.18603,35.1974],[136.18632,35.19765],[136.1869,35.19816],[136.18763,35.19876],[136.18787,35.19893],[136.18813,35.19913],[136.18824,35.19921],[136.18874,35.19956],[136.18903,35.19974],[136.18957,35.2001],[136.18989,35.20031],[136.19017,35.2005],[136.19058,35.20077],[136.19146,35.20136],[136.19176,35.20156],[136.19188,35.20163],[136.19296,35.20235],[136.19596,35.2043],[136.19446,35.20332500000001],[136.1967,35.2048],[136.1971,35.20506],[136.1976,35.2054],[136.1978,35.20554],[136.1985,35.20601],[136.1987,35.20615],[136.19887,35.20627],[136.19911,35.20643],[136.20022,35.2072],[136.20076,35.20754],[136.20145,35.208],[136.20173,35.2082],[136.20204,35.2084],[136.2025,35.20871],[136.20267,35.20883],[136.20313,35.20913],[136.2037,35.2095],[136.20391,35.20964],[136.20417,35.20981],[136.20525,35.21053],[136.2055,35.21071],[136.20567,35.21082],[136.20642,35.21132],[136.20685,35.21161],[136.20742,35.21199],[136.20814,35.21246],[136.2084,35.21264],[136.20897,35.21302],[136.20914,35.21313],[136.20942,35.21331],[136.20976,35.21352],[136.21008,35.21372],[136.21028,35.21387],[136.21074,35.21417],[136.21115,35.21445],[136.21134,35.21458],[136.21179,35.21488],[136.21228,35.2152],[136.2126,35.21542],[136.21282,35.21556],[136.21382,35.21624],[136.21439,35.21662],[136.21461,35.21678],[136.21494,35.21699],[136.21521,35.21717],[136.21551,35.21736],[136.21584,35.21758],[136.21613,35.21778],[136.21672,35.21818],[136.21723,35.21853],[136.21764,35.2188],[136.21859,35.21946],[136.21883,35.21961],[136.21926,35.21993],[136.21964,35.22024],[136.22083,35.22131],[136.22129,35.22174],[136.22263,35.22296],[136.22292,35.22321],[136.2232,35.22347],[136.22417,35.22435],[136.22431,35.22448],[136.22632,35.22629],[136.225315,35.225385],[136.22678,35.22672],[136.22701,35.22692],[136.2271,35.227],[136.2277,35.22754],[136.22821,35.228],[136.22846,35.22824],[136.22914,35.22884],[136.22942,35.22911],[136.22962,35.22929],[136.22996,35.2296],[136.23023,35.22985],[136.23044,35.23003],[136.23062,35.2302],[136.23087,35.23042],[136.23128,35.23079],[136.23158,35.23107],[136.23186,35.23133],[136.23207,35.23153],[136.23259,35.232],[136.23329,35.23263],[136.2335,35.23283],[136.23375,35.23305],[136.23396,35.23324],[136.2342,35.23346],[136.23519,35.23435],[136.23532,35.23447],[136.23597,35.23505],[136.23638,35.23543],[136.23743,35.23636],[136.2376,35.23652],[136.23966,35.2383],[136.24003,35.23862],[136.24032,35.23887],[136.24066,35.23918],[136.24108,35.23956],[136.24125,35.23971],[136.24139,35.23985],[136.24168,35.2401],[136.24242,35.24077],[136.24267,35.241],[136.24298,35.2413],[136.24316,35.24147],[136.24337,35.24167],[136.24351,35.2418],[136.24435,35.24261],[136.24462,35.24287],[136.24532,35.24356],[136.2456,35.24383],[136.24591,35.24412],[136.24711,35.24526],[136.24724,35.24537],[136.24879,35.24679],[136.248015,35.24608],[136.25077,35.24858],[136.25137,35.24913],[136.2524,35.25009],[136.25435,35.25187],[136.25575,35.25314],[136.25583,35.25321],[136.25602,35.25344],[136.25639,35.25379],[136.25681,35.25418],[136.25704,35.25441],[136.25788,35.25527],[136.25816,35.25556],[136.25857,35.25606],[136.25888,35.25652],[136.25913,35.25691],[136.25944,35.25746],[136.25974,35.25814],[136.25997,35.25873],[136.26005,35.25901],[136.26022,35.25973],[136.26056,35.261],[136.261,35.26285],[136.26139,35.26438],[136.26179,35.26595],[136.26207,35.26704],[136.26244,35.26857],[136.2629,35.27039],[136.26315,35.2714],[136.26365,35.27357],[136.2634,35.272485],[136.2638,35.27418],[136.26404,35.27511],[136.26405,35.27516],[136.26427,35.27605],[136.26447,35.27697],[136.26459,35.27762],[136.26461,35.27778],[136.26471,35.27862],[136.26474,35.2791],[136.26474,35.27949],[136.26473,35.27994],[136.26459,35.28098],[136.26458,35.28104],[136.26457,35.28115],[136.26445,35.28201],[136.26433,35.28315],[136.26429,35.2837],[136.26427,35.28469],[136.26427,35.28508],[136.26426,35.2859],[136.26426,35.28611],[136.26435,35.28793],[136.2644,35.28932],[136.26451,35.29068],[136.26456,35.29166],[136.26469,35.29226],[136.26492,35.29284],[136.26562,35.294],[136.26599,35.29452],[136.26604,35.29458],[136.26645,35.29506],[136.26698,35.29558],[136.26785,35.29626],[136.26837,35.29661],[136.26899,35.29693],[136.26953,35.29715],[136.27046,35.29748],[136.27251,35.29806],[136.27306,35.29822],[136.2736,35.29838],[136.27728,35.29948],[136.27766,35.29957],[136.27901,35.29995],[136.28073,35.3005],[136.282,35.30099],[136.28287,35.30142],[136.284039,35.302146],[136.284427,35.302479],[136.284851,35.302822],[136.285282,35.303288],[136.285511,35.303581],[136.286372,35.305185],[136.286947,35.306646],[136.288067,35.3094],[136.289226,35.312291],[136.289841,35.313891],[136.28950500000002,35.313869999999994],[136.290606,35.31579],[136.29143,35.3176],[136.29153,35.31813],[136.29153,35.31815],[136.2918,35.31867],[136.29183,35.31872],[136.29197,35.31902],[136.29207,35.31917],[136.29216,35.31935],[136.29251,35.31979],[136.29322,35.32056],[136.29417,35.32154],[136.2949,35.32229],[136.29523,35.32273],[136.29614,35.32428],[136.2968,35.32524],[136.29684,35.3253],[136.29735,35.32593],[136.29827,35.32704],[136.29916,35.32809],[136.30012,35.32866],[136.30083,35.32893],[136.30119,35.32903],[136.3015,35.32909],[136.30201,35.32915],[136.30268,35.32912],[136.30304,35.32909],[136.3038,35.32893],[136.30444,35.32876],[136.30542,35.32843],[136.30737,35.3278],[136.30792,35.32762],[136.30834,35.3275],[136.3104,35.32693],[136.31162,35.32666],[136.31371,35.32621],[136.31589,35.32573],[136.31788,35.32525],[136.31836,35.32514],[136.31996,35.32478],[136.3214,35.32444],[136.32157,35.32439],[136.32176,35.32435],[136.32348,35.32395],[136.32437,35.32374],[136.32605,35.32337],[136.32728,35.32308],[136.32802,35.32296],[136.32895,35.32282],[136.33016,35.32275],[136.33124,35.32276],[136.33184,35.32282],[136.33258,35.32288],[136.33261,35.32289],[136.33321,35.32296],[136.334,35.32309],[136.33483,35.32324],[136.33524,35.32335],[136.33531,35.32337],[136.33631,35.32364],[136.33694,35.32384],[136.33754,35.32406],[136.33811,35.32428],[136.33872,35.32455],[136.33954,35.32494],[136.34031,35.32532],[136.3409,35.32561],[136.34239,35.32633],[136.34326,35.32675],[136.34405,35.32714],[136.34633,35.32827],[136.34519,35.327705],[136.34956,35.32985],[136.35084,35.33056],[136.35138,35.33087],[136.35237,35.33164],[136.35306,35.33227],[136.35474,35.33382],[136.35583,35.33479],[136.35697,35.33586],[136.35775,35.33653],[136.35803,35.33684],[136.35892,35.33769],[136.35947,35.33821],[136.36002,35.33872],[136.36015,35.33884],[136.36032,35.33901],[136.3606,35.33924],[136.36092,35.33959],[136.36137,35.34008],[136.36177,35.34057],[136.36199,35.34085],[136.36213,35.34107],[136.36229,35.34135],[136.36255,35.34197],[136.36308,35.34317],[136.36355,35.34426],[136.36391,35.34506],[136.36409,35.34547],[136.36427,35.34589],[136.36448,35.34631],[136.36497,35.3471],[136.36546,35.34784],[136.36627,35.34899],[136.36712,35.3502],[136.36774,35.35107],[136.36865,35.35231],[136.36915,35.35299],[136.36927,35.35315],[136.36951,35.35347],[136.37027,35.35451],[136.37083,35.35531],[136.37149,35.35612],[136.37159,35.35624],[136.3721,35.35687],[136.37233,35.35712],[136.37257,35.35739],[136.37316,35.3581],[136.37397,35.35902],[136.37401833333334,35.35907666666667],[136.37442,35.35954],[136.37459,35.35974],[136.3754,35.36067],[136.37591,35.36128],[136.37636,35.36179],[136.3765,35.36193],[136.37685,35.36229],[136.37697,35.3624],[136.37722,35.36263],[136.37762,35.36289],[136.37808,35.36309],[136.37848,35.36325],[136.37908,35.3634],[136.37937,35.36344],[136.37965,35.36347],[136.3802,35.3635],[136.38068,35.3635],[136.38144,35.36335],[136.38331,35.36303],[136.38542,35.36266],[136.38678,35.36241],[136.38933,35.36198],[136.39023,35.36182],[136.39142,35.3616],[136.3916,35.36156],[136.39188,35.3615],[136.3922,35.36138],[136.39271,35.36113],[136.3932,35.36077],[136.39358,35.36042],[136.39385,35.36007],[136.39404,35.35978],[136.39423,35.3595],[136.39437,35.359],[136.39444,35.35859],[136.39449,35.35766],[136.39462,35.3562],[136.39475,35.35437],[136.39481,35.35358],[136.39487,35.35261],[136.39499,35.35098],[136.39499,35.35022],[136.39496,35.34984],[136.39487,35.3491],[136.39477,35.34834],[136.39474,35.34786],[136.39474,35.34753],[136.39476,35.34725],[136.39485,35.34683],[136.39495,35.3465],[136.39509,35.34619],[136.3953,35.34584],[136.39547,35.34563],[136.39576,35.34535],[136.39616,35.345],[136.39622,35.34496],[136.39647,35.34478],[136.39679,35.34458],[136.39689,35.34452],[136.39741,35.34432],[136.39778,35.34421],[136.39814,35.34413],[136.39847,35.34411],[136.39865,35.3441],[136.39953,35.34412],[136.40038,35.3442],[136.40114,35.34433],[136.40351,35.34486],[136.40232500000002,35.344595],[136.40439,35.34505],[136.40474,35.34512],[136.40628,35.34547],[136.40773,35.34579],[136.40932,35.34614],[136.41055,35.34641],[136.41122,35.34656],[136.41186,35.34666],[136.41234,35.34672],[136.4127,35.34676],[136.41313,35.34679],[136.41454,35.34691],[136.41668,35.34703],[136.41746,35.34711],[136.41759,35.34713],[136.41799,35.3472],[136.41849,35.34735],[136.41937,35.34777],[136.4199,35.34813],[136.42045,35.34845],[136.42109,35.34878],[136.42152,35.34898],[136.42161,35.34901],[136.42192,35.34913],[136.42203,35.34915],[136.42236,35.34923],[136.42293,35.3493],[136.42326,35.34931],[136.42401,35.34925],[136.42441,35.34916],[136.42493,35.34905],[136.42603,35.34869],[136.42726,35.34835],[136.42749,35.34832],[136.42786,35.34833],[136.42866,35.34842],[136.42992,35.34865],[136.43142,35.34893],[136.43257,35.34911],[136.4328,35.34916],[136.43404,35.34938],[136.43511,35.34956],[136.43563,35.34965],[136.43645,35.34972],[136.4371,35.34973],[136.43814,35.34979],[136.43849,35.34981],[136.43921,35.34995],[136.44042,35.35031],[136.44121,35.35062],[136.44165,35.35083],[136.44207,35.35112],[136.44244,35.35144],[136.44286,35.35186],[136.44309,35.35213],[136.44355,35.35281],[136.44388,35.35341],[136.44414,35.35412],[136.44419,35.35432],[136.4443,35.35479],[136.44444,35.35569],[136.44452,35.35613],[136.44463,35.3565],[136.44477,35.35682],[136.445,35.35723],[136.44526,35.35765],[136.44537,35.35776],[136.44554,35.35794],[136.44575,35.35812],[136.44601,35.35831],[136.44611,35.35838],[136.44643,35.35856],[136.4468,35.35873],[136.44712,35.35886],[136.44739,35.35895],[136.44766,35.359],[136.44793,35.35905],[136.44798,35.35906],[136.44849,35.35912],[136.44896,35.35914],[136.44931,35.35913],[136.44973,35.35909],[136.45034,35.359],[136.45094,35.35889],[136.45137,35.35884],[136.45176,35.35882],[136.45209,35.35883],[136.45265,35.3589],[136.4532,35.35901],[136.45374,35.35916],[136.4541,35.35928],[136.45438,35.35941],[136.45488,35.3597],[136.4556,35.36018],[136.45589,35.36038],[136.45649,35.36066],[136.45697,35.36087],[136.45738,35.36097],[136.4579,35.36106],[136.4583,35.36108],[136.45842,35.36108],[136.45948,35.36104],[136.46051,35.36103],[136.46177,35.36097],[136.46242,35.36099],[136.46284,35.36104],[136.46354,35.36118],[136.46401,35.36135],[136.46445,35.36156],[136.46516,35.36194],[136.46643,35.36268],[136.46693,35.36292],[136.46756,35.36317],[136.46858,35.36349],[136.46937,35.36365],[136.47013666666666,35.363719999999994],[136.47246,35.36402],[136.47455,35.36425],[136.47674,35.3645],[136.4782,35.36467],[136.47953,35.36482],[136.48199,35.36511],[136.48371,35.36535],[136.48446,35.36551],[136.48536,35.36568],[136.48657,35.36596],[136.48819,35.36639],[136.49013,35.36701],[136.49151,35.36757],[136.49328,35.36836],[136.49458,35.36905],[136.49478,35.36916],[136.49551,35.3695],[136.49638,35.36987],[136.49708,35.37012],[136.49839,35.37055],[136.50005,35.37099],[136.50136,35.37123],[136.50258,35.37142],[136.5041,35.37157],[136.50504,35.37166],[136.50671,35.37175],[136.50761,35.37176],[136.50825,35.37177],[136.50929,35.37178],[136.5113,35.37165],[136.51385,35.37137],[136.51679,35.37093],[136.51858,35.37064],[136.51987,35.37043],[136.52067,35.37029],[136.52084,35.37026],[136.52234,35.37001],[136.52586,35.36943],[136.52699,35.36931],[136.52848,35.36928],[136.52966,35.36933],[136.5299,35.36935],[136.53149,35.36965],[136.530825,35.3695425],[136.53225,35.36984],[136.53273,35.36995],[136.53311,35.37005],[136.53376,35.37021],[136.53447,35.37039],[136.53479,35.37047],[136.53508,35.37055],[136.53672,35.37096],[136.537,35.37103],[136.53708,35.37105],[136.53827,35.37127],[136.53919,35.37138],[136.5404,35.37145],[136.54157,35.37147],[136.54533,35.37135],[136.54812,35.37124],[136.55098,35.37112],[136.55718,35.37086],[136.55749,35.37085],[136.56255,35.37062],[136.56484,35.3706],[136.56594,35.37065],[136.56711,35.37077],[136.56738,35.3708],[136.56807,35.37087],[136.57014,35.37111],[136.5725,35.37134],[136.57604,35.37174],[136.57837,35.37198],[136.57868,35.37201],[136.57943,35.37208],[136.57968,35.3721],[136.57995,35.37213],[136.58304,35.37239],[136.58527,35.37257],[136.5855,35.37259],[136.586,35.37264],[136.58944,35.37295],[136.59146,35.37314],[136.59463,35.37344],[136.59536,35.37351],[136.59585,35.37354],[136.59678,35.3736],[136.59747,35.37361],[136.59777,35.37361],[136.59789,35.37361],[136.59847,35.3736],[136.5991,35.37353],[136.59995,35.37342],[136.60011,35.37339],[136.60045,35.37332],[136.60085,35.37324],[136.60186,35.373],[136.60258,35.37281],[136.60353,35.37243],[136.60418,35.37212],[136.60472,35.37181],[136.6056,35.3711],[136.60649,35.37032],[136.60755,35.36946],[136.60807,35.36908],[136.60852,35.36871],[136.60872,35.36857],[136.60935,35.36825],[136.60937,35.36824],[136.61013,35.36791],[136.61091,35.36771],[136.61094,35.3677],[136.61119,35.36763],[136.61172,35.3675],[136.61179,35.36748],[136.61271,35.36735],[136.61419,35.36726],[136.61592,35.36718],[136.61686,35.36713],[136.61699,35.36713],[136.61733,35.36712],[136.617965,35.367105],[136.62008,35.36704],[136.62061,35.36703],[136.62095,35.36702],[136.62115,35.36702],[136.6215,35.36701],[136.62207,35.367],[136.62475,35.367],[136.62578,35.36708],[136.62703,35.36721],[136.628,35.36735],[136.62975,35.36769],[136.6311,35.36806],[136.63148,35.36817],[136.63257,35.36854],[136.63348,35.36889],[136.6363,35.37016],[136.63754,35.37073],[136.63929,35.37152],[136.63953,35.37163],[136.64145,35.37252],[136.6449,35.3741],[136.64744,35.37524],[136.65078,35.37656],[136.65102,35.37666],[136.65252,35.37724],[136.65422,35.37799],[136.65551,35.37857],[136.65753,35.37949],[136.65898,35.38017],[136.65922,35.38029],[136.661,35.38126],[136.66197,35.3818],[136.66323,35.3824],[136.66346,35.38251],[136.6642,35.38285],[136.66637,35.38385],[136.66651,35.38391],[136.66673,35.38401],[136.66697,35.38412],[136.66719,35.38423],[136.66828,35.38475],[136.67135,35.38616],[136.67171,35.38633],[136.67375,35.38727],[136.67396,35.38737],[136.67426,35.38751],[136.67454,35.38763],[136.67587,35.38825],[136.67902,35.38971],[136.67934,35.38987],[136.68091,35.39059],[136.68358,35.39182],[136.68523,35.39262],[136.68666,35.39329],[136.68695,35.39342],[136.68825,35.39402],[136.6894,35.39452],[136.68974,35.39466],[136.69079,35.39511],[136.69282,35.39593],[136.69445,35.3966],[136.693635,35.396265],[136.6957,35.39708],[136.69696,35.39749],[136.69773,35.39773],[136.69982,35.39828],[136.70177,35.3988],[136.70445,35.39952],[136.70805,35.40047],[136.70843,35.40059],[136.71098,35.40127],[136.71286,35.40176],[136.71662,35.40276],[136.71835,35.40321],[136.71865,35.40329],[136.71892,35.40337],[136.72002,35.40366],[136.72265,35.40436],[136.72387,35.40469],[136.72325999999998,35.404525],[136.72631,35.40535],[136.72707,35.40555],[136.72778,35.40574],[136.72854,35.40595],[136.72984,35.40629],[136.73121,35.40666],[136.73133,35.40669],[136.73367,35.40731],[136.73372,35.40733],[136.73385,35.40736],[136.73608,35.40796],[136.73774,35.4084],[136.73799,35.40847],[136.73904,35.40875],[136.73951,35.40888],[136.73977,35.40895],[136.74159,35.40944],[136.7438,35.41004],[136.74477,35.41023],[136.74604,35.41038],[136.74705,35.41046],[136.74762,35.41045],[136.7487,35.41041],[136.74917,35.41037],[136.75011,35.41025],[136.75175,35.41005],[136.7518,35.41004],[136.75464,35.40974],[136.75546,35.40965],[136.75656,35.4095325],[136.75773,35.40941],[136.75841,35.40933],[136.7591,35.40926],[136.76002,35.40916],[136.76133,35.40902],[136.76476,35.40864],[136.76561,35.4085],[136.76606,35.4084],[136.76701,35.40812],[136.76766,35.40777],[136.76777,35.40768],[136.76864,35.40705],[136.76911,35.40659],[136.76951,35.40609],[136.76991,35.40545],[136.77017,35.4049],[136.77145,35.40195],[136.77241,35.39964],[136.77253,35.39935],[136.77317,35.39769],[136.77338,35.39721],[136.77363,35.3966],[136.77367,35.3965],[136.77394,35.3959],[136.77407,35.39556],[136.77768,35.38704],[136.77773,35.38691],[136.78016,35.3811],[136.78022,35.38096],[136.78061,35.38002],[136.78067,35.37989],[136.78072,35.37977],[136.78088,35.37942],[136.78103,35.37894],[136.78111,35.37862],[136.78123,35.37806],[136.78123,35.37804],[136.78124,35.37787],[136.78131,35.37719],[136.78134,35.37642],[136.78132,35.37614],[136.78131,35.37586],[136.78126,35.37513],[136.78123,35.37494],[136.7812,35.37466],[136.78097,35.373],[136.78047,35.36927],[136.78036,35.36845],[136.78018,35.36718],[136.77955,35.36249],[136.77954,35.3624],[136.77952,35.36218],[136.77939,35.36057],[136.77932,35.35914],[136.77932,35.35777],[136.77937,35.35657],[136.77945,35.35578],[136.7797,35.35457],[136.78001,35.35322],[136.78035,35.35173],[136.78041,35.35146],[136.78097,35.34899],[136.78114,35.34824],[136.7811625,35.347992500000004],[136.78125,35.3476],[136.78129,35.34714],[136.78141,35.34558],[136.78167,35.33977],[136.78162,35.33813],[136.7816,35.33762],[136.78164,35.33711],[136.78174,35.33654],[136.7822,35.33489],[136.78233,35.33442],[136.78235,35.33432],[136.78238,35.3342],[136.78247,35.33391],[136.78253,35.3337],[136.78277,35.33286],[136.78297,35.33227],[136.78332,35.33127],[136.78337,35.33114],[136.78347,35.33086],[136.78372,35.33021],[136.78386,35.32989],[136.78407,35.32941],[136.78424,35.32904],[136.78438,35.3287],[136.78453,35.32839],[136.78525,35.32692],[136.78531,35.32679],[136.78574,35.3259],[136.78578,35.32582],[136.78584,35.32569],[136.78611,35.32515],[136.7863,35.32477],[136.78634,35.32468],[136.78646,35.32445],[136.78707,35.32317],[136.78714,35.32301],[136.78733,35.32264],[136.78746,35.32237],[136.7883,35.32063],[136.78833,35.32057],[136.78858,35.32006],[136.78874,35.31973],[136.78882,35.31955],[136.78915,35.31887],[136.78953,35.31809],[136.78962,35.31789],[136.78984,35.31745],[136.78992,35.31731],[136.79047,35.31617],[136.79078,35.31554],[136.79094,35.31523],[136.79115,35.31482],[136.79118,35.31474],[136.79137,35.31435],[136.79148,35.31413],[136.79192,35.31323],[136.79203,35.31302],[136.7922,35.31266],[136.79233,35.31239],[136.79265,35.31174],[136.79267,35.3117],[136.79291,35.31115],[136.79298,35.31101],[136.79316,35.31063],[136.79325,35.31042],[136.79346,35.30999],[136.79362,35.30964],[136.79391,35.309],[136.79396,35.30891],[136.79408,35.30867],[136.79464,35.30754],[136.79469,35.30743],[136.79509,35.3066],[136.7951,35.30656],[136.79517,35.30643],[136.79588,35.30497],[136.79681,35.30314],[136.79737999999998,35.302],[136.79795,35.30086],[136.79925,35.29797],[136.79949,35.29745],[136.79977,35.29687],[136.79988,35.29665],[136.79999,35.29644],[136.8001,35.29621],[136.80038,35.29562],[136.80059,35.29519],[136.80081,35.29476],[136.80082,35.29473],[136.80086,35.29465],[136.80093,35.29451],[136.80135,35.29358],[136.80154,35.29316],[136.80243,35.29129],[136.80277,35.29056],[136.8028,35.29048],[136.80321,35.28961],[136.80323,35.28957],[136.80323,35.28956],[136.80377,35.28848],[136.80391,35.2882],[136.80509,35.28584],[136.80552,35.28494],[136.80596,35.28402],[136.8065,35.2829],[136.80687,35.28213],[136.80693,35.282],[136.80706,35.28173],[136.80776,35.28031],[136.80784,35.28015],[136.80817,35.27946],[136.80857,35.27861],[136.80862,35.27853],[136.80908,35.27756],[136.80953,35.27661],[136.80984,35.27595],[136.80986,35.27592],[136.80987,35.27591],[136.80999,35.27566],[136.80999,35.27565],[136.81068,35.27421],[136.81097,35.27361],[136.81138,35.2728],[136.81144,35.27266],[136.81166,35.27221],[136.81179,35.27191],[136.81206,35.27138],[136.81237,35.27076],[136.81261,35.27029],[136.81308,35.26924],[136.81359,35.26819],[136.81406,35.26729],[136.81479,35.26578],[136.81514,35.26504],[136.81546,35.26435],[136.81564,35.264],[136.81573,35.26382],[136.81589,35.26348],[136.8161,35.26304],[136.81658,35.26201],[136.81677,35.26161],[136.81704,35.26107],[136.81712,35.26094],[136.81717,35.2608],[136.81737,35.26036],[136.81747,35.26015],[136.81753,35.26003],[136.81796,35.25913],[136.8182,35.25863],[136.81874,35.25753],[136.81923,35.25655],[136.81956,35.25586],[136.82043,35.25408],[136.82087,35.25322],[136.82093,35.253096666666664],[136.82149,35.25199],[136.8237,35.24742],[136.82454,35.24565],[136.82569,35.24323],[136.82607,35.24243],[136.82767,35.23904],[136.8297,35.23482],[136.83009,35.23403],[136.83183,35.23051],[136.83383,35.22656],[136.83443,35.22555],[136.83451000000002,35.22547666666667],[136.83527,35.22432],[136.83546,35.22408],[136.83565,35.22384],[136.83703,35.22211],[136.83863,35.22029],[136.84003,35.21881],[136.84019,35.21864],[136.84187,35.21688],[136.8425,35.21617],[136.8434,35.21521],[136.84371,35.21489],[136.84405,35.21451],[136.8456,35.21289],[136.84643,35.21202],[136.84723,35.21117],[136.84758,35.2108],[136.84968,35.20859],[136.85142,35.20675],[136.85213,35.20604],[136.8526,35.20557],[136.85308,35.20515],[136.8534,35.2049],[136.85385,35.20459],[136.85443,35.20424],[136.85578,35.20359],[136.85637,35.20325],[136.85691,35.20294],[136.85749,35.20259],[136.85829,35.20205],[136.85847,35.20191],[136.85967,35.20104],[136.85987,35.20089],[136.86042,35.20048],[136.86173,35.19932],[136.86146333333332,35.19953],[136.86224,35.19879],[136.86282,35.19805],[136.86333,35.19731],[136.86378,35.19659],[136.86432,35.19565],[136.8646,35.19513],[136.86466,35.19502],[136.86471,35.19491],[136.86501,35.19432],[136.86532,35.19363],[136.86575,35.1926],[136.86613,35.19173],[136.8666,35.19064],[136.86703,35.18967],[136.86748,35.18893],[136.86794,35.18833],[136.8685,35.18772],[136.86875,35.18747],[136.86962,35.18661],[136.87205,35.18445],[136.87349,35.1831],[136.87374,35.18285],[136.87517,35.18152],[136.87557,35.18112],[136.87593,35.18076],[136.8761,35.18058],[136.87697,35.17965],[136.87773,35.17869],[136.87836,35.17763],[136.87854,35.17733],[136.87867,35.17712],[136.87913,35.1762],[136.87917,35.17613],[136.87926,35.17595],[136.8797,35.17507],[136.87992,35.1746],[136.87999,35.17443],[136.88005,35.1743],[136.8802,35.17414],[136.88056,35.17375],[136.88085,35.17344],[136.88155,35.17257],[136.88165,35.17239],[136.88204,35.17163],[136.88202,35.17166],[136.88284,35.17005],[136.88293,35.16989],[136.88314,35.16944],[136.88332,35.16903],[136.8835,35.16862],[136.88366,35.16824],[136.88384,35.16784],[136.88411,35.16724],[136.88437,35.16667],[136.88444,35.16653],[136.88477,35.16584],[136.885,35.1653],[136.88525,35.16465],[136.88547,35.16405],[136.88556,35.16368],[136.88572,35.16309],[136.88588,35.16254],[136.88598,35.16211],[136.88621,35.16122],[136.88624,35.16109],[136.88635,35.16077],[136.88654,35.15983],[136.88671,35.15919],[136.8868,35.15883],[136.88701,35.15796],[136.88715,35.15732],[136.88733,35.15655],[136.8875,35.15582],[136.88769,35.15505],[136.88788,35.15434],[136.88802,35.15383],[136.88807,35.15361],[136.8881,35.15345],[136.88835,35.1525],[136.88842,35.15216],[136.88877,35.1508],[136.88884,35.15053],[136.88915,35.14968],[136.88935,35.14923],[136.88961,35.14874],[136.88978,35.14846],[136.88998,35.14816],[136.89029,35.14773],[136.89055,35.14744],[136.89086,35.14714],[136.89115,35.14689],[136.89148,35.14665],[136.89177,35.14644],[136.89204,35.14625],[136.89235,35.14608],[136.89264,35.14593],[136.89341,35.14556],[136.89377,35.1454],[136.8942,35.14523],[136.89449,35.14513],[136.89485,35.14499],[136.89545,35.14477],[136.89626,35.14447],[136.89712,35.14414],[136.89808,35.14381],[136.8988,35.14356],[136.89964,35.14326],[136.90122,35.14265],[136.90089666666665,35.14277333333333],[136.90183,35.14241],[136.90217,35.14225],[136.90266,35.14193],[136.90318,35.14158],[136.90348,35.14139],[136.90377,35.14116],[136.9042,35.14085],[136.9046,35.14055],[136.90494,35.14025],[136.90507,35.14016],[136.9055,35.13978],[136.90571,35.13953],[136.90599,35.13923],[136.90629,35.1389],[136.90654,35.1386],[136.90672,35.13836],[136.90696,35.13807],[136.90712,35.13782],[136.90731,35.1375],[136.90746,35.13729],[136.90755,35.13712],[136.90777,35.13675],[136.90815,35.13597],[136.90827,35.13571],[136.90839,35.13545],[136.90842,35.13539],[136.90862,35.13496],[136.90887,35.1343],[136.90895,35.13411],[136.90908,35.13381],[136.90946,35.13288],[136.90955,35.13265],[136.90974,35.13216],[136.91009,35.13126],[136.91015,35.13111],[136.91053,35.13018],[136.910675,35.129802500000004],[136.91091,35.12921],[136.91111,35.12871],[136.91137,35.12804],[136.91155,35.12756],[136.91186,35.12675],[136.912,35.12637],[136.91204,35.12628],[136.91215,35.126],[136.91253,35.12502],[136.91291,35.12399],[136.91305,35.12367],[136.91346,35.12255],[136.91398,35.12124],[136.91414,35.12082],[136.91447,35.11997],[136.91462,35.11959],[136.91473,35.1193],[136.91504,35.11852],[136.91524,35.11798],[136.91541,35.11752],[136.91543,35.11747],[136.91558,35.11705],[136.91568,35.11678],[136.91583,35.11639],[136.91654,35.11458],[136.91658,35.11447],[136.91664,35.11434],[136.91694,35.11354],[136.91739,35.11243],[136.91749,35.11215],[136.91759,35.11191],[136.9176,35.1119],[136.91798,35.11105],[136.9181,35.11079],[136.91831,35.11039],[136.91867,35.10971],[136.91881,35.10944],[136.91913,35.10881],[136.91938,35.10835],[136.91982,35.10749],[136.92013,35.10691],[136.92033,35.10653],[136.92078,35.1057],[136.92098,35.10532],[136.92109,35.10513],[136.92129,35.10475],[136.9213,35.10472],[136.92153,35.10426],[136.92184,35.1037],[136.92216,35.10308],[136.92232,35.10277],[136.92267,35.10211],[136.92305,35.10141],[136.92327,35.10098],[136.92339,35.10071],[136.92361,35.10027],[136.92379,35.09993],[136.92426,35.09911],[136.9248,35.09804],[136.92559,35.09651],[136.92572,35.09624],[136.92599,35.09574],[136.92622666666668,35.09531666666666],[136.92697,35.09397],[136.92765,35.09266],[136.92801,35.09194],[136.92849,35.09108],[136.92882,35.09042],[136.92888,35.09029],[136.92902,35.09002],[136.92952,35.08907],[136.92986,35.08841],[136.93049,35.08721],[136.93082,35.08657],[136.93199,35.08443],[136.93247,35.08351],[136.93273,35.08306],[136.93277,35.08299],[136.93304,35.08248],[136.93322,35.08214],[136.93334,35.08191],[136.93344,35.08172],[136.93353,35.08155],[136.93387,35.08092],[136.93402,35.08063],[136.93409,35.08051],[136.93421,35.0803],[136.93426,35.0802],[136.93482,35.07917],[136.93491,35.079],[136.93504,35.07877],[136.93509,35.07867],[136.93543,35.07805],[136.93549,35.07793],[136.9356,35.07772],[136.93566,35.07762],[136.93597,35.07705],[136.93667,35.07575],[136.93688,35.07537],[136.93711,35.07495],[136.93768,35.0739],[136.93816,35.073],[136.93824,35.07285],[136.93845,35.07248],[136.93848,35.07242],[136.93882,35.0718],[136.93904,35.0714],[136.93908,35.07132],[136.93916,35.07116],[136.9392,35.07109],[136.93944,35.07064],[136.93947,35.07059],[136.93966,35.07025],[136.93976,35.07006],[136.94028,35.0691],[136.9408,35.06814],[136.94114,35.06751],[136.94118,35.06742],[136.9413,35.06722],[136.94131,35.06718],[136.94185,35.06618],[136.94223,35.06545],[136.94232,35.06529],[136.9426,35.06482],[136.94278,35.06452],[136.94282,35.06444],[136.94355,35.06321],[136.94535,35.06018],[136.94639,35.05848],[136.94649,35.05831],[136.94719,35.05711],[136.948415,35.054962],[136.94874,35.05443],[136.94872,35.054448],[136.949005,35.053952],[136.95041,35.05158],[136.95092,35.0507],[136.95113,35.0503],[136.9512,35.05015],[136.95136,35.04982],[136.95148,35.04954],[136.95179,35.04871],[136.95199,35.04816],[136.95207,35.04787],[136.95219,35.04739],[136.95229,35.04686],[136.95268,35.04475],[136.95276,35.04434],[136.95357,35.0404],[136.95423,35.03713],[136.95449,35.03586],[136.95451,35.03576],[136.95458,35.035365],[136.95465,35.03497],[136.95487,35.03385],[136.95529,35.03171],[136.95549,35.03075],[136.95581,35.02915],[136.95617,35.02735],[136.95642,35.02607],[136.95661,35.0251],[136.95723,35.02208],[136.95796,35.01837],[136.9582,35.01717],[136.95842,35.01606],[136.95862,35.01512],[136.95873,35.0147],[136.95882,35.01442],[136.95892,35.01417],[136.95905,35.01384],[136.9591,35.01371],[136.95932,35.01323],[136.95964,35.01252],[136.96011,35.01167],[136.96057,35.01085],[136.96141,35.00938],[136.961805,35.008695],[136.9622,35.00801],[136.96295,35.00692],[136.96298,35.00688],[136.9635,35.00614],[136.96371,35.00587],[136.96395,35.00558],[136.96415,35.00535],[136.96516,35.0045],[136.96558,35.00415],[136.96601,35.00382],[136.96656,35.00347],[136.96697,35.00325],[136.96746,35.00293],[136.96776,35.00279],[136.96877,35.00225],[136.97077,35.00137],[136.97127,35.00117],[136.97243,35.00069],[136.9735,35.00028],[136.97412,35.00006],[136.97478,34.99981],[136.97643,34.99937],[136.97717,34.99919],[136.9778,34.99905],[136.97858,34.9989],[136.97898,34.99885],[136.97944,34.99882],[136.98015,34.99881],[136.98128,34.99885],[136.98174,34.99886],[136.98302,34.9989],[136.98393,34.99893],[136.98528,34.99895],[136.98584,34.99893],[136.98711,34.99888],[136.98799,34.9988],[136.98848,34.99871],[136.98991,34.99841],[136.99054,34.998235],[136.99117,34.99806],[136.99153,34.99795],[136.99181,34.99786],[136.99704,34.99579],[136.99984,34.99467],[137.00236,34.99367],[137.00406,34.993],[137.00416,34.99296],[137.00426,34.99292],[137.00439,34.99287],[137.00568,34.99237],[137.00666,34.99199],[137.00743,34.99169],[137.00787,34.99153],[137.00970999999998,34.990804999999995],[137.01155,34.99008],[137.01252,34.9897],[137.01324,34.98941],[137.01438,34.98896],[137.01537,34.98857],[137.01569,34.98845],[137.01597,34.98834],[137.01619,34.98826],[137.01803,34.98751],[137.01962,34.9869],[137.01979,34.98683],[137.02025,34.98664],[137.02083,34.98641],[137.02092,34.98638],[137.0218,34.98602],[137.02235,34.9858],[137.02347,34.98536],[137.024,34.98514],[137.02467,34.98488],[137.02503,34.98475],[137.02618,34.98429],[137.02674,34.98406],[137.02756,34.98374],[137.02821,34.98349],[137.02817666666667,34.9835],[137.02876,34.98327],[137.02908,34.98315],[137.02981,34.98285],[137.03027,34.98266],[137.03079,34.98246],[137.03107,34.98235],[137.03238,34.98182],[137.03337,34.98143],[137.03448,34.98098],[137.0352,34.98069],[137.0354,34.98062],[137.03565,34.98052],[137.03587,34.98044],[137.03708,34.97995],[137.0372,34.9799],[137.03746,34.9798],[137.03771,34.9797],[137.03801,34.97958],[137.03868,34.97931],[137.0399,34.97883],[137.0407,34.97852],[137.0409,34.97844],[137.04181,34.97807],[137.04228,34.97788],[137.043635,34.977355],[137.04499,34.97683],[137.04647,34.97624],[137.04759,34.97579],[137.04818,34.97556],[137.04869,34.97536],[137.05046,34.97465],[137.05092,34.97447],[137.0527,34.97374],[137.05305,34.97361],[137.05375,34.97332],[137.05442,34.97306],[137.05505,34.97281],[137.05642,34.97226],[137.05658,34.97219],[137.05783,34.97171],[137.05863,34.9714],[137.05986,34.97091],[137.06037,34.97071],[137.0605,34.97065],[137.06069,34.97058],[137.06095000000002,34.970475],[137.0613,34.97033],[137.06298,34.96967],[137.06407,34.96924],[137.06482,34.96893],[137.06549,34.96868],[137.06584,34.96854],[137.06587,34.96853],[137.06607,34.96845],[137.06626,34.96838],[137.06641,34.96832],[137.06693,34.9681],[137.06782,34.96774],[137.06847,34.96749],[137.06953,34.96707],[137.07,34.96689],[137.07082,34.96657],[137.07129,34.96639],[137.07236,34.96596],[137.07262,34.96585],[137.07363,34.96546],[137.07466,34.96504],[137.07518,34.96483],[137.07529,34.96479],[137.07623,34.96443],[137.07639,34.96437],[137.07693,34.96415],[137.07777,34.96381],[137.07846,34.96354],[137.07953,34.96312],[137.08024,34.96285],[137.08037,34.9628],[137.08116,34.96249],[137.08205,34.96213],[137.08245,34.96197],[137.08324,34.96168],[137.08338,34.96163],[137.08367,34.9615],[137.08492,34.96102],[137.08592,34.96063],[137.08641,34.96045],[137.08642,34.96044],[137.08708,34.96019],[137.08777,34.95991],[137.0878,34.9599],[137.08858,34.95958],[137.0888,34.9595],[137.08954,34.9592],[137.08999,34.95901],[137.09173,34.95832],[137.09181,34.95829],[137.09244,34.95805],[137.09328,34.95773],[137.09363,34.95759],[137.0952,34.95699],[137.09576,34.95675],[137.0963,34.95653],[137.0973,34.95615],[137.09774,34.95597],[137.09831,34.95574],[137.09886,34.95552],[137.09904,34.95545],[137.09924,34.95536],[137.09946,34.95528],[137.09967,34.9552],[137.10119,34.95458],[137.10126,34.95456],[137.10228,34.95415],[137.10358,34.95364],[137.10428,34.95336],[137.10589,34.95273],[137.10633,34.95256],[137.10661,34.95245],[137.1079,34.95193],[137.1084,34.95174],[137.10964,34.95125],[137.10974,34.95121],[137.11096,34.95073],[137.11121,34.95064],[137.11163,34.95048],[137.11255,34.95012],[137.11374,34.94966],[137.11447,34.94936],[137.11563,34.94893],[137.11614,34.94876],[137.11623,34.94873],[137.11655,34.94863],[137.11725,34.94841],[137.11774,34.94826],[137.11852,34.94802],[137.11879,34.94794],[137.11903,34.94787],[137.11974,34.94765],[137.12001,34.94757],[137.12023,34.9475],[137.12031,34.94747],[137.12111,34.94723],[137.12123,34.94719],[137.12141,34.94714],[137.12163,34.94708],[137.12181,34.94703],[137.12197,34.94699],[137.12203,34.94697],[137.12229,34.94688],[137.123155,34.946619999999996],[137.12402,34.94636],[137.12531,34.94598],[137.12605,34.94576],[137.1271,34.94542],[137.12824,34.94506],[137.12898,34.94483],[137.12938,34.9447],[137.12964,34.94462],[137.12972,34.9446],[137.13032,34.9444],[137.1312,34.94412],[137.1321,34.94385],[137.1327,34.94365],[137.13331,34.94347],[137.13405,34.94324],[137.13486,34.94298],[137.13647,34.94247],[137.13807,34.94196],[137.1383,34.9419],[137.139,34.9417],[137.14016,34.94139],[137.14033,34.94134],[137.14054,34.94128],[137.14128,34.94106],[137.14172,34.94093],[137.14334,34.94047],[137.14464,34.94008],[137.14588,34.93972],[137.14651,34.93953],[137.14689,34.93942],[137.1479,34.93911],[137.14839,34.93894],[137.14898,34.9387],[137.14904,34.93868],[137.14929,34.93857],[137.14952,34.93847],[137.15017,34.93816],[137.15033,34.93808],[137.15118,34.93763],[137.15166,34.93733],[137.15229,34.93692],[137.15286,34.93649],[137.15328,34.93613],[137.15365,34.93577],[137.15417,34.93525],[137.15451,34.93485],[137.15493,34.93433],[137.15527,34.93384],[137.15577,34.93301],[137.15613,34.93229],[137.15625,34.93201],[137.15638,34.93171],[137.15654,34.93131],[137.15665,34.93101],[137.15677,34.93049],[137.15683,34.93024],[137.15685,34.93017],[137.15691,34.92957],[137.15694,34.92937],[137.15697,34.92906],[137.15706,34.92819],[137.15709,34.92777],[137.15715,34.92679],[137.15716,34.92666],[137.15723333333332,34.925783333333335],[137.15739,34.9239],[137.15749,34.92287],[137.15759,34.92163],[137.1576,34.92154],[137.15768,34.92066],[137.15772,34.92031],[137.15774,34.91993],[137.1579,34.91807],[137.15809,34.9155],[137.15819,34.91423],[137.1582,34.91401],[137.15823,34.91364],[137.15825,34.91345],[137.15832,34.91266],[137.15858,34.90928],[137.15879,34.90662],[137.15891,34.90483],[137.15896,34.90417],[137.15922,34.90097],[137.1594,34.89863],[137.15959,34.89645],[137.15964,34.89584],[137.15977,34.89409],[137.15978,34.89393],[137.15987,34.89288],[137.15993,34.89223],[137.15994,34.89202],[137.15997,34.89162],[137.16017,34.88923],[137.160193,34.888989],[137.160271,34.8880425],[137.160349,34.887096],[137.16038,34.88669],[137.16043,34.88608],[137.16046,34.88577],[137.16051,34.88513],[137.16069,34.88299],[137.16088,34.88094],[137.16102,34.87911],[137.16114,34.87797],[137.16118,34.87757],[137.16122,34.87707],[137.16141,34.87529],[137.16152,34.87421],[137.16157,34.87376],[137.16169,34.87241],[137.1618,34.87093],[137.16185,34.87047],[137.16196,34.86911],[137.16206,34.86869],[137.16245,34.86701],[137.16289,34.86528],[137.16292,34.86517],[137.16296,34.86502],[137.16337,34.8634],[137.16376,34.86199],[137.16411,34.8608],[137.16448,34.85963],[137.16446333333332,34.859653333333334],[137.1648,34.85853],[137.16506,34.85756],[137.16515,34.85722],[137.16519,34.85708],[137.16546,34.85612],[137.16563,34.85551],[137.16571,34.85523],[137.16578,34.85497],[137.16615,34.85362],[137.16622,34.85335],[137.16652,34.8523],[137.1669,34.8509],[137.16736,34.8493],[137.16767,34.84819],[137.16774,34.84793],[137.16786,34.84759],[137.16796,34.84734],[137.16812,34.84702],[137.16835,34.84663],[137.16869,34.84612],[137.16917,34.84541],[137.16943,34.84507],[137.16972,34.84467],[137.1701,34.8442],[137.17112,34.84286],[137.17228,34.84134],[137.17323,34.8401],[137.1745,34.83852],[137.1754,34.83748],[137.17632,34.83661],[137.17649,34.83646],[137.1765475,34.8364325],[137.17798,34.83518],[137.17949,34.83391],[137.18093,34.83273],[137.18317,34.8309],[137.18393,34.83035],[137.1848,34.82975],[137.18535,34.82941],[137.18605,34.82902],[137.18674,34.82864],[137.18706,34.82848],[137.18767,34.8282],[137.18811,34.82802],[137.18871,34.82779],[137.18977,34.82739],[137.19099,34.82694],[137.19216,34.82652],[137.19373,34.82593],[137.19457,34.82562],[137.19563,34.82524],[137.19566,34.82523],[137.19628,34.82502],[137.1967,34.82492],[137.19711,34.82484],[137.19735,34.82482],[137.19782,34.82479],[137.19867,34.82475],[137.19945,34.82481],[137.20007,34.82489],[137.20071,34.82507],[137.20156,34.82544],[137.20150333333333,34.825426666666665],[137.20224,34.82577],[137.20288,34.82605],[137.20406,34.82655],[137.20429,34.82663],[137.20469,34.82675],[137.20509,34.82684],[137.20597,34.827],[137.2062,34.82703],[137.20659,34.82705],[137.20716,34.82704],[137.2074,34.82703],[137.20787,34.82696],[137.20819,34.82691],[137.20833,34.82688],[137.209,34.82675],[137.20974,34.82658],[137.21098,34.8263],[137.21206,34.82607],[137.21319,34.82582],[137.21455,34.82554],[137.21563,34.8253],[137.21597,34.82522],[137.21615,34.82518],[137.21746,34.8249],[137.21894,34.82458],[137.22049,34.82425],[137.22174,34.82398],[137.22336,34.82363],[137.22474,34.82333],[137.22557,34.82314],[137.22632,34.82295],[137.22716,34.82278],[137.227378,34.822736],[137.22864,34.82246],[137.2292,34.82235],[137.22978,34.82223],[137.23114,34.82193],[137.2326,34.82162],[137.23424,34.82126],[137.23598,34.8209],[137.23682,34.82073],[137.23708,34.82067],[137.23718,34.82065],[137.23836,34.82042],[137.23891,34.82031],[137.23919,34.82025],[137.23958,34.82018],[137.24012,34.82006],[137.24128,34.81984],[137.24254,34.81958],[137.24294,34.8195],[137.24313,34.81946],[137.24324,34.81944],[137.24423,34.81925],[137.24551,34.81898],[137.24586,34.81892],[137.24611,34.81887],[137.24656,34.81879],[137.24671,34.81877],[137.24702,34.8187],[137.24788,34.81854],[137.24775333333332,34.81856833333334],[137.24884,34.81836],[137.24951,34.81825],[137.25003,34.81816],[137.25038,34.81809],[137.25104,34.81796],[137.25162,34.81785],[137.25243,34.81769],[137.25291,34.81761],[137.25337,34.81752],[137.25376,34.81744],[137.25414,34.81737],[137.25451,34.81729],[137.25476,34.81724],[137.25492,34.81722],[137.25509,34.81719],[137.2553,34.81715],[137.25567,34.81708],[137.25633,34.81699],[137.2568,34.81692],[137.25708,34.81687],[137.25741,34.81683],[137.25783,34.81678],[137.25818,34.81673],[137.25873,34.81667],[137.25942,34.81658],[137.25991,34.81651],[137.26048,34.81642],[137.26108,34.81633],[137.26114,34.81631],[137.26138,34.81626],[137.26173,34.81618],[137.26205,34.81609],[137.26225,34.81603],[137.26272,34.81587],[137.26306,34.81578],[137.26336,34.81567],[137.26362,34.81559],[137.2638,34.81553],[137.26389,34.81549],[137.26415,34.81541],[137.2644,34.81532],[137.26466,34.81523],[137.26491,34.81515],[137.26516,34.81505],[137.2654,34.81496],[137.26564,34.81487],[137.26591,34.81478],[137.26662,34.81451],[137.26687,34.81442],[137.26705,34.81436],[137.26725,34.8143],[137.2677,34.81416],[137.26814,34.81401],[137.26851,34.8139],[137.26898,34.81378],[137.26921,34.81374],[137.26944,34.81369],[137.26971,34.81367],[137.27001,34.81366],[137.27037,34.81365],[137.27101,34.81366],[137.27156,34.81368],[137.27192,34.8137],[137.27215,34.81372],[137.27262,34.81377],[137.2732,34.81382],[137.27388,34.81389],[137.27466,34.81396],[137.27521,34.81401],[137.27567,34.81406],[137.27586,34.81408],[137.27618,34.81411],[137.27652,34.81415],[137.27663,34.81415],[137.27692,34.81418],[137.27702,34.81419],[137.27712,34.8142],[137.2776,34.81426],[137.27804,34.81435],[137.2784,34.81441],[137.27907,34.81453],[137.27962,34.81465],[137.27983,34.81471],[137.28024,34.81483],[137.28041,34.81489],[137.28087,34.81505],[137.28173,34.81534],[137.28213,34.81548],[137.28252,34.81562],[137.28308,34.81582],[137.282956,34.815772],[137.28338,34.81593],[137.28367,34.81601],[137.28394,34.81609],[137.28431,34.81617],[137.28464,34.81623],[137.28507,34.8163],[137.28565,34.81637],[137.2865,34.81646],[137.28715,34.81651],[137.28825,34.81659],[137.28892,34.81664],[137.28953,34.81668],[137.28976,34.8167],[137.29019,34.81673],[137.29048,34.81675],[137.29089,34.81677],[137.29118,34.81679],[137.29145,34.81681],[137.29171,34.81682],[137.29189,34.81684],[137.29212,34.81686],[137.2924,34.81688],[137.29249,34.81688],[137.29258,34.81688],[137.29298,34.81692],[137.29337,34.81695],[137.29349,34.81696],[137.2938,34.81698],[137.29415,34.81701],[137.295,34.81705],[137.29562,34.8171],[137.29583,34.81711],[137.29669,34.81712],[137.29733,34.81712],[137.29759,34.81711],[137.29779,34.8171],[137.29802,34.81709],[137.29855,34.81706],[137.29899,34.817],[137.29939,34.81693],[137.29949,34.81691],[137.30035,34.81673],[137.301,34.81657],[137.30145,34.81645],[137.30234,34.81621],[137.30311,34.81602],[137.30437,34.8157],[137.30513,34.81551],[137.30628,34.81522],[137.30671,34.81511],[137.30721,34.81498],[137.30766,34.81486],[137.30833,34.8147],[137.30877,34.81459],[137.30944,34.81443],[137.3098,34.81433],[137.30998,34.81428],[137.31018,34.81423],[137.31032,34.8142],[137.3106,34.81412],[137.31091,34.81404],[137.31125,34.81396],[137.31202,34.81375],[137.31271,34.81357],[137.31341,34.81339],[137.3139,34.81327],[137.31478,34.81303],[137.31534,34.81288],[137.31658499999998,34.812585],[137.31783,34.81229],[137.3181,34.81222],[137.31955,34.81187],[137.32108,34.81149],[137.32145,34.8114],[137.3218,34.81131],[137.32197,34.81128],[137.32217,34.81123],[137.32234,34.81119],[137.32285,34.81107],[137.32319,34.81097],[137.3235,34.81088],[137.32378,34.81078],[137.32398,34.81072],[137.32425,34.81061],[137.32457,34.81049],[137.32484,34.81038],[137.32504,34.81029],[137.32522,34.81021],[137.32541,34.81013],[137.32572,34.81],[137.32599,34.80987],[137.32639,34.80968],[137.32696,34.80939],[137.32751,34.80914],[137.32819,34.80881],[137.32874,34.80855],[137.32954,34.80815],[137.32997,34.80795],[137.33037,34.80775],[137.33077,34.80756],[137.33119,34.80736],[137.33161,34.80716],[137.33211,34.80691],[137.33243,34.80676],[137.3327,34.80664],[137.33286,34.80656],[137.33307,34.80646],[137.33313,34.80643],[137.3332,34.80639],[137.33332,34.80633],[137.33352,34.80624],[137.33385,34.80608],[137.33399,34.80601],[137.33419,34.8059],[137.33508,34.80549],[137.3357,34.80519],[137.33632,34.8049],[137.33675,34.8047],[137.33723,34.80447],[137.33755,34.80431],[137.33775,34.80422],[137.33815,34.80402],[137.33855,34.80383],[137.33881,34.80369],[137.33896,34.80362],[137.33919,34.80352],[137.33933,34.80344],[137.33976,34.80324],[137.34046,34.80292],[137.34169,34.80232],[137.34228,34.80204],[137.34236,34.802],[137.34324,34.80158],[137.34411,34.80117],[137.34477,34.80085],[137.34571,34.8004],[137.34637,34.80009],[137.34735,34.79962],[137.34801,34.79929],[137.3488,34.79892],[137.34931,34.79866],[137.34994,34.79836],[137.3504,34.79813],[137.35091,34.79789],[137.35151,34.79759],[137.35181,34.79744],[137.35243,34.79716],[137.35273,34.7970125],[137.35312,34.79684],[137.35356,34.79661],[137.35413,34.79635],[137.35461,34.79612],[137.35519,34.79583],[137.3557,34.79559],[137.35618,34.79535],[137.35683,34.79501],[137.35743,34.79469],[137.35805,34.79433],[137.35843,34.7941],[137.35886,34.79386],[137.3594,34.79353],[137.35973,34.79332],[137.35993,34.79319],[137.36011,34.79304],[137.3603,34.7929],[137.36041,34.79281],[137.36062,34.79266],[137.36109,34.7923],[137.36115,34.79225],[137.36144,34.79199],[137.36187,34.79163],[137.36233,34.79122],[137.36239,34.79117],[137.36259,34.79098],[137.36272,34.79087],[137.36293,34.79066],[137.36343,34.7902],[137.36378,34.78985],[137.36386,34.78977],[137.36433,34.7893],[137.36472,34.78891],[137.36501,34.7886],[137.3656,34.78796],[137.36607,34.78741],[137.36643,34.78696],[137.36649,34.78688],[137.36662,34.78669],[137.36678,34.78648],[137.36718,34.78597],[137.36759,34.78531],[137.3682,34.78433],[137.36834,34.78412],[137.36849,34.78389],[137.36866,34.78364],[137.369,34.78312],[137.36916,34.78287],[137.36919,34.78282],[137.36965,34.78211],[137.36972,34.78201],[137.36983,34.78185],[137.36985,34.78181],[137.37037,34.78101],[137.37058,34.78067],[137.37066,34.78056],[137.37074,34.78041],[137.37079,34.78033],[137.37119,34.77972],[137.37169,34.77897],[137.37194,34.77858],[137.37201,34.77848],[137.37223,34.77816],[137.3728,34.77731],[137.3737,34.77594],[137.37425,34.77511],[137.3744,34.77487],[137.37471,34.77441],[137.37583,34.77268],[137.37678,34.77123],[137.37786,34.76955],[137.37823,34.76898],[137.3784,34.76873],[137.379,34.76781],[137.3797,34.76675],[137.37988,34.76646],[137.38043,34.7656],[137.38091,34.76483],[137.38112,34.76451],[137.38141,34.76404],[137.38172,34.76354],[137.38175,34.7635],[137.38294,34.76166],[137.38267333333332,34.762069999999994],[137.38333,34.76105],[137.38344,34.76087],[137.38352,34.76075],[137.38362,34.7606],[137.38399,34.76011],[137.38418,34.7598],[137.38479,34.75884],[137.38506,34.75846],[137.38564,34.75753],[137.38634,34.75639],[137.38719,34.75501],[137.38775,34.75412],[137.38777,34.7541],[137.38791,34.75388],[137.38824,34.75329],[137.38836,34.75309],[137.38864,34.7527],[137.38895,34.75235],[137.38947,34.75182],[137.39018,34.75119],[137.39242,34.74906],[137.39425,34.74731],[137.39506,34.74652],[137.39523,34.74636],[137.39524,34.74634],[137.39541,34.74618],[137.39613,34.7455],[137.39768,34.74405],[137.39802,34.74374],[137.39884,34.74306],[137.39891,34.74301],[137.39957,34.74246],[137.40012,34.74209],[137.40333,34.7401],[137.40583,34.73857],[137.40764,34.73747],[137.40773,34.73741],[137.41033,34.7358],[137.414,34.73354],[137.41525,34.73278],[137.41648,34.73204],[137.41709,34.73173],[137.41763,34.73147],[137.41829,34.73119],[137.41933,34.73079],[137.42005,34.73056],[137.42105,34.73029],[137.42276,34.72986],[137.4268,34.72882],[137.42877,34.72832],[137.42948,34.72815],[137.43202,34.7275],[137.43382,34.72704],[137.43612,34.72646],[137.43738,34.72614],[137.43887,34.725795000000005],[137.44036,34.72545],[137.44044,34.72543],[137.44176,34.72513],[137.44335,34.72476],[137.44361,34.7247],[137.44693,34.72392],[137.4482,34.72361],[137.45045,34.72309],[137.45322,34.72244],[137.45401,34.72229],[137.4542,34.72226],[137.45549,34.7221],[137.45656,34.72207],[137.45766,34.72211],[137.45883,34.7222],[137.46024,34.72231],[137.46503,34.72274],[137.46584,34.72282],[137.472,34.72333],[137.47346,34.72345],[137.47606,34.72368],[137.47903,34.72395],[137.47993,34.72397],[137.48036,34.72393],[137.48068,34.7239],[137.48213,34.72365],[137.48223,34.72364],[137.4833,34.72347],[137.48348,34.72344],[137.484455,34.723259999999996],[137.48543,34.72308],[137.48564,34.72304],[137.48615,34.72294],[137.48839,34.72249],[137.49385,34.72144],[137.49519,34.72119],[137.497,34.72083],[137.49719,34.72081],[137.49867,34.72058],[137.49928,34.72047],[137.50088,34.72018],[137.50382,34.7197],[137.50406,34.71967],[137.50448,34.71966],[137.50483,34.71967],[137.50561,34.71975],[137.51011,34.72069],[137.51249,34.72119],[137.51299,34.72128],[137.51329,34.72132],[137.51356,34.72135],[137.51392,34.72139],[137.51499,34.72144],[137.51681,34.72147],[137.5196,34.7215],[137.52109,34.72151],[137.52193,34.72152],[137.5225,34.72153],[137.52327,34.72155],[137.52893,34.72156],[137.52916,34.72156],[137.52939,34.72156],[137.53186,34.72157],[137.53361,34.72155],[137.53488,34.72154],[137.53529,34.72152],[137.5359,34.72145],[137.5362,34.72141],[137.53647,34.72135],[137.53682,34.72124],[137.53742,34.72097],[137.53878,34.72035],[137.53996,34.71979],[137.54304,34.7183],[137.54466,34.71752],[137.54483,34.71744],[137.54504,34.71733],[137.54619,34.71677],[137.54734,34.71621],[137.54826,34.71584],[137.54897,34.71548],[137.54968,34.71503],[137.55031,34.71461],[137.55075,34.71428],[137.55125,34.71381],[137.55158,34.71347],[137.55203,34.71296],[137.55281,34.71199],[137.55307,34.71162],[137.55322,34.71138],[137.5533,34.7112],[137.55345,34.71085],[137.55355,34.71053],[137.55372,34.70981],[137.55381,34.70949],[137.55388,34.70923],[137.55403,34.70861],[137.55421,34.70792],[137.55443,34.70695],[137.55471,34.70583],[137.55517,34.70395],[137.55579,34.70151],[137.55589,34.7011],[137.55594,34.70086],[137.55596,34.70076],[137.55604,34.70048],[137.5561,34.70027],[137.5562,34.69991],[137.55633,34.69954],[137.55652,34.69923],[137.5571,34.69855],[137.55777,34.69782],[137.55912,34.69649],[137.5595,34.69616],[137.55979,34.69596],[137.56009,34.69581],[137.56039,34.69567],[137.5608,34.69549],[137.56092,34.69544],[137.56131,34.69531],[137.56143,34.69526],[137.56224,34.69498],[137.56275,34.69481],[137.56347,34.6946],[137.56354,34.69459],[137.56362,34.69457],[137.56389,34.69451],[137.56405,34.69448],[137.56466,34.69439],[137.56485,34.69436],[137.56644,34.69428],[137.56752,34.69427],[137.56773,34.69427],[137.56959,34.69428],[137.5688225,34.694275000000005],[137.57045,34.69428],[137.57146,34.69428],[137.5752,34.69432],[137.57706,34.69432],[137.5789,34.69436],[137.58075,34.69435],[137.58153,34.69434],[137.58258,34.69433],[137.58439,34.69432],[137.58498,34.69431],[137.58746,34.69432],[137.58914,34.69431],[137.58954,34.6943],[137.58995,34.69428],[137.5904,34.69425],[137.59134,34.69414],[137.59241,34.69397],[137.59378,34.69365],[137.59453,34.69345],[137.59521,34.69324],[137.59557,34.6931],[137.59761,34.69233],[137.59812,34.69212],[137.59833,34.69204],[137.59947,34.69159],[137.60023,34.69129],[137.60134,34.69086],[137.60165,34.69074],[137.60318,34.69011],[137.60341400000001,34.690012],[137.60375,34.68988],[137.60396,34.68978],[137.60453,34.68955],[137.60506,34.68933],[137.60652,34.68873],[137.60705,34.68851],[137.60727,34.68842],[137.60808,34.68808],[137.60923,34.68761],[137.61121,34.68678],[137.61218,34.68642],[137.61274,34.68625],[137.61359,34.68605],[137.61443,34.68589],[137.61525,34.68582],[137.61629,34.68576],[137.61764,34.68576],[137.61794,34.68576],[137.61836,34.68576],[137.62006,34.68576],[137.62199,34.68574],[137.62282,34.68573],[137.62388,34.68572],[137.6239,34.68572],[137.62502,34.68571],[137.62525,34.68571],[137.62633,34.68569],[137.62741,34.68567],[137.62911,34.68563],[137.63014,34.68561],[137.63129,34.68558],[137.63271,34.68554],[137.6345,34.68551],[137.63623,34.68546],[137.63793,34.68545],[137.63849,34.68545],[137.63931,34.68545],[137.6412,34.68543],[137.64292,34.6854],[137.64336,34.68539],[137.64369,34.68539],[137.6444,34.68537],[137.64559,34.68535],[137.64732,34.68533],[137.64852,34.68532],[137.65028,34.6853],[137.65161,34.68529],[137.65339,34.68527],[137.65477,34.68525],[137.65538,34.68525],[137.65687,34.68523],[137.65842,34.68524],[137.65877,34.68525],[137.65944,34.68531],[137.66013,34.68543],[137.66064,34.68555],[137.66123,34.68573],[137.66176,34.68595],[137.6623,34.68615],[137.66292,34.68639],[137.66391,34.68677],[137.665,34.68719],[137.66533,34.68732],[137.66711,34.68803],[137.6685,34.68857],[137.66961,34.68899],[137.67052,34.68931],[137.67102,34.68948],[137.67158,34.68964],[137.6725,34.6899],[137.67288,34.68999],[137.67324,34.69007],[137.67361,34.69015],[137.67398,34.6902],[137.67454,34.69026],[137.6752,34.69033],[137.67568,34.69035],[137.6761,34.69037],[137.67658,34.69039],[137.67748,34.6904],[137.6785,34.69042],[137.67962,34.69042],[137.68,34.69042],[137.68269,34.69043],[137.68134500000002,34.690425000000005],[137.68388,34.69044],[137.685,34.69043],[137.68613,34.69043],[137.68762,34.69042],[137.68895,34.69042],[137.69061,34.69041],[137.69176,34.69041],[137.69325,34.69041],[137.69377,34.69041],[137.69492,34.69041],[137.69549,34.69041],[137.69608,34.69042],[137.69734,34.69042],[137.69779,34.69042],[137.69818,34.69045],[137.69825,34.69046],[137.69884,34.69053],[137.69998,34.69069],[137.70081,34.69082],[137.70166,34.69099],[137.70281,34.69121],[137.70322,34.6913],[137.70375,34.69142],[137.70454,34.69161],[137.70518,34.69175],[137.70596,34.69197],[137.70683,34.69222],[137.7075,34.69243],[137.70868,34.69277],[137.7093,34.69296],[137.70938,34.69298],[137.70955,34.69303],[137.71009,34.69318],[137.71093,34.69343],[137.71205,34.69375],[137.71299,34.69403],[137.71382,34.69428],[137.71447,34.69447],[137.71531,34.6947],[137.71584,34.69486],[137.71614,34.69493],[137.71642,34.695],[137.71728,34.69522],[137.71793,34.6954],[137.71856,34.69557],[137.7191,34.69572],[137.71934,34.69579],[137.71991,34.69595],[137.72051,34.69611],[137.7212,34.6963],[137.72182,34.69647],[137.72247,34.69665],[137.72292,34.69677],[137.72351,34.69693],[137.72399,34.69708],[137.72455,34.69728],[137.72511,34.6975],[137.72556,34.69769],[137.72616,34.69798],[137.7266,34.69823],[137.72669,34.69829],[137.72694,34.69843],[137.72702,34.69848],[137.72748,34.69879],[137.7279,34.6991],[137.72851,34.69953],[137.72895,34.69987],[137.72955,34.70032],[137.73014,34.70077],[137.73064,34.70115],[137.73109,34.70149],[137.73164,34.70191],[137.73197,34.70216],[137.7323,34.70239],[137.73253,34.70257],[137.73304,34.70291],[137.73349,34.70321],[137.73383,34.7034],[137.73431,34.70366],[137.73513,34.7041],[137.7351175,34.70406]]}},{"type":"Feature","properties":{"line_name":"JR中央線(名古屋~中津川)"},"geometry":{"type":"LineString","coordinates":[[136.8816625,35.1714025],[136.8824,35.16994],[136.88242,35.16989],[136.88273,35.16937],[136.88297,35.1689],[136.88309,35.16869],[136.88353,35.1679],[136.88379,35.16738],[136.88417,35.1666],[136.88459,35.16572],[136.885,35.16473],[136.88524,35.16407],[136.88541,35.16345],[136.88561,35.16275],[136.88577,35.16211],[136.88601,35.16116],[136.88612,35.16072],[136.88637,35.15967],[136.8865,35.15917],[136.88658,35.15881],[136.88668,35.15845],[136.88687,35.15768],[136.88714,35.15649],[136.88769,35.15431],[136.88786,35.15361],[136.88798,35.15306],[136.88808,35.15248],[136.88821,35.15164],[136.88828,35.15126],[136.88834,35.15087],[136.88839,35.15078],[136.88842,35.15072],[136.8885,35.15059],[136.88864,35.15036],[136.88884,35.15004],[136.88957,35.14938],[136.88985,35.14908],[136.89045,35.14821],[136.89065,35.14796],[136.89095,35.14765],[136.8915,35.14714],[136.89202,35.14672],[136.89247,35.14639],[136.89265,35.14626],[136.89293,35.14609],[136.89341,35.14586],[136.89435,35.14548],[136.89473,35.14534],[136.89532,35.14511],[136.89562,35.14499],[136.89731,35.14441],[136.89777,35.14425],[136.89791,35.1442],[136.89869,35.14396],[136.8998,35.14362],[136.9019,35.14297],[136.90089666666665,35.14277333333333],[136.90224,35.14293],[136.90279,35.14288],[136.90326,35.14291],[136.90373,35.14296],[136.9041,35.14302],[136.90438,35.14306],[136.90458,35.1431],[136.90464,35.14312],[136.90468,35.14313],[136.90472,35.14314],[136.90477,35.14316],[136.90486,35.1432],[136.90508,35.1433],[136.90555,35.14355],[136.90578,35.14371],[136.90597,35.14385],[136.9062,35.14407],[136.90645,35.14432],[136.90728,35.14522],[136.90864,35.1467],[136.90944,35.14756],[136.90965,35.14778],[136.90979,35.14793],[136.91,35.14816],[136.91027,35.14846],[136.91036,35.14855],[136.91097,35.1492],[136.9115,35.14978],[136.91195,35.15027],[136.91278,35.15116],[136.91375,35.15221],[136.9143,35.1528],[136.91482,35.15337],[136.91542,35.15402],[136.91607,35.15475],[136.91662,35.1553],[136.91732,35.15607],[136.91739,35.15614],[136.91896,35.15785],[136.91817500000002,35.156995],[136.91904,35.15793],[136.91963,35.15858],[136.92022,35.15921],[136.92075,35.1598],[136.92109,35.16016],[136.92119,35.16027],[136.92145,35.16054],[136.92199,35.16113],[136.9221,35.16125],[136.92237,35.16154],[136.92248,35.16166],[136.92276,35.16197],[136.92324,35.16249],[136.92362,35.16291],[136.92429,35.16362],[136.92494,35.16435],[136.92545,35.16491],[136.92598,35.16547],[136.92638,35.16592],[136.92653,35.16609],[136.92662,35.16618],[136.92674,35.16631],[136.9277,35.16732],[136.92836,35.16804],[136.92916,35.16886],[136.92958,35.16933],[136.92974,35.16949],[136.92997,35.16973],[136.93011,35.16988],[136.93013,35.1699],[136.93025,35.17003],[136.93194,35.17182],[136.931095,35.170925],[136.93266,35.17257],[136.93355,35.17349],[136.93432,35.17429],[136.93514,35.17515],[136.93574,35.1758],[136.93603,35.17619],[136.93628,35.17658],[136.93663,35.17732],[136.93685,35.17791],[136.93694,35.17824],[136.93702,35.17861],[136.93705,35.17892],[136.93708,35.17957],[136.93711,35.18043],[136.93715,35.18343],[136.93717,35.18595],[136.93717,35.18614],[136.93717,35.18646],[136.93717,35.18696],[136.93718,35.18809],[136.93718,35.18947],[136.93718,35.19085],[136.9372,35.19136],[136.93721,35.19199],[136.93726,35.19248],[136.93731,35.19278],[136.93735,35.19295],[136.9375,35.19343],[136.93767,35.19379],[136.93799,35.19445],[136.93827,35.19482],[136.93837,35.19496],[136.93843,35.19505],[136.93868,35.19537],[136.93893,35.19559],[136.93923,35.19584],[136.93937,35.19599],[136.93969,35.19631],[136.9405,35.19688],[136.94067,35.197],[136.9408,35.19709],[136.94091,35.19717],[136.94102,35.19724],[136.94227,35.19807],[136.94236,35.19813],[136.94258,35.19828],[136.9427,35.19836],[136.94337,35.19878],[136.94405,35.19922],[136.94471,35.19964],[136.94586,35.20041],[136.94605,35.20057],[136.94686,35.20124],[136.94731,35.20167],[136.94767,35.2021],[136.9478,35.20224],[136.94854,35.20327],[136.94863,35.20342],[136.94874,35.20357],[136.94973,35.20522],[136.95005,35.20572],[136.95017,35.20592],[136.9502375,35.20604],[136.951,35.2073],[136.95117,35.2076],[136.95204,35.20911],[136.95259,35.21016],[136.95287,35.21072],[136.95297,35.21093],[136.95308,35.21115],[136.95325,35.21156],[136.95347,35.21224],[136.95351,35.21241],[136.95355,35.21261],[136.95357,35.21283],[136.9536,35.2131],[136.9536,35.21331],[136.95359,35.21364],[136.95356,35.21407],[136.9535,35.21449],[136.95338,35.21522],[136.95333,35.21541],[136.95325,35.21589],[136.95296,35.21713],[136.95277,35.21797],[136.95268,35.21847],[136.9518,35.22236],[136.95175,35.22256],[136.95169,35.22281],[136.95164,35.22338],[136.95159,35.22383],[136.9516,35.22421],[136.95169,35.22494],[136.95178,35.22531],[136.952,35.22601],[136.95209,35.22628],[136.9522,35.22645],[136.95236,35.22667],[136.95264,35.22706],[136.95284,35.22727],[136.95338,35.22774],[136.95414,35.22829],[136.95533,35.22912],[136.95759,35.23068],[136.95646,35.2299],[136.96064,35.2329],[136.96248,35.23416],[136.96287,35.23442],[136.96324,35.23459],[136.96386,35.23488],[136.96436,35.23509],[136.96647,35.23588],[136.97139,35.23777],[136.97212,35.23804],[136.97226,35.2381],[136.97244,35.23817],[136.97729,35.23999],[136.98003,35.24101],[136.98044,35.24114],[136.98142,35.24149],[136.98284,35.24201],[136.98365,35.24234],[136.98416,35.24258],[136.9855,35.24321],[136.9849525,35.242962500000004],[136.9865,35.24372],[136.98722,35.24411],[136.9898,35.24552],[136.9919,35.24667],[136.99442,35.24805],[136.99507,35.24841],[136.99528,35.24853],[136.99704,35.24949],[137.00058,35.25131],[137.00419,35.25322],[137.00627,35.25436],[137.00668,35.25459],[137.00732,35.25492],[137.00849,35.25554],[137.00939,35.25601],[137.01154,35.25718],[137.010465,35.256595000000004],[137.01243,35.25767],[137.01626,35.25975],[137.01824,35.26084],[137.01895,35.26122],[137.02011,35.26184],[137.02111,35.26235],[137.02189,35.26267],[137.02295,35.26302],[137.02428,35.26334],[137.02596,35.26359],[137.02802,35.26382],[137.02934,35.26389],[137.0301,35.26394],[137.03243,35.26402],[137.03711,35.26416],[137.03743,35.26417],[137.03755,35.26417],[137.03808,35.26418],[137.03969,35.26423],[137.04168,35.26436],[137.04483,35.26444],[137.043255,35.2644],[137.04769,35.26449],[137.04874,35.26448],[137.0501,35.26444],[137.05143,35.26443],[137.05181,35.26442],[137.05233,35.26452],[137.05282,35.26465],[137.0533,35.26483],[137.05458,35.26552],[137.0554,35.26597],[137.05584,35.26621],[137.05691,35.26659],[137.05735,35.26674],[137.058,35.26684],[137.0588,35.26693],[137.05991,35.26699],[137.06314,35.267],[137.06353,35.267],[137.06653,35.26702],[137.06744,35.26704],[137.06808,35.26708],[137.06843,35.26712],[137.06944,35.26735],[137.06976,35.26746],[137.07067,35.26787],[137.0713,35.2682],[137.07317,35.26929],[137.07373,35.26962],[137.07561,35.27075],[137.07674,35.27146],[137.07727,35.27182],[137.07788,35.27237],[137.07833,35.27282],[137.07846,35.27297],[137.07874,35.27345],[137.07904,35.27396],[137.0797,35.27505],[137.07989,35.27536],[137.08012,35.27574],[137.08036,35.27623],[137.08051,35.27662],[137.08073,35.27722],[137.08116,35.27872],[137.08094499999999,35.277969999999996],[137.08133,35.27906],[137.08149,35.27937],[137.08165,35.27962],[137.08196,35.28002],[137.08227,35.28039],[137.08241,35.28051],[137.08281,35.28094],[137.08316,35.28139],[137.08356,35.28183],[137.08398,35.28235],[137.08464,35.28313],[137.08498,35.28353],[137.08537,35.284],[137.08567,35.28435],[137.08617,35.28494],[137.08745,35.28649],[137.08797,35.2871],[137.08856,35.28781],[137.0887,35.28798],[137.08991,35.28944],[137.09093,35.29068],[137.09171,35.29161],[137.0922,35.29221],[137.09242,35.29247],[137.09279,35.29289],[137.09338,35.29362],[137.09389,35.29421],[137.0948,35.29533],[137.09521,35.2958],[137.09576,35.29646],[137.09654,35.29736],[137.09759,35.29863],[137.09867,35.29992],[137.09873,35.3],[137.09984,35.30133],[137.10028,35.30187],[137.10044,35.30209],[137.10053,35.3022],[137.10062,35.3023],[137.10079,35.30252],[137.10114,35.30293],[137.10175,35.30373],[137.10175,35.30382666666667],[137.10236,35.30482],[137.10243,35.30501],[137.10246,35.30513],[137.10254,35.30548],[137.10269,35.30672],[137.10272,35.30699],[137.10268,35.30747],[137.10262,35.30787],[137.10255,35.30828],[137.10243,35.30864],[137.10228,35.309],[137.10206,35.30941],[137.1019,35.30972],[137.10095,35.31113],[137.10048,35.31187],[137.10035,35.31215],[137.10022,35.31252],[137.10015,35.31281],[137.10006,35.31346],[137.10004,35.31386],[137.10006,35.31408],[137.10006,35.31459],[137.10015,35.3151],[137.10027,35.31555],[137.10037,35.31579],[137.10065,35.31632],[137.10098,35.31679],[137.10137,35.31742],[137.10198,35.31839],[137.10259,35.31937],[137.10322,35.32037],[137.10401,35.32165],[137.1051,35.32341],[137.10568,35.32435],[137.10632,35.32538],[137.10708,35.32661],[137.10739,35.32713],[137.10753,35.32737],[137.10777,35.3277],[137.10807,35.32803],[137.1085,35.32846],[137.10917,35.32893],[137.11008,35.32943],[137.11135,35.33008],[137.11159,35.33021],[137.11475,35.33189],[137.11522,35.33213],[137.11557,35.33232],[137.11617,35.33265],[137.11653,35.33282],[137.11804,35.33363],[137.11887,35.33408],[137.11974,35.33454],[137.120285,35.334835],[137.12117,35.33531],[137.12136,35.33541],[137.12139,35.33543],[137.12202,35.33576],[137.12286,35.33616],[137.1237,35.33655],[137.12387,35.33661],[137.12393,35.33663],[137.12437,35.33686],[137.12493,35.33719],[137.125,35.33721],[137.12521,35.33734],[137.1255,35.3375],[137.12586,35.33772],[137.1261,35.3379],[137.12627,35.33808],[137.12634,35.33813],[137.12638,35.33817],[137.12658,35.33839],[137.12664,35.33848],[137.12671,35.3386],[137.12677,35.33869],[137.12693,35.33897],[137.1271,35.33953],[137.12729,35.34035],[137.12735,35.34063],[137.12743,35.34102],[137.1275,35.34131],[137.12753,35.34143],[137.12768,35.34213],[137.12772,35.34229],[137.12787,35.34301],[137.12801,35.3436],[137.12804,35.34379],[137.12827,35.34481],[137.12858,35.34623],[137.12862,35.34649],[137.12863,35.34654],[137.12866,35.34666],[137.12869,35.34678],[137.12878,35.34713],[137.12902,35.34826],[137.12941,35.3489],[137.12981,35.34941],[137.13001,35.34962],[137.13039,35.34991],[137.13058,35.35007],[137.13105,35.35037],[137.13142,35.35054],[137.1317,35.35065],[137.1321,35.35076],[137.13241,35.35085],[137.13281,35.35092],[137.13302,35.35095],[137.13312,35.35096],[137.13345,35.35099],[137.1369,35.35101],[137.13811,35.35101],[137.13842,35.351],[137.13992,35.351],[137.14081,35.351],[137.14132,35.35096],[137.1416,35.35092],[137.14257,35.35074],[137.14259,35.35073],[137.1436,35.35054],[137.14377,35.35051],[137.14418,35.35046],[137.14446,35.35045],[137.14488,35.35044],[137.14532,35.35046],[137.14556,35.35049],[137.14614,35.3506],[137.1466,35.35071],[137.1469,35.3508],[137.14695,35.35081],[137.14725,35.35089],[137.14743,35.35094],[137.14747,35.35095],[137.14829,35.35119],[137.14989,35.35165],[137.15005,35.35169],[137.15066,35.35186],[137.15081,35.35191],[137.15092,35.35193],[137.15102,35.35196],[137.15175,35.35212],[137.15249,35.35225],[137.15385,35.35248],[137.15576,35.3528],[137.15655,35.35293],[137.15773,35.35313],[137.15919,35.35337],[137.1606,35.3536],[137.16238,35.3539],[137.16396,35.35416],[137.16646,35.35458],[137.16741,35.35474],[137.16807,35.35485],[137.16823,35.35488],[137.16856,35.35494],[137.16866,35.35496],[137.16936,35.35507],[137.17025,35.35518],[137.17108,35.35529],[137.17221,35.35546],[137.17286,35.35555],[137.17353,35.35563],[137.17429,35.35572],[137.17465,35.35576],[137.17473,35.35577],[137.1751,35.35582],[137.17528,35.35584],[137.1762,35.35615],[137.17662,35.35641],[137.17721,35.35676],[137.17764,35.35702],[137.17773,35.35707],[137.17774,35.35708],[137.17856,35.35758],[137.17936,35.35807],[137.17993,35.35842],[137.18015,35.35854],[137.1802,35.35856],[137.18072,35.35889],[137.18206,35.3597],[137.18213333333335,35.35973666666667],[137.18362,35.36062],[137.18401,35.36086],[137.18471,35.36129],[137.18487,35.36139],[137.1849,35.36142],[137.18493,35.36142],[137.18515,35.36155],[137.18645,35.36235],[137.18715,35.36277],[137.1873,35.36286],[137.18737,35.3629],[137.18826,35.36344],[137.18856,35.36362],[137.18868,35.36369],[137.18902,35.36389],[137.18944,35.3641],[137.18973,35.36423],[137.19031,35.36444],[137.19084,35.36463],[137.19085,35.36463],[137.19112,35.36471],[137.19124,35.36474],[137.19156,35.36485],[137.1916,35.36487],[137.19181,35.36493],[137.19193,35.36497],[137.19228,35.36508],[137.1926,35.36518],[137.19319,35.36537],[137.1938,35.36557],[137.19454,35.3658],[137.19579,35.36621],[137.19651,35.36644],[137.19724,35.36668],[137.19734,35.36672],[137.1979,35.3669],[137.19811,35.36696],[137.19844,35.36707],[137.19854,35.3671],[137.19859,35.36713],[137.19867,35.36714],[137.19868,35.36715],[137.1992,35.36731],[137.19959,35.36745],[137.2003,35.36767],[137.20039,35.3677],[137.20088,35.36783],[137.2014,35.36791],[137.20178,35.36795],[137.20248,35.36794],[137.20292,35.3679],[137.20312,35.36786],[137.2032,35.36785],[137.2039,35.36772],[137.20397,35.36771],[137.20489,35.36754],[137.20496,35.36753],[137.20499,35.36752],[137.20609,35.36732],[137.20632,35.36727],[137.208,35.36696],[137.20811,35.36693],[137.20819,35.36693],[137.20835,35.36689],[137.20952,35.36668],[137.20983,35.36663],[137.20989,35.36663],[137.20989,35.36661],[137.21013,35.36657],[137.21035,35.36653],[137.21037,35.36652],[137.21051,35.3665],[137.21188,35.36625],[137.21248,35.36615],[137.21281,35.36611],[137.21327,35.36609],[137.21412,35.36609],[137.21453,35.36612],[137.21514,35.3662],[137.21577,35.36633],[137.21626,35.36645],[137.21662,35.36654],[137.21714,35.36667],[137.2175,35.36676],[137.21827,35.36696],[137.21835,35.36699],[137.21941,35.36726],[137.21985,35.36734],[137.22033,35.36738],[137.22088,35.36738],[137.2211,35.36736],[137.22125,35.36733],[137.22133,35.36732],[137.22144,35.3673],[137.22164,35.36726],[137.22196,35.36717],[137.22207,35.36713],[137.22235,35.36703],[137.22272,35.36683],[137.22395,35.36613],[137.22523,35.36542],[137.22645,35.36471],[137.22658,35.36463],[137.22707,35.36436],[137.22713,35.36433],[137.22715,35.36432],[137.22742,35.3642],[137.22753,35.36417],[137.22786,35.36406],[137.22803,35.36403],[137.22808,35.36401],[137.22833,35.36396],[137.22851,35.36394],[137.22873,35.36392],[137.22905,35.3639],[137.22953,35.3639],[137.22986,35.36393],[137.23001,35.36396],[137.23038,35.36404],[137.23064,35.36412],[137.23111,35.36429],[137.23176,35.36451],[137.23296,35.36492],[137.23386,35.36524],[137.23417,35.36533],[137.23454,35.36546],[137.2348,35.36555],[137.2355,35.36578],[137.2361,35.366],[137.2363,35.36606],[137.23635,35.36607],[137.23673,35.36621],[137.23685,35.36625],[137.23776,35.36656],[137.23804,35.36665],[137.23819,35.36672],[137.23892,35.36696],[137.23899,35.367],[137.23907,35.36701],[137.23944,35.36714],[137.23969,35.36722],[137.23977,35.36726],[137.23996,35.36731],[137.23997,35.36732],[137.24098,35.36767],[137.24166,35.36791],[137.24287,35.36833],[137.24293,35.36834],[137.24302,35.36837],[137.24305,35.3684],[137.24312,35.36841],[137.24332,35.36849],[137.24362,35.36859],[137.24387,35.36867],[137.24475,35.36897],[137.24511,35.36908],[137.24533,35.36914],[137.24534,35.36915],[137.2454,35.36916],[137.24587,35.36928],[137.24664,35.36944],[137.24673,35.36947],[137.24701,35.36953],[137.24864,35.36962],[137.2493,35.36962],[137.24983,35.36955],[137.25038,35.36943],[137.251915,35.369115],[137.25345,35.3688],[137.25451,35.36859],[137.25507,35.3685],[137.25563,35.3685],[137.25632,35.36857],[137.25646,35.3686],[137.25667,35.36864],[137.25703,35.36875],[137.25766,35.36901],[137.25794,35.36915],[137.25798,35.36918],[137.25817,35.36928],[137.25851,35.36954],[137.25886,35.36989],[137.25913,35.37021],[137.25924,35.37038],[137.25926,35.37043],[137.25928,35.37046],[137.25971,35.3712],[137.25996,35.37165],[137.26068,35.3729],[137.26101,35.37349],[137.26146,35.3743],[137.26167,35.37467],[137.2623,35.3758],[137.26234,35.37587],[137.26257,35.37628],[137.26277,35.37661],[137.26324,35.37743],[137.26328,35.37751],[137.2633,35.37756],[137.26357,35.37803],[137.26367,35.3782],[137.26369,35.37826],[137.26382,35.37846],[137.26394,35.3787],[137.26427,35.37926],[137.26431,35.37932],[137.2644,35.37948],[137.26456,35.37975],[137.26477,35.38014],[137.2648,35.3802],[137.26552,35.38148],[137.26625,35.38278],[137.26696,35.38406],[137.26699,35.38411],[137.26729,35.38465],[137.26763,35.38526],[137.26764,35.38527],[137.26769,35.38535],[137.26772,35.38538],[137.26789,35.38561],[137.26834,35.38614],[137.26838,35.38619],[137.26853,35.38635],[137.26862,35.38643],[137.26873,35.38654],[137.26882,35.38664],[137.26917,35.38692],[137.26958,35.38723],[137.26972,35.38734],[137.27022,35.38772],[137.2709,35.38824],[137.27175,35.38884],[137.27188,35.38898],[137.27284,35.38971],[137.27328,35.39004],[137.27378,35.39041],[137.27418,35.39077],[137.27475,35.39129],[137.27524,35.39179],[137.27563,35.3922],[137.27634,35.39295],[137.27679,35.39342],[137.27705,35.39369],[137.27759,35.39424],[137.27817,35.39484],[137.27829,35.39498],[137.27853,35.39522],[137.27869,35.39538],[137.27913,35.39578],[137.27915,35.39578],[137.27919,35.39582],[137.27948,35.39603],[137.27985,35.39626],[137.28188,35.39742],[137.28258,35.39772],[137.28314,35.39791],[137.28318,35.39792],[137.28337,35.39798],[137.28373,35.39808],[137.28405,35.39814],[137.2843,35.39818],[137.28465,35.39826],[137.28474,35.39826],[137.28475,35.39827],[137.28488,35.3983],[137.28515,35.39835],[137.28564,35.39844],[137.28649,35.39856],[137.28736,35.39868],[137.28744,35.3987],[137.28764,35.39872],[137.28784,35.39875],[137.28852,35.39885],[137.28855,35.39886],[137.2894,35.39898],[137.28964,35.39901],[137.29023,35.3991],[137.29093,35.3992],[137.29101,35.39921],[137.29143,35.39927],[137.29169,35.39931],[137.29191,35.39934],[137.29265,35.39945],[137.29306,35.39955],[137.29338,35.39965],[137.29342,35.39965],[137.29399,35.39986],[137.2945,35.40008],[137.29456,35.40009],[137.29522,35.40042],[137.29575,35.40075],[137.29616,35.40104],[137.29633,35.40118],[137.29663,35.40142],[137.29706,35.40182],[137.29749,35.40229],[137.2978,35.40271],[137.29791,35.40287],[137.29802,35.40301],[137.29868,35.4039],[137.29869,35.40391],[137.29872,35.40396],[137.29894,35.40423],[137.299,35.40433],[137.29931,35.40475],[137.29933,35.40478],[137.29934,35.40479],[137.29955,35.40506],[137.29973,35.4053],[137.29977,35.40536],[137.29999,35.40566],[137.30001,35.4057],[137.30002,35.4057],[137.3001,35.40582],[137.30016,35.40591],[137.30024,35.40601],[137.30025,35.40602],[137.30068,35.40662],[137.30078,35.40674],[137.30107,35.40714],[137.30131,35.40743],[137.30204,35.40818],[137.30219,35.40832],[137.30223,35.40837],[137.30255,35.40869],[137.30391,35.41006],[137.30433,35.41044],[137.30613,35.41203],[137.30523,35.411235000000005],[137.30646,35.41232],[137.30649,35.41234],[137.30675,35.41259],[137.3073,35.41301],[137.30789,35.41336],[137.3084,35.41362],[137.30871,35.41374],[137.30904,35.41386],[137.30934,35.41394],[137.30979,35.41404],[137.31024,35.41411],[137.31051,35.41415],[137.31086,35.41417],[137.31125,35.41421],[137.31184,35.41429],[137.31221,35.41435],[137.31288,35.41454],[137.31289,35.41455],[137.31341,35.41471],[137.31389,35.41491],[137.31418,35.41503],[137.31493,35.41539],[137.31521,35.41552],[137.31574,35.41576],[137.31781,35.41671],[137.31785,35.41673],[137.31819,35.41689],[137.31896,35.41724],[137.31989,35.41768],[137.32044,35.41794],[137.32079,35.41815],[137.32124,35.41846],[137.32323,35.41973],[137.32347,35.41988],[137.32364,35.42],[137.32411,35.42033],[137.32439,35.42052],[137.32511,35.42103],[137.32531,35.42116],[137.32587,35.42157],[137.32611,35.42174],[137.32678,35.42221],[137.32706,35.42241],[137.32708,35.42242],[137.32764,35.42281],[137.3278,35.42294],[137.32783,35.42295],[137.32794,35.42303],[137.32821,35.42322],[137.32841,35.42337],[137.32865,35.42353],[137.32931,35.424],[137.32992,35.42443],[137.33008,35.42455],[137.33073,35.42502],[137.33077,35.42504],[137.33113,35.4253],[137.33138,35.42548],[137.33162,35.42565],[137.33176,35.42575],[137.33183,35.42581],[137.333,35.42663],[137.3339,35.42727],[137.33429,35.42754],[137.33432,35.42756],[137.3345,35.42769],[137.33456,35.42774],[137.33459,35.42775],[137.3349,35.42798],[137.33499,35.42804],[137.33509,35.42811],[137.33529,35.42824],[137.33578,35.42853],[137.33611,35.42869],[137.33652,35.42885],[137.33659,35.42888],[137.33677,35.42892],[137.33694,35.42898],[137.33749,35.42909],[137.33792,35.42916],[137.33796,35.42918],[137.33813,35.4292],[137.33819,35.42922],[137.33826,35.42922],[137.33841,35.42926],[137.33866,35.4293],[137.33902,35.42937],[137.3397,35.42949],[137.33986,35.42952],[137.33987,35.42953],[137.34006,35.42956],[137.34054,35.42965],[137.3407,35.42968],[137.34082,35.4297],[137.34109,35.42977],[137.34155,35.42992],[137.34176,35.43001],[137.34234,35.43034],[137.34272,35.43055],[137.34294,35.43067],[137.34308,35.43075],[137.34325,35.43084],[137.34338,35.43091],[137.34341,35.43094],[137.34524,35.43198],[137.34538,35.43207],[137.34541,35.43208],[137.34578,35.43229],[137.34579,35.43229],[137.34625,35.43257],[137.34686,35.43292],[137.34698,35.43298],[137.34709,35.43305],[137.34755,35.43331],[137.34796,35.43355],[137.34821,35.4337],[137.34995,35.43469],[137.35099,35.43528],[137.35109,35.43535],[137.3512,35.43541],[137.35191,35.43581],[137.35232,35.43608],[137.35236,35.43611],[137.35238,35.43612],[137.35258,35.43634],[137.35269,35.43646],[137.35274,35.43651],[137.35302,35.43682],[137.35304,35.43684],[137.35346,35.43731],[137.35362,35.43749],[137.35367,35.43754],[137.35373,35.43761],[137.3545,35.43825],[137.354115,35.437929999999994],[137.35516,35.43857],[137.3552,35.43858],[137.35556,35.43872],[137.35593,35.43882],[137.35602,35.43885],[137.35622,35.4389],[137.35642,35.43893],[137.35663,35.43896],[137.35684,35.439],[137.35716,35.43901],[137.35737,35.43902],[137.35759,35.43905],[137.35918,35.43915],[137.35957,35.43921],[137.35998,35.43928],[137.36079,35.43947],[137.36117,35.43961],[137.36131,35.43966],[137.36141,35.4397],[137.36178,35.43983],[137.36213,35.43996],[137.36239,35.44006],[137.36271,35.44016],[137.36299,35.44026],[137.3631,35.4403],[137.3639,35.44065],[137.3651,35.44112],[137.36655,35.44167],[137.36717,35.44197],[137.36837,35.44238],[137.36978,35.44293],[137.37109,35.44344],[137.37199,35.44379],[137.37506,35.44499],[137.37763,35.44598],[137.38074,35.44721],[137.38104,35.44732],[137.38243,35.44787],[137.38393,35.44847],[137.38513,35.44894],[137.38739,35.44984],[137.38935,35.45064],[137.39069,35.45117],[137.39149,35.45152],[137.39246,35.45182],[137.39384,35.45208],[137.39508,35.45233],[137.39653,35.45254],[137.39838,35.45281],[137.39922,35.45294],[137.39976,35.45302],[137.40157,35.4533],[137.40286,35.45349],[137.40368,35.4536],[137.40395,35.45365],[137.40426,35.4537],[137.40437,35.45372],[137.40447,35.45374],[137.40458,35.45376],[137.40517,35.45391],[137.40575,35.45406],[137.40579,35.45406],[137.40622,35.45425],[137.40629,35.45428],[137.40651,35.45439],[137.40665,35.45447],[137.40894,35.45571],[137.40779500000002,35.45509],[137.40915,35.45582],[137.40936,35.45593],[137.4095,35.45601],[137.40958,35.45606],[137.40983,35.45619],[137.41007,35.45633],[137.41028,35.45644],[137.41051,35.45657],[137.41074,35.45674],[137.41142,35.45726],[137.41174,35.45768],[137.41196,35.45802],[137.41216,35.45842],[137.41227,35.45871],[137.41235,35.45899],[137.41238,35.45934],[137.41237,35.45964],[137.4123,35.4608],[137.4121,35.46343],[137.41216,35.46387],[137.41228,35.46427],[137.41245,35.46469],[137.41265,35.46511],[137.41296,35.46544],[137.41381,35.46614],[137.41475,35.46684],[137.41604,35.46764],[137.41727,35.46845],[137.41826,35.46908],[137.41929,35.46973],[137.42054,35.47051],[137.42064,35.47058],[137.42075,35.47064],[137.42104,35.47082],[137.42221,35.47154],[137.42283,35.47186],[137.42344,35.47206],[137.42415,35.47222],[137.42439,35.47227],[137.42466,35.47233],[137.42497,35.47239],[137.42529,35.47246],[137.42573,35.47257],[137.42709,35.47288],[137.42808,35.47303],[137.4282,35.47303],[137.42845,35.47304],[137.42869,35.47305],[137.42977,35.4731],[137.43189,35.47304],[137.4319,35.47304],[137.43214,35.47303],[137.43456,35.47297],[137.43555,35.473],[137.43594,35.47306],[137.43658,35.47318],[137.43733,35.47343],[137.4379,35.47371],[137.4396,35.47476],[137.44105,35.47564],[137.44129,35.47579],[137.44219,35.47635],[137.44512,35.47808],[137.44615,35.4787],[137.44692,35.47906],[137.44754,35.47926],[137.44814,35.47939],[137.44869,35.47945],[137.44914,35.47943],[137.44932,35.4794],[137.450355,35.479254999999995],[137.45139,35.47911],[137.45445,35.47868],[137.45804,35.47818],[137.46174,35.47765],[137.46231,35.47758],[137.46352,35.47743],[137.46415,35.4774],[137.46467,35.4774],[137.4654,35.47743],[137.46754,35.47758],[137.46787,35.4776],[137.4684,35.47763],[137.46949,35.4777],[137.47082,35.4778],[137.47169,35.47793],[137.47218,35.47799],[137.47263,35.47803],[137.47308,35.47805],[137.47356,35.47805],[137.47406,35.47803],[137.47462,35.47797],[137.47521,35.47791],[137.47583,35.47788],[137.47673,35.47787],[137.47735,35.47788],[137.47772,35.47789],[137.47826,35.47793],[137.47895,35.47802],[137.47954,35.47813],[137.48024,35.47829],[137.48091,35.47849],[137.48156,35.47874],[137.48189,35.47891],[137.48224,35.47913],[137.48298,35.47962],[137.48439,35.48071],[137.48461,35.48098],[137.48491,35.48137],[137.48509,35.48172],[137.48532,35.48224],[137.48597,35.48374],[137.48644,35.48472],[137.4866,35.48514],[137.48682,35.48581],[137.48724,35.48709],[137.48731,35.48731],[137.48756,35.48806],[137.48783,35.48893],[137.48805,35.4896],[137.48829,35.49035],[137.48853,35.49105],[137.48868,35.49156],[137.48884,35.49204],[137.4891,35.49262],[137.48933,35.493],[137.48952,35.49327],[137.48977,35.49356],[137.49002,35.49378],[137.4903,35.49398],[137.49055,35.49413],[137.49087,35.49426],[137.49158,35.49452],[137.49232,35.49472],[137.49238,35.49474],[137.49243,35.49475],[137.4933,35.49497],[137.4938,35.4951],[137.49385,35.49511],[137.49391,35.49512],[137.49414,35.49518],[137.49437,35.49524],[137.49452,35.49527],[137.49468,35.49531],[137.49698,35.49585],[137.49746,35.496],[137.49786,35.4961],[137.49787,35.4961],[137.49845,35.49625],[137.49903,35.49641],[137.49937,35.49651],[137.49939,35.49651],[137.49974,35.49661],[137.50011,35.49678],[137.50053,35.49702],[137.50085,35.49724],[137.50109,35.49743],[137.50131,35.49762],[137.50142,35.49775],[137.50153,35.49788],[137.50166,35.49803],[137.50179,35.4982],[137.50183,35.49825],[137.50206,35.49856],[137.50222,35.49881],[137.50233,35.49906],[137.50281,35.50015],[137.50280999999998,35.500146666666666]]}},{"type":"Feature","properties":{"line_name":"名古屋市営地下鉄東山線"},"geometry":{"type":"LineString","coordinates":[[136.85351333333332,35.1391],[136.85341,35.14026],[136.8534,35.14067],[136.8533,35.14217],[136.85322,35.14322],[136.85317,35.14403],[136.85312,35.14501],[136.85306,35.14594],[136.85303,35.14653],[136.85304,35.1469],[136.85308,35.14724],[136.85315,35.14749],[136.85336,35.14894],[136.8532625,35.1483375],[136.85346,35.14968],[136.85355,35.15059],[136.85365,35.15139],[136.85373,35.15201],[136.85381,35.15269],[136.85389,35.1533],[136.85398,35.15406],[136.85406,35.15473],[136.85414,35.15551],[136.85428,35.1566],[136.85436,35.15721],[136.85443,35.15827],[136.85441666666668,35.1582],[136.85446,35.15912],[136.85449,35.15966],[136.85455,35.16076],[136.85458,35.16132],[136.85461,35.1622],[136.85463,35.16264],[136.85466,35.16309],[136.8547,35.16372],[136.85469,35.16409],[136.85463,35.16457],[136.85461,35.16492],[136.85461,35.16533],[136.85466,35.16586],[136.85472,35.16632],[136.85492,35.16739],[136.85493,35.16807],[136.85492499999998,35.16773],[136.85494,35.16818],[136.85513,35.16835],[136.85541,35.16852],[136.8566,35.16913],[136.85745,35.16954],[136.85803,35.16983],[136.85806,35.16989],[136.85939,35.17058],[136.86054,35.17122],[136.86199,35.17245],[136.8626,35.17295],[136.862295,35.1727],[136.8648,35.17488],[136.86694,35.17673],[136.86755,35.17725],[136.867245,35.17699],[136.8678,35.17745],[136.86797,35.1775],[136.87205,35.17754],[136.87713,35.17755],[136.87745999999999,35.17755],[136.87779,35.17755],[136.87823,35.17754],[136.87911,35.17753],[136.87951,35.17752],[136.88061,35.17636],[136.88129,35.1756],[136.88209,35.17442],[136.8823,35.1741],[136.88265,35.17356],[136.88352,35.17191],[136.8837,35.171605],[136.88388,35.1713],[136.88393,35.17119],[136.88413,35.17081],[136.88448,35.16989],[136.88486,35.16873],[136.88498,35.16861],[136.88511,35.16853],[136.88527,35.1685],[136.88546,35.1685],[136.88627,35.16863],[136.88701,35.16876],[136.88907,35.16916],[136.88967,35.16929],[136.88999,35.16932],[136.89072,35.1694],[136.8913,35.16946],[136.89172,35.16949],[136.89222,35.1695],[136.89236,35.1695],[136.89276,35.16948],[136.89342,35.16938],[136.89436,35.16927],[136.89497,35.1692],[136.89553,35.16915],[136.89616,35.16914],[136.89685,35.16919],[136.89699,35.1692],[136.89733,35.16921],[136.89738,35.169213333333325],[136.89782,35.16923],[136.89852,35.16927],[136.89946,35.16934],[136.90034,35.16939],[136.90124,35.16944],[136.90219,35.16951],[136.90324,35.16957],[136.90488,35.16969],[136.9059,35.16975],[136.90652,35.16978],[136.90777,35.16989],[136.90821,35.16994],[136.90855,35.16995],[136.90858666666665,35.16995],[136.909,35.16996],[136.90927,35.16997],[136.91018,35.16998],[136.9197,35.17064],[136.92051,35.1707],[136.920105,35.17067],[136.92447,35.17095],[136.92504,35.17093],[136.92829,35.17071],[136.92958,35.1707],[136.92997,35.17066],[136.93036,35.17062],[136.93097,35.17054],[136.93254,35.17034],[136.93652,35.1699],[136.93678,35.16988],[136.93713,35.16985],[136.93726,35.16985],[136.93768,35.16982],[136.938075,35.169785000000005],[136.93847,35.16975],[136.93884,35.1697],[136.93916,35.16961],[136.9396,35.1695],[136.94029,35.16931],[136.94113,35.16908],[136.94224,35.1688],[136.94349,35.16846],[136.94452,35.1682],[136.94528,35.16799],[136.94559,35.16792],[136.94602500000002,35.167825],[136.94646,35.16773],[136.94864,35.16722],[136.94931,35.16707],[136.95031,35.16683],[136.95127,35.1666],[136.95153,35.16654],[136.95173,35.16649],[136.95209,35.16649],[136.95292,35.1666],[136.952505,35.166545],[136.95354,35.16663],[136.95393,35.16667],[136.95433,35.16669],[136.95454,35.1667],[136.95498,35.16666],[136.95552,35.16656],[136.95603,35.16643],[136.95662,35.16629],[136.95714,35.16616],[136.95764,35.16598],[136.95825,35.16578],[136.95878,35.16559],[136.95932,35.1654],[136.95976,35.16525],[136.96032,35.16505],[136.96075,35.16491],[136.9613,35.16472],[136.96336,35.164],[136.96371,35.163875000000004],[136.96406,35.16375],[136.96524,35.16331],[136.96723,35.16257],[136.96964,35.16167],[136.97021,35.16146],[136.97076,35.16128],[136.9713,35.16107],[136.97188,35.16086],[136.97234,35.16071],[136.97264,35.16063],[136.97294,35.16055],[136.97356,35.16051],[136.97455,35.16051],[136.97526,35.16056],[136.97579,35.16056],[136.97667,35.16059],[136.97861,35.16068],[136.97977,35.16086],[136.98143,35.16119],[136.98197,35.16131],[136.98252,35.16147],[136.98306,35.16165],[136.98378,35.1619],[136.98401,35.16197],[136.98513,35.16239],[136.98556,35.16259],[136.98622,35.16295],[136.98588999999998,35.16277],[136.98749,35.16373],[136.9878,35.16393],[136.98838,35.16439],[136.98877,35.1647],[136.98951,35.16532],[136.9899,35.16566],[136.99082,35.16633],[136.99153,35.1668],[136.99169,35.1669],[136.99178,35.16696],[136.99216,35.16713],[136.9926,35.16737],[136.99283,35.16747],[136.9931,35.16758],[136.99384,35.16782],[136.99422,35.16794],[136.99465,35.16805],[136.99528,35.1682],[136.99555,35.16824],[136.99643,35.16836],[136.99599,35.1683],[136.99704,35.16847],[136.99754,35.16856],[136.99812,35.16872],[136.99867,35.16889],[136.9996,35.1692],[137.00078,35.16969],[137.00093,35.16978],[137.00116,35.1699],[137.00435,35.17191],[137.00515,35.17244],[137.00621,35.17321],[137.00697,35.17375],[137.00659000000002,35.17348],[137.00721,35.17394],[137.00744,35.1741],[137.00765,35.17421],[137.00792,35.17435],[137.00815,35.17445],[137.00846,35.17457],[137.00879,35.17466],[137.00922,35.17479],[137.00981,35.17492],[137.01017,35.17499],[137.0106,35.17504],[137.01114,35.1751],[137.0124,35.17522],[137.01319,35.17528],[137.01399,35.17537],[137.01359000000002,35.175325],[137.01729,35.1757],[137.01801,35.17581],[137.0185,35.17591],[137.01895,35.17604],[137.01938,35.17622],[137.01966,35.17637],[137.02,35.17663],[137.02023,35.17687],[137.02045,35.17717],[137.02062,35.1776],[137.02072,35.17801],[137.02077,35.17847],[137.02075,35.17933],[137.02073,35.18027],[137.02074,35.18035],[137.0208,35.18097],[137.02096,35.18166],[137.0211,35.182],[137.02127,35.18226],[137.02162,35.18285],[137.021445,35.182555]]}},{"type":"Feature","properties":{"line_name":"名古屋市営地下鉄名城線"},"geometry":{"type":"LineString","coordinates":[[136.936175,35.192755],[136.93653,35.1926],[136.93666,35.19257],[136.93777,35.19227],[136.94202,35.19137],[136.94358,35.19102],[136.94398999999999,35.190925],[136.9444,35.19083],[136.95423,35.18879],[136.954635,35.188705],[136.95504,35.18862],[136.95837,35.18787],[136.95904,35.18763],[136.95955,35.18736],[136.95987,35.18711],[136.96068,35.18629],[136.96161,35.18527],[136.96212500000001,35.18466],[136.96264,35.18405],[136.9655,35.18085],[136.96654,35.1796],[136.96686,35.17917],[136.96716,35.17857],[136.96727,35.17827],[136.96733,35.17799],[136.96735,35.17772],[136.96733,35.1774],[136.96728,35.17707],[136.96722,35.17664],[136.96709,35.17622],[136.96680500000002,35.17539],[136.96652,35.17456],[136.96627,35.17384],[136.96514,35.17052],[136.96388,35.16683],[136.96367,35.1661],[136.96356,35.16545],[136.9635,35.16482],[136.96356,35.16396],[136.96371,35.163875000000004],[136.96363,35.16359],[136.96395,35.16217],[136.96407,35.1617],[136.96419,35.16137],[136.96441,35.16084],[136.9651,35.15937],[136.96577,35.158],[136.96605,35.15745],[136.96624,35.15699],[136.9664,35.15638],[136.96655,35.15565],[136.96656,35.15551],[136.96659,35.15506],[136.9666,35.15451],[136.96657666666664,35.15451166666667],[136.9666,35.15446],[136.96657,35.15393],[136.96654,35.1536],[136.96652,35.15345],[136.96638,35.15271],[136.96585,35.15031],[136.96559,35.14942],[136.96524,35.14822],[136.96468,35.14672],[136.96438,35.146],[136.96436,35.14581],[136.96439,35.14561],[136.96453,35.14534],[136.96472,35.14499],[136.96489250000002,35.1446375],[136.96509,35.14428],[136.96523,35.14394],[136.96575,35.14272],[136.96619,35.14157],[136.96636,35.14125],[136.96704,35.14014],[136.9672,35.1398],[136.96725,35.13945],[136.96721,35.13907],[136.96709,35.13872],[136.96693,35.1385],[136.96676,35.13833],[136.96647,35.13812],[136.96616,35.13794],[136.9656,35.13769],[136.96511,35.13747],[136.96465,35.13717],[136.96462,35.137038000000004],[136.96402,35.13658],[136.96372,35.13628],[136.96345,35.136],[136.96314,35.13569],[136.96281,35.13548],[136.96259,35.13538],[136.96231,35.1353],[136.96153,35.13518],[136.96062,35.13511],[136.95936,35.1351],[136.95909,35.13509],[136.95885,35.13506],[136.9585,35.13497],[136.95817,35.13484],[136.9577,35.13461],[136.95724,35.13425],[136.95694,35.13393],[136.95663,35.13346],[136.95505,35.13131],[136.95432,35.13034],[136.95447666666666,35.130500000000005],[136.95406,35.12985],[136.95394,35.12954],[136.95384,35.12924],[136.95374,35.12906],[136.95358,35.12887],[136.95244,35.12775],[136.95137,35.1267],[136.95122,35.12653],[136.95052,35.12561],[136.9494,35.12407],[136.94925,35.12387],[136.94824,35.12254],[136.9483425,35.12271],[136.94798,35.12225],[136.9479,35.12218],[136.94758,35.12189],[136.94709,35.12151],[136.94638,35.12104],[136.94528,35.12038],[136.94443,35.11995],[136.94352,35.11951],[136.94202,35.11883],[136.94029,35.11821],[136.93953,35.11799],[136.93927,35.11792],[136.93907,35.11787],[136.93881,35.11782],[136.93854,35.11778],[136.93825,35.11776],[136.93792,35.11775],[136.93766,35.11774],[136.93722,35.117729999999995],[136.93678,35.11772],[136.93658,35.1177],[136.9361,35.11766],[136.93557,35.11762],[136.93415,35.11749],[136.93353,35.11745],[136.93197,35.11733],[136.93081,35.11722],[136.93004,35.11716],[136.92958,35.11712],[136.92912,35.11708],[136.9274,35.11694],[136.92623,35.11684],[136.925,35.11675],[136.92393,35.11665],[136.92349,35.11663],[136.9218,35.11648],[136.92146,35.116455],[136.92112,35.11643],[136.92046,35.11639],[136.91853,35.11629],[136.91808,35.11626],[136.91763,35.11629],[136.91685,35.11641],[136.91609,35.11657],[136.91547,35.1168],[136.91512,35.117],[136.91495,35.11713],[136.91444,35.1174],[136.91422,35.1175],[136.91402,35.11768],[136.91385,35.11786],[136.91383,35.11789],[136.91374,35.118],[136.91357,35.1182],[136.9134,35.11839],[136.91295,35.1189],[136.91197,35.12006],[136.9118,35.12022],[136.91165,35.12034],[136.91148,35.12044],[136.91081,35.12073],[136.91007,35.12102],[136.91044,35.120875],[136.90918,35.12139],[136.90808,35.12186],[136.90783,35.12196],[136.90766,35.12209],[136.90759,35.1222],[136.90756,35.1225],[136.90754,35.12295],[136.90754,35.12359],[136.90745,35.12456],[136.90738,35.12519],[136.90728,35.12574],[136.90719,35.12625],[136.90712,35.12668],[136.90693,35.12734],[136.90671,35.12796],[136.90681999999998,35.12765],[136.90668,35.12806],[136.90653,35.12835],[136.90634,35.12861],[136.90572,35.12948],[136.9046,35.13102],[136.90441,35.13129],[136.90331,35.13277],[136.90202,35.13454],[136.90159,35.13519],[136.901805,35.134865000000005],[136.90149,35.13533],[136.90025,35.13707],[136.90014,35.13727],[136.89993,35.13786],[136.89979,35.13837],[136.89959,35.13901],[136.89948,35.13938],[136.8994,35.13985],[136.89946,35.14037],[136.89954,35.14057],[136.89986,35.14101],[136.90044,35.14182],[136.901,35.14261],[136.90143,35.14321],[136.90169,35.14356],[136.90218,35.14419],[136.90193499999998,35.143875],[136.90242,35.1446],[136.90268,35.14508],[136.90298,35.14567],[136.90312,35.14601],[136.90333,35.14651],[136.90342,35.14682],[136.90367,35.14737],[136.90396,35.14814],[136.90422,35.14877],[136.90432,35.14903],[136.90444,35.1496],[136.90471,35.15027],[136.904575,35.149935],[136.90557,35.15175],[136.90583,35.15232],[136.9059,35.15251],[136.90614,35.15395],[136.90657,35.15654],[136.90673,35.15724],[136.90674,35.15731],[136.90652666666668,35.157340000000005],[136.90687,35.158],[136.907,35.15889],[136.90704,35.15916],[136.90716,35.15981],[136.90723,35.16019],[136.90728,35.1604],[136.90737,35.16063],[136.90748,35.16082],[136.90775,35.16126],[136.90794,35.16161],[136.9082,35.16206],[136.90841,35.16241],[136.90863,35.16299],[136.90882,35.16362],[136.908725,35.163305],[136.90892,35.16399],[136.90893,35.16422],[136.90892,35.16461],[136.90888,35.16513],[136.90875,35.16771],[136.90866,35.16919],[136.9086,35.16982],[136.90856,35.1699],[136.90855,35.16995],[136.90858666666665,35.16995],[136.9082,35.17328],[136.90816,35.17374],[136.90814333333333,35.173836666666666],[136.90807,35.17449],[136.90782,35.17694],[136.90773,35.17734],[136.90757,35.17781],[136.90726,35.17823],[136.90668,35.17872],[136.90619,35.1791],[136.90583,35.17989],[136.90567,35.18058],[136.90562,35.18112],[136.90553,35.18182],[136.905575,35.181470000000004],[136.90503,35.18461],[136.9049,35.18568],[136.90471,35.1873],[136.90463,35.18819],[136.90465,35.18908],[136.90476,35.18992],[136.90481,35.19034],[136.90476666666666,35.19045666666667],[136.90473,35.19111],[136.90458,35.1924],[136.90465,35.19381],[136.90478,35.19467],[136.90479,35.19473],[136.90493,35.19517],[136.90511,35.19552],[136.90577,35.19627],[136.90659,35.19678],[136.90707,35.19704],[136.90756,35.19724],[136.90962,35.19717],[136.91015499999997,35.19716],[136.91069,35.19715],[136.91473,35.19722],[136.91524,35.19719],[136.91625,35.1966],[136.91675,35.19652],[136.91794,35.19643],[136.92087,35.19628],[136.92121500000002,35.196275],[136.92156,35.19627],[136.92559,35.19618],[136.92949,35.19603],[136.92976,35.19622]]}},{"type":"Feature","properties":{"line_name":"名古屋市営地下鉄名港線"},"geometry":{"type":"LineString","coordinates":[[136.90193499999998,35.143875],[136.90169,35.14356],[136.90143,35.14321],[136.901,35.14261],[136.90044,35.14182],[136.89986,35.14101],[136.89954,35.14057],[136.89908,35.13996],[136.89879,35.13951],[136.89807,35.13852],[136.89793,35.13832],[136.8972,35.13731],[136.89665,35.13655],[136.89607,35.13578],[136.8957,35.13526],[136.89545,35.13498],[136.89507,35.13473],[136.8945,35.13451],[136.8941,35.13432],[136.89386,35.13412],[136.89367,35.13382],[136.8934,35.13327],[136.89328,35.13306],[136.89309,35.132765],[136.8929,35.13247],[136.8924,35.13153],[136.89143,35.12976],[136.89062,35.12825],[136.88974,35.12662],[136.88884,35.12496],[136.88856,35.12445],[136.88839000000002,35.124105],[136.88822,35.12376],[136.88807,35.12323],[136.88774,35.12168],[136.88752,35.12076],[136.88729,35.11962],[136.88703,35.11845],[136.88697,35.11815],[136.88687,35.11773],[136.88671,35.1169],[136.88665,35.11657],[136.88646,35.11552],[136.88636,35.11507],[136.88612,35.11381],[136.886045,35.113475],[136.88597,35.11314],[136.88576,35.11199],[136.88554,35.11057],[136.88547,35.11026],[136.8852,35.10858],[136.88498,35.10694],[136.88494,35.10678],[136.884795,35.106505],[136.88465,35.10623],[136.88457,35.10607],[136.88444,35.10576],[136.88431,35.10531],[136.88417,35.10462],[136.88355,35.10152],[136.88326,35.10027],[136.8832,35.099945000000005],[136.88314,35.09962],[136.88275,35.09756],[136.88267,35.09721],[136.8824,35.09577],[136.88198,35.09355],[136.881915,35.093205]]}},{"type":"Feature","properties":{"line_name":"名古屋市営地下鉄鶴舞線"},"geometry":{"type":"LineString","coordinates":[[136.877015,35.223299999999995],[136.87718,35.223],[136.87729,35.2228],[136.87804,35.22147],[136.87822,35.22123],[136.87851,35.22094],[136.87895,35.22048],[136.87971,35.21983],[136.88063,35.21911],[136.88157,35.21855],[136.88536,35.21648],[136.88579,35.2162],[136.88629,35.2155],[136.886615,35.215025],[136.88694,35.21455],[136.88812,35.21259],[136.88847,35.21201],[136.88917,35.21122],[136.89118,35.20913],[136.89132,35.20883],[136.89105,35.20441],[136.891005,35.203815000000006],[136.89096,35.20322],[136.89094,35.20249],[136.89089,35.2017],[136.89054,35.19695],[136.89075,35.19269],[136.89078999999998,35.192094999999995],[136.89083,35.1915],[136.89097,35.18958],[136.89093,35.1886],[136.89028,35.18383],[136.89020499999998,35.183315],[136.89013,35.1828],[136.89007,35.18222],[136.89009,35.18171],[136.89031,35.18124],[136.89064,35.18083],[136.89113,35.18047],[136.8919,35.18013],[136.89353,35.17979],[136.89402,35.17969],[136.89514,35.17944],[136.8958,35.17913],[136.89625,35.17864],[136.89666,35.1755],[136.89673499999998,35.174925],[136.89681,35.17435],[136.89695,35.17289],[136.89723,35.16989],[136.89732,35.16928],[136.89733,35.16921],[136.89738,35.169213333333325],[136.89737,35.16862],[136.89745,35.16792],[136.89756,35.16695],[136.89764,35.16579],[136.89782,35.16403],[136.89803,35.16181],[136.898075,35.161410000000004],[136.89812,35.16101],[136.89822,35.15982],[136.89828,35.15914],[136.8983,35.15886],[136.89836,35.15862],[136.89843,35.15851],[136.8986,35.15836],[136.89872,35.15825],[136.89881,35.15819],[136.89895,35.15814],[136.89915,35.15808],[136.8994,35.15803],[136.89959,35.15798],[136.8998,35.15795],[136.9,35.15793],[136.90039,35.15788],[136.90126,35.1578],[136.90168,35.15775],[136.90403,35.15757],[136.90545,35.15748],[136.90597,35.15742],[136.90674,35.15731],[136.90652666666668,35.157340000000005],[136.90687,35.15729],[136.90842,35.15709],[136.90963,35.15682],[136.90991,35.1568],[136.9107,35.15668],[136.91128,35.15662],[136.9116,35.15657],[136.91255,35.15646],[136.91365,35.15634],[136.91429,35.15627],[136.9148,35.15622],[136.91525000000001,35.156155],[136.9157,35.15609],[136.91717,35.15586],[136.91769,35.15575],[136.9177,35.15575],[136.91809,35.15566],[136.91836,35.15558],[136.9186,35.15551],[136.91875,35.15542],[136.91904,35.15515],[136.91935,35.15477],[136.91966,35.15426],[136.92005,35.1535],[136.92045,35.15267],[136.92061,35.15232],[136.92074,35.15203],[136.92086,35.15177],[136.92096,35.15136],[136.92107,35.15116],[136.92134,35.1508],[136.92169,35.1504],[136.922,35.15011],[136.92225,35.14998],[136.92262,35.14987],[136.92315,35.14978],[136.92383,35.14969],[136.92448,35.14966],[136.92492,35.14963],[136.92523,35.1496],[136.92554,35.14957],[136.92675,35.14952],[136.92821,35.14951],[136.92865,35.1495],[136.93024,35.14948],[136.93093,35.14949],[136.932,35.14948],[136.93249,35.14947],[136.9335,35.14946],[136.93361,35.14946],[136.93388333333334,35.14946666666666],[136.93454,35.14948],[136.93578,35.14947],[136.93702,35.14948],[136.93849,35.14946],[136.94044,35.14947],[136.94208,35.14946],[136.94281,35.14944],[136.94299,35.14942],[136.9441,35.14927],[136.9451,35.14913],[136.94559,35.14907],[136.94602,35.14901],[136.94769,35.14879],[136.94784,35.14878],[136.94826,35.148715],[136.94868,35.14865],[136.94915,35.14858],[136.94986,35.14846],[136.95033,35.1484],[136.95078,35.14827],[136.95132,35.14807],[136.9518,35.14783],[136.95218,35.14752],[136.9523,35.14737],[136.9524,35.14708],[136.95256,35.14657],[136.95273,35.14602],[136.95284,35.14559],[136.95294,35.14531],[136.9531,35.14511],[136.95326,35.14492],[136.95378,35.14448],[136.95424,35.14411],[136.95454,35.14387],[136.95484,35.14363],[136.95581,35.14281],[136.95661,35.1422],[136.95698,35.14191],[136.9574,35.14156],[136.95825,35.14093],[136.95899,35.14033],[136.95939,35.14007],[136.95984,35.13981],[136.9612,35.13906],[136.96159,35.13879],[136.96212,35.13835],[136.96287,35.1377],[136.96303,35.13759],[136.9635,35.13724],[136.963785,35.137015],[136.96407,35.13679],[136.96452,35.13651],[136.96504,35.13621],[136.96575,35.13582],[136.96607,35.13568],[136.9662,35.13562],[136.96676,35.13536],[136.96707,35.13519],[136.96792,35.13485],[136.96855,35.13463],[136.969,35.13449],[136.96963,35.13431],[136.97024,35.13417],[136.97095,35.13406],[136.97168,35.13397],[136.97281,35.13385],[136.97318,35.13382],[136.97345,35.13377],[136.97407,35.13363],[136.97453,35.13352],[136.97524,35.13335],[136.97573,35.13325],[136.97621,35.13314],[136.97655,35.13299],[136.97692,35.13274],[136.97703,35.13267],[136.97719,35.1326],[136.97737,35.13256],[136.97762,35.1325],[136.97796,35.13248],[136.97818,35.13245],[136.97863,35.13243],[136.97908,35.13241],[136.97958,35.13235],[136.9802,35.13225],[136.98066,35.13216],[136.9813,35.13196],[136.98197,35.13167],[136.98255,35.13138],[136.98297,35.13108],[136.98342,35.13078],[136.98391,35.1304],[136.98424,35.13015],[136.98451,35.12994],[136.98482,35.12973],[136.98527,35.12948],[136.98575,35.12926],[136.98636,35.12906],[136.98686,35.12889],[136.98742,35.12873],[136.98768,35.12866],[136.98801,35.12862],[136.98818,35.12859],[136.98855500000002,35.1285],[136.98893,35.12841],[136.98925,35.12835],[136.98976,35.12823],[136.99039,35.12808],[136.99108,35.12792],[136.99236,35.12757],[136.99331,35.1273],[136.99412,35.12701],[136.99466,35.12685],[136.99521,35.12667],[136.99579,35.12647],[136.99633,35.1263],[136.99672,35.12616],[136.99704,35.12605],[136.99708666666666,35.126036666666664],[136.9975,35.1259],[136.99806,35.12572],[137.00057,35.12488],[137.00246,35.12425],[137.0047,35.12352],[137.00683,35.12282],[137.007215,35.122699999999995],[137.0076,35.12258],[137.00867,35.12223],[137.00997,35.12179],[137.01013,35.12174],[137.01062,35.12159],[137.01107,35.12134],[137.01169,35.12106],[137.01225,35.12088],[137.01274,35.12079],[137.01363,35.12075],[137.0142,35.12073],[137.01474,35.12076],[137.01589,35.12084],[137.01647,35.12088],[137.01781,35.12099],[137.0186,35.12108],[137.018205,35.121035]]}},{"type":"Feature","properties":{"line_name":"名古屋市営地下鉄桜通線"},"geometry":{"type":"LineString","coordinates":[[136.87338499999998,35.16763],[136.87396,35.16762],[136.87509,35.1676],[136.87584,35.16758],[136.87625,35.16766],[136.87678,35.16786],[136.8773,35.16811],[136.87772,35.16838],[136.87817,35.16868],[136.87904,35.16925],[136.88003,35.16989],[136.88045,35.17017],[136.88075,35.17029],[136.8812,35.17048],[136.88164,35.17061],[136.88294,35.17097],[136.88357,35.17111],[136.88393,35.17119],[136.8837,35.171605],[136.8845,35.17132],[136.88841,35.17197],[136.88954,35.17214],[136.88897500000002,35.172055],[136.89285,35.17247],[136.8947,35.17265],[136.89695,35.17289],[136.89784,35.17298],[136.89943,35.1731],[136.898635,35.17304],[136.89991,35.17314],[136.90696,35.17363],[136.90816,35.17374],[136.90814333333333,35.173836666666666],[136.90838,35.17376],[136.90851,35.17377],[136.9089,35.17379],[136.91243,35.17402],[136.91544,35.17417],[136.91618499999998,35.174165],[136.91693,35.17416],[136.92045,35.17417],[136.92217,35.17416],[136.92388,35.17409],[136.92505,35.17402],[136.92678,35.17379],[136.92796,35.17362],[136.92882,35.17351],[136.92949,35.173405],[136.93016,35.1733],[136.93193,35.17298],[136.93249,35.17284],[136.93293,35.17268],[136.93408,35.17225],[136.93606,35.17145],[136.93696,35.17096],[136.93721,35.17059],[136.93714,35.1699],[136.93713,35.16985],[136.93709,35.16945],[136.937005,35.168975],[136.93692,35.1685],[136.93671,35.16734],[136.93601,35.16336],[136.93593,35.16293],[136.93534,35.15958],[136.93529,35.15927],[136.93522000000002,35.158805],[136.93515,35.15834],[136.93506,35.15782],[136.93479,35.15623],[136.93422,35.153],[136.93376,35.15034],[136.93361,35.14946],[136.93388333333334,35.14946666666666],[136.9336,35.14936],[136.93356,35.14829],[136.9335,35.14749],[136.93345,35.14601],[136.93343,35.14557],[136.93337,35.14297],[136.93329,35.14039],[136.9333,35.14025],[136.93331333333333,35.14003666666667],[136.93335,35.13947],[136.93351,35.13801],[136.9339,35.13539],[136.9343,35.13273],[136.93431,35.13248],[136.93439,35.13203],[136.93447,35.13158],[136.93468,35.13015],[136.93513,35.12729],[136.93536,35.12557],[136.93543499999998,35.125095],[136.93551,35.12462],[136.93577,35.12304],[136.9362,35.12017],[136.93631,35.11937],[136.93637999999999,35.1189],[136.93645,35.11843],[136.93658,35.1177],[136.93673,35.11666],[136.93677,35.11642],[136.9369,35.11558],[136.93711,35.11424],[136.93721,35.11366],[136.93728,35.11325],[136.93735,35.1128],[136.93739,35.11244],[136.93725,35.11152],[136.93693,35.1098],[136.93684,35.109314999999995],[136.93675,35.10883],[136.93663,35.10828],[136.9366,35.10802],[136.93668,35.10779],[136.93674,35.10764],[136.93696,35.10725],[136.93706,35.10711],[136.9372,35.10703],[136.93735,35.10696],[136.93756,35.1069],[136.93785,35.10682],[136.93839,35.10668],[136.93931,35.10646],[136.93999,35.10631],[136.94047,35.10621],[136.94111,35.10609],[136.94181,35.10595],[136.94231,35.10587],[136.94299,35.10577],[136.94365,35.10567],[136.9442,35.105565],[136.94475,35.10546],[136.9458,35.10521],[136.94695,35.10492],[136.94746,35.1048],[136.94798,35.10466],[136.94838,35.10457],[136.94902,35.10442],[136.94914,35.1044],[136.94935,35.10437],[136.95021,35.10419],[136.95089,35.10409],[136.95151,35.10398],[136.95214,35.10385],[136.95241,35.10378],[136.9527,35.10366],[136.95306,35.10353],[136.95354,35.10329],[136.95398,35.10308],[136.95443,35.10285],[136.95489500000002,35.102605],[136.95536,35.10236],[136.95588,35.102132],[136.956411,35.101903],[136.956718,35.101754],[136.956939,35.101657],[136.957208,35.101544],[136.957366,35.101481],[136.95752,35.101427],[136.957711,35.101378],[136.957903,35.101337],[136.958144,35.101288],[136.958298,35.101274],[136.958472,35.10126],[136.958686,35.101265],[136.958916,35.10127],[136.959201,35.101297],[136.960524,35.101433],[136.961252,35.101523],[136.961549,35.101556],[136.961817,35.10161],[136.962075,35.101673],[136.962392,35.101781],[136.96271,35.101898],[136.963094,35.102051],[136.963652,35.102258],[136.964016,35.102376],[136.964284,35.102453],[136.964569,35.102516],[136.964805,35.102565],[136.965057,35.102606],[136.965407,35.102646],[136.966296,35.102709],[136.966165,35.1027],[136.966792,35.102745],[136.966921,35.102754],[136.967896,35.102831],[136.96875,35.102894],[136.969446,35.102939],[136.969824,35.102946],[136.970144,35.102932],[136.970434,35.102906],[136.970809,35.102844],[136.971208,35.102777],[136.971625,35.102696],[136.971849,35.102673],[136.972118,35.102655],[136.973039,35.102619],[136.973773,35.102587],[136.974436,35.102569],[136.975089,35.102547],[136.975566,35.102529],[136.976212,35.102515],[136.976236,35.10251366666666],[136.97693,35.102497],[136.977861,35.102448],[136.978546,35.102448],[136.978831,35.102462],[136.979138,35.102471],[136.979477,35.102502],[136.980047,35.102552],[136.981126,35.102678],[136.981682,35.102718],[136.982099,35.102768],[136.982351,35.102777],[136.982586,35.102781],[136.982838,35.102781],[136.983145,35.102768],[136.983457,35.102741],[136.983797,35.102673],[136.984076,35.102606],[136.98429,35.102529],[136.984555,35.102433],[136.98484,35.102307],[136.985075,35.102176],[136.985415,35.101951],[136.985721,35.101713],[136.986428,35.101109],[136.988103,35.099692],[136.988508,35.099355],[136.988864,35.099053],[136.989207,35.098779],[136.98942,35.098612],[136.98939919999998,35.09863180000001],[136.989667,35.098419],[136.989838,35.098296],[136.989935,35.098225],[136.990149,35.098095],[136.990346,35.097987],[136.990592,35.097879],[136.990828,35.097784],[136.991348,35.097595],[136.992505,35.097175],[136.993776,35.09672],[136.995129,35.096216],[136.995792,35.095975],[136.996105,35.095845],[136.996399,35.095705],[136.996679,35.095557],[136.996912,35.095424],[136.997119,35.095295],[136.997355,35.095128],[136.997508,35.095007],[136.997727,35.094827],[136.99762666666666,35.09488833333334]]}},{"type":"Feature","properties":{"line_name":"名古屋市営地下鉄上飯田線"},"geometry":{"type":"LineString","coordinates":[[136.929845,35.195885000000004],[136.92973,35.19723],[136.92968,35.20271],[136.92968,35.2045],[136.92968,35.203605]]}},{"type":"Feature","properties":{"line_name":"伊勢鉄道"},"geometry":{"type":"LineString","coordinates":[[136.599275,34.911235000000005],[136.59898,34.9108],[136.59877,34.91043],[136.5986,34.91004],[136.59849,34.90967],[136.59841,34.90927],[136.59837,34.90834],[136.59838,34.90757],[136.59842,34.90637],[136.59842,34.90627],[136.59854,34.90378],[136.59857,34.90261],[136.5985,34.90194],[136.59843,34.90123],[136.59819,34.90012],[136.59808,34.8997],[136.59796,34.89929],[136.59774,34.89858],[136.59699,34.89688],[136.59662,34.896],[136.59649,34.8957],[136.59536,34.89314],[136.59448,34.8911],[136.59274,34.88721],[136.59273,34.88719],[136.59256,34.88681],[136.5911,34.88354],[136.59097,34.88326],[136.58937,34.87983],[136.5892,34.87942],[136.588795,34.87847],[136.58839,34.87752],[136.58713,34.87466],[136.58637,34.87306],[136.58613,34.8726],[136.58511,34.87087],[136.58497,34.87069],[136.58473,34.87037],[136.58422,34.86971],[136.58345,34.86885],[136.58307,34.8685],[136.58231,34.86783],[136.58206,34.86762],[136.58158,34.86721],[136.5812,34.86687],[136.58048,34.86628],[136.57917,34.86517],[136.57724,34.86356],[136.57598,34.86249],[136.57565,34.86221],[136.57442,34.86116],[136.57286,34.8597],[136.57255,34.8593],[136.57215,34.85868],[136.57127,34.85723],[136.57035,34.85566],[136.57002999999997,34.85514],[136.56971,34.85462],[136.56837,34.85234],[136.56739,34.85085],[136.56627,34.84913],[136.56578,34.84849],[136.56515,34.84777],[136.56468,34.8473],[136.56381,34.84648],[136.56297,34.84581],[136.56211,34.84522],[136.56054,34.84424],[136.55951,34.84361],[136.55817,34.84282],[136.55767,34.84252],[136.55638,34.84176],[136.55554,34.84129],[136.555215,34.8411],[136.55489,34.84091],[136.55483,34.84088],[136.55447,34.84066],[136.5516,34.83894],[136.55066,34.83832],[136.54943,34.83729],[136.54888,34.83677],[136.54873,34.83659],[136.54813,34.83573],[136.54783,34.8353],[136.54767,34.83493],[136.54736,34.8342],[136.54726,34.83398],[136.54705,34.83347],[136.54606,34.83116],[136.54563,34.83011],[136.54547,34.82971],[136.54524,34.82915],[136.54511,34.82886],[136.54511,34.82882],[136.54496,34.82846],[136.54494,34.82844],[136.54485,34.82822],[136.54473,34.82793],[136.54466,34.82776],[136.54455,34.82748],[136.54424,34.82673],[136.54414,34.8265],[136.54398500000002,34.826145],[136.54383,34.82579],[136.54376,34.82561],[136.54347,34.82497],[136.54317,34.82426],[136.54272,34.82319],[136.54259,34.82285],[136.54255,34.82272],[136.54251,34.82259],[136.54244,34.8223],[136.54241,34.82205],[136.54235,34.82127],[136.54233,34.82106],[136.54234,34.82077],[136.54234,34.8205],[136.54237,34.82004],[136.54243,34.81929],[136.54248,34.81867],[136.54253,34.818],[136.54257,34.81732],[136.54259,34.81726],[136.54262,34.81673],[136.54264,34.81658],[136.54264,34.81638],[136.54268,34.8159],[136.5427,34.81569],[136.54271,34.81563],[136.54276,34.81506],[136.54278,34.81489],[136.54289,34.81372],[136.54296,34.81289],[136.54301,34.81258],[136.543045,34.812145],[136.54308,34.81171],[136.5432,34.81039],[136.54321,34.81024],[136.54329,34.8092],[136.5433,34.80911],[136.54333,34.80863],[136.54339,34.80757],[136.5434,34.8075],[136.54337,34.80695],[136.54339,34.80672],[136.5434,34.80664],[136.54334,34.80611],[136.54332,34.80567],[136.54331,34.80551],[136.54327,34.8053],[136.54315,34.80459],[136.5431,34.80423],[136.54302,34.80375],[136.54297,34.80337],[136.54281,34.80239],[136.54257,34.80091],[136.54254,34.80065],[136.54248,34.800335000000004],[136.54242,34.80002],[136.54241,34.79992],[136.54235,34.79952],[136.54224,34.7989],[136.54222,34.79879],[136.54214,34.79827],[136.54204,34.79772],[136.54188,34.79681],[136.54154,34.79537],[136.54146,34.79509],[136.54139,34.79487],[136.54122,34.79438],[136.54107,34.79399],[136.5409,34.79364],[136.54088,34.79358],[136.54087,34.79357],[136.54077,34.79335],[136.54056,34.79294],[136.54036,34.79261],[136.53989,34.79188],[136.53941,34.79116],[136.53924,34.79093],[136.53922,34.7909],[136.5389,34.79041],[136.53872,34.79014],[136.5385,34.78982],[136.53824,34.78942],[136.53797,34.78902],[136.53737,34.78812],[136.53687,34.7874],[136.5362,34.78645],[136.53593,34.78613],[136.53547,34.78559],[136.53509,34.78516],[136.53499,34.78506],[136.53459,34.78461],[136.53442,34.78444],[136.53374,34.78375],[136.53349,34.7835],[136.53298,34.78299],[136.53263,34.78263],[136.53223,34.78224],[136.53211,34.7821],[136.53175,34.78175],[136.53131,34.7813],[136.530995,34.780985],[136.53068,34.78067],[136.52998,34.77994],[136.52979,34.77976],[136.52945,34.77942],[136.52889,34.77883],[136.52824,34.77816],[136.52809,34.77801],[136.5276,34.7775],[136.52743,34.77733],[136.52678,34.77665],[136.52629,34.77614],[136.5259,34.77572],[136.52579,34.77559],[136.52567,34.77545],[136.52539,34.77514],[136.52515,34.77485],[136.52502,34.77469],[136.52444,34.7739],[136.5238,34.77303],[136.5236,34.77275],[136.52313,34.77209],[136.52242,34.77109],[136.52181,34.77026],[136.52105,34.76922],[136.52046,34.76844],[136.52009,34.76793],[136.52,34.76781],[136.51985,34.7676],[136.51951,34.76715],[136.51923,34.76679],[136.51912,34.76662],[136.51867,34.7661],[136.51843,34.76585],[136.51806,34.76542],[136.51788,34.76523],[136.51776,34.76509],[136.5175,34.7648],[136.51721,34.76448],[136.51701,34.76425],[136.51637,34.76353],[136.5159,34.76301],[136.51467,34.76165],[136.51449,34.76144],[136.51434,34.76127],[136.51423,34.76114],[136.51406,34.76094],[136.51392,34.76079],[136.51372,34.76057],[136.51361,34.76045],[136.51313,34.75991],[136.51248,34.75916],[136.51242,34.7591],[136.51209999999998,34.758735],[136.51178,34.75837],[136.51171,34.75829],[136.5114,34.75794],[136.51031,34.75674],[136.50935,34.75565],[136.50878,34.75501],[136.50861,34.75483],[136.50827,34.75443],[136.50788,34.75399],[136.50777,34.75386],[136.50734,34.75326],[136.5072,34.75305],[136.50709,34.75286],[136.50692,34.75258],[136.5066,34.75202],[136.50649,34.75175],[136.5064,34.75148],[136.5063,34.75114],[136.50628,34.75101],[136.50621,34.75066],[136.50612,34.74972],[136.5061,34.74901],[136.50613,34.74846],[136.50615,34.74835],[136.5062,34.74801],[136.50623,34.74784],[136.50628,34.74767],[136.50645,34.7471],[136.50648,34.74702],[136.50673,34.74634],[136.50684,34.74608],[136.507,34.74576],[136.5072,34.74537],[136.50737,34.74509],[136.50758,34.74478],[136.50831,34.74378],[136.5098,34.74093],[136.5101,34.74026],[136.51024,34.73997],[136.51032,34.73971],[136.51035,34.73953],[136.51037,34.73924],[136.5104,34.73864],[136.51053,34.73723],[136.51058,34.73664],[136.51067,34.7354],[136.51073,34.73432],[136.51072333333335,34.73437333333333]]}},{"type":"Feature","properties":{"line_name":"JR紀勢本線(亀山~多気)"},"geometry":{"type":"LineString","coordinates":[[136.45049999999998,34.849935],[136.45235,34.8497],[136.45236,34.84976],[136.45283,34.84963],[136.45291,34.84959],[136.4532,34.84947],[136.4535,34.84931],[136.45364,34.84924],[136.45369,34.8492],[136.45378,34.84914],[136.45386,34.84908],[136.45398,34.84899],[136.45422,34.8488],[136.45455,34.84843],[136.45557,34.84726],[136.45599,34.84678],[136.45651,34.84617],[136.45676,34.84585],[136.4569,34.84562],[136.45698,34.84546],[136.45708,34.84524],[136.45714,34.8451],[136.45723,34.84487],[136.45735,34.8444],[136.4574,34.84403],[136.45742,34.84361],[136.45742,34.84299],[136.45741,34.84265],[136.4574,34.84139],[136.45733,34.83764],[136.45744,34.83659],[136.45769,34.83559],[136.45778,34.83524],[136.45788,34.83495],[136.45798,34.83472],[136.45804,34.83462],[136.45817,34.83442],[136.45874,34.8337],[136.45924,34.83309],[136.45966,34.83257],[136.46062,34.8314],[136.46103,34.83089],[136.4611,34.8308],[136.46123,34.83068],[136.46152,34.83045],[136.46197,34.83017],[136.46221,34.83004],[136.4626,34.82987],[136.46288,34.82977],[136.46316,34.82971],[136.46388,34.82962],[136.46427,34.82957],[136.46501,34.82948],[136.46619,34.82937],[136.46663,34.82934],[136.46708,34.82927],[136.46727,34.82924],[136.46761,34.82916],[136.46803,34.82904],[136.46835,34.82891],[136.46942,34.82838],[136.47057,34.82784],[136.47102,34.82763],[136.47166,34.82738],[136.47289,34.82694],[136.47318,34.82683],[136.47371,34.82661],[136.47395,34.82647],[136.47425,34.82628],[136.4746,34.82599],[136.47483,34.82571],[136.47503,34.8254],[136.47566,34.82456],[136.47628,34.82364],[136.47639,34.82349],[136.47657,34.82327],[136.47676,34.82307],[136.47689,34.82295],[136.47704,34.82284],[136.47719,34.82274],[136.47739,34.82264],[136.47762,34.82258],[136.4785,34.82227],[136.47857,34.82225],[136.47989,34.82176],[136.48006,34.82168],[136.48022,34.82158],[136.48051,34.82137],[136.48067,34.82123],[136.48083,34.82105],[136.48099,34.82081],[136.48111,34.82059],[136.48123,34.8203],[136.48131,34.82004],[136.48138,34.81976],[136.48143,34.81947],[136.48145,34.81915],[136.48141,34.81882],[136.48138,34.81861],[136.48126,34.81819],[136.48109,34.81773],[136.48071,34.817],[136.48038,34.81651],[136.48035,34.81647],[136.48003,34.81593],[136.47984,34.81554],[136.47971,34.81523],[136.47966,34.81501],[136.47959,34.81457],[136.47957,34.8142],[136.47961,34.814258],[136.47959,34.81393],[136.47964,34.81358],[136.47967,34.81332],[136.47977,34.81295],[136.47998,34.81222],[136.48021,34.81138],[136.48051,34.81034],[136.48063,34.80993],[136.48075,34.80959],[136.48086,34.80936],[136.48099,34.80914],[136.48119,34.80888],[136.48145,34.80861],[136.48181,34.80831],[136.48208,34.80809],[136.48284,34.8075],[136.48352,34.80697],[136.48403,34.80655],[136.48447,34.80615],[136.48462,34.806],[136.48479,34.80581],[136.48502,34.80546],[136.48517,34.80519],[136.4853,34.80489],[136.48538,34.80465],[136.4855,34.80426],[136.48561,34.80384],[136.48571,34.80341],[136.48581,34.80304],[136.48589,34.80276],[136.4859,34.80271],[136.48598,34.80245],[136.48612,34.80199],[136.48618,34.80182],[136.48618,34.80181],[136.4863,34.80155],[136.48644,34.80126],[136.48664,34.80089],[136.48681,34.80056],[136.48685,34.80047],[136.4869,34.80016],[136.48693,34.79992],[136.48694,34.79963],[136.48691,34.79936],[136.48665,34.79824],[136.4865,34.7976],[136.48639,34.79713],[136.4863,34.79685],[136.48616,34.79656],[136.48602,34.79635],[136.48582,34.79613],[136.48539,34.79576],[136.48481,34.79533],[136.4843,34.79494],[136.48403,34.79471],[136.48372,34.79438],[136.48358,34.79418],[136.48342,34.79392],[136.48332,34.79367],[136.48324,34.7934],[136.48317,34.79308],[136.48304,34.79212],[136.48296,34.79152],[136.48287,34.79079],[136.48267,34.78935],[136.48262,34.78899],[136.48261,34.78876],[136.48264,34.78839],[136.48266,34.7881],[136.4828,34.78741],[136.48293,34.78679],[136.48324,34.78518],[136.48349,34.78388],[136.48349,34.78387],[136.48358,34.78344],[136.48366,34.78301],[136.48372,34.78277],[136.48384,34.78247],[136.48395,34.78227],[136.48406,34.7821],[136.48444,34.78157],[136.48485,34.78104],[136.48527,34.7805],[136.48606,34.77946],[136.48636,34.77908],[136.48708,34.77815],[136.48725,34.77792],[136.48739,34.77778],[136.48754,34.77764],[136.48778,34.77746],[136.48814,34.77722],[136.48854,34.77701],[136.48889,34.77685],[136.48946,34.77663],[136.49023,34.77634],[136.49087,34.77608],[136.49147,34.77579],[136.49174,34.77562],[136.49203,34.77541],[136.49227,34.77523],[136.49251,34.77502],[136.49286,34.77467],[136.49319,34.77432],[136.49338,34.77407],[136.49374,34.77358],[136.49419,34.77294],[136.49456,34.77242],[136.49516,34.77157],[136.49574,34.77072],[136.49639,34.7698],[136.49703,34.76889],[136.49704,34.76888],[136.49709,34.7688],[136.49747,34.76825],[136.4978,34.7677],[136.49804,34.7672],[136.49827,34.76658],[136.49836,34.76625],[136.49855,34.76556],[136.49898,34.76419],[136.49922,34.7634],[136.49939,34.762775],[136.49956,34.76215],[136.4997,34.76165],[136.49974,34.76148],[136.49981,34.76124],[136.49987,34.76104],[136.50013,34.76007],[136.50021,34.75981],[136.50024,34.75971],[136.50028,34.7596],[136.50032,34.7595],[136.50036,34.75933],[136.50047,34.75904],[136.5006,34.75865],[136.50062,34.7586],[136.50065,34.75854],[136.50086,34.75803],[136.50103,34.75756],[136.50135,34.75682],[136.50165,34.75619],[136.50196,34.75563],[136.50206,34.75542],[136.50208,34.7554],[136.50228,34.75505],[136.50245,34.75475],[136.50325,34.75335],[136.5033,34.75326],[136.50485,34.75038],[136.50491,34.75026],[136.50611,34.74805],[136.50688,34.74656],[136.50719,34.74596],[136.50723,34.74588],[136.50831,34.74378],[136.5098,34.74093],[136.5101,34.74026],[136.51024,34.73997],[136.51032,34.73971],[136.51035,34.73953],[136.51037,34.73924],[136.5104,34.73864],[136.51053,34.73723],[136.51058,34.73664],[136.51067,34.7354],[136.51073,34.73432],[136.51072333333335,34.73437333333333],[136.51077,34.7334],[136.51079,34.73243],[136.51076,34.73183],[136.51068,34.73145],[136.51054,34.73109],[136.51028,34.73062],[136.51004,34.73026],[136.50947,34.72965],[136.5092,34.72937],[136.50901,34.72917],[136.50866,34.72869],[136.50763,34.7271],[136.50749,34.72691],[136.50706,34.72638],[136.50658,34.72599],[136.50643,34.72587],[136.50621,34.72572],[136.50596,34.72556],[136.5053,34.72521],[136.50396,34.72465],[136.5034,34.72434],[136.50302,34.72405],[136.50282,34.72385],[136.50254,34.72354],[136.5024,34.72331],[136.5023,34.72314],[136.50222,34.72293],[136.50217,34.72276],[136.50196,34.722],[136.50189,34.72175],[136.5018,34.72145],[136.50157,34.72066],[136.50122,34.71939],[136.50095,34.71844],[136.50046,34.71673],[136.5002,34.71583],[136.50004,34.71512],[136.49995,34.71448],[136.49989,34.71375],[136.4999,34.71326],[136.49992,34.71244],[136.49993,34.71212],[136.49994,34.7117],[136.49996,34.71093],[136.5,34.71062],[136.50013,34.71014],[136.50026,34.70985],[136.50053,34.70939],[136.50118,34.70831],[136.50183,34.70728],[136.50313,34.70538],[136.50361,34.70464],[136.5039,34.70421],[136.50414,34.7038],[136.50451,34.703105],[136.50488,34.70241],[136.5051,34.70197],[136.50575,34.70066],[136.50632,34.69948],[136.50685,34.69825],[136.50729,34.69713],[136.50758,34.69631],[136.50776,34.69584],[136.50797,34.69523],[136.50814,34.69454],[136.5084,34.6937],[136.50862,34.69281],[136.50889,34.69169],[136.50898,34.69129],[136.50913,34.69073],[136.50942,34.68948],[136.50968,34.68838],[136.51002,34.68692],[136.51023,34.68609],[136.5104,34.6854],[136.51074,34.68388],[136.51098,34.68288],[136.51108,34.6825],[136.51131,34.68148],[136.5114,34.68106],[136.51172,34.67977],[136.51181,34.67937],[136.51229,34.67735],[136.51258,34.67624],[136.51281,34.67534],[136.51296,34.67477],[136.5131,34.67437],[136.51335,34.67338],[136.51336,34.67332],[136.51344,34.67295],[136.51353,34.67249],[136.51364,34.67196],[136.51377,34.67095],[136.51375,34.66994],[136.51362,34.66943],[136.51357,34.66913],[136.5135,34.66888],[136.51344,34.66873],[136.5133,34.66846],[136.51324,34.66831],[136.51262,34.66728],[136.512,34.66625],[136.51136,34.66519],[136.5108,34.66423],[136.51046,34.66367],[136.51013,34.66314],[136.50984,34.66264],[136.50966,34.66234],[136.50926,34.66168],[136.50886,34.66104],[136.50867,34.66074],[136.50774,34.6592],[136.50687,34.65778],[136.50657,34.65728],[136.50607,34.65645],[136.50592,34.6562],[136.50575,34.65586],[136.50556,34.65546],[136.50547,34.65523],[136.50533,34.65483],[136.50524,34.65445],[136.50498,34.65334],[136.50487,34.65286],[136.50434,34.65069],[136.50401,34.64932],[136.50391,34.64888],[136.50383,34.64852],[136.5035,34.64718],[136.50341,34.64679],[136.50338,34.64665],[136.50336,34.64651],[136.50333,34.64604],[136.50335,34.64569],[136.50339,34.64543],[136.50347,34.6451],[136.50389,34.6435],[136.504,34.643],[136.50446,34.64116],[136.50504,34.63884],[136.50537,34.63749],[136.50572,34.63607],[136.50583,34.63563],[136.50611,34.63452],[136.50612,34.63447],[136.50619,34.63407],[136.50623,34.6337],[136.50631,34.6331],[136.50637,34.6324],[136.50646,34.6313],[136.50651,34.63076],[136.50651,34.63066],[136.50663,34.62917],[136.50666,34.62881],[136.50678,34.62727],[136.50684,34.62645],[136.50685,34.62632],[136.50694,34.62526],[136.50711,34.6233],[136.50714,34.62291],[136.50734,34.62034],[136.50752,34.61851],[136.50759,34.617625000000004],[136.50766,34.61674],[136.50769,34.61604],[136.50783,34.61439],[136.50791,34.61335],[136.50796,34.61276],[136.50798,34.61247],[136.50804,34.61192],[136.50808,34.61139],[136.50821,34.60969],[136.50829,34.60851],[136.50831,34.60808],[136.50849,34.60672],[136.50859,34.60606],[136.50863,34.60592],[136.50873,34.60565],[136.50953,34.60391],[136.51008,34.60274],[136.51072,34.60131],[136.51079,34.60116],[136.51162,34.59932],[136.5118,34.59892],[136.51258,34.59725],[136.51295,34.59643],[136.51328,34.59569],[136.51337,34.59551],[136.51357,34.59509],[136.51389,34.59455],[136.51408,34.59429],[136.51434,34.59396],[136.51453,34.59373],[136.51501,34.59325],[136.51508,34.59319],[136.51517,34.59311],[136.51564,34.59276],[136.51618,34.59243],[136.51654,34.59224],[136.51719,34.5919],[136.51757,34.59169],[136.51915,34.59104],[136.51988,34.59072],[136.52088,34.5903],[136.52135,34.5901],[136.52157,34.59001],[136.52211,34.58974],[136.52273,34.58941],[136.52316,34.58915],[136.52335,34.58902],[136.52348,34.58894],[136.52368,34.58877],[136.52382,34.58864],[136.52409,34.58836],[136.52419,34.58824],[136.52432,34.58808],[136.52451,34.58779],[136.52464,34.58758],[136.52496,34.58706],[136.52518,34.58662],[136.52554,34.58612],[136.52593,34.5855],[136.52628,34.58506],[136.52646,34.58485],[136.52693,34.5843],[136.52744,34.58379],[136.52789,34.58347],[136.52803,34.58336],[136.52888,34.58283],[136.52908,34.5827],[136.52997,34.58211],[136.53029,34.58189],[136.53066,34.58164],[136.53076,34.58158],[136.53103,34.5814],[136.53117,34.58131],[136.53214,34.58069],[136.53265,34.58029],[136.53278,34.5802],[136.53328,34.57966],[136.53366,34.57923],[136.5338,34.57908],[136.53405,34.5788],[136.53495,34.57778],[136.53518,34.57752],[136.53545,34.57724],[136.53579,34.57685],[136.53615,34.57647],[136.53638,34.57617],[136.53694,34.57554],[136.53703,34.57543],[136.53742,34.575],[136.53765,34.57473],[136.53836,34.57392],[136.53926,34.57289],[136.53974,34.57233],[136.54055,34.57139],[136.54156,34.57023],[136.54276,34.56881],[136.54299,34.56854],[136.54354,34.56792],[136.54416,34.56719],[136.54478,34.56654],[136.54517,34.56607],[136.54555,34.56551],[136.54594,34.56491],[136.54631,34.56419],[136.54645,34.56391],[136.54668,34.56339],[136.54696,34.56278],[136.54731,34.56182],[136.54746,34.56143],[136.5477,34.56089],[136.54803,34.56038],[136.54821,34.56021],[136.54849,34.55993],[136.54885,34.55964],[136.54924,34.55938],[136.54964,34.55916],[136.55028,34.55879],[136.55084,34.55842],[136.55136,34.558],[136.55156,34.5578],[136.55165,34.55769],[136.55196,34.55735],[136.55204,34.55723],[136.5522,34.55702],[136.55259,34.55625],[136.55269,34.55602],[136.55287,34.55563],[136.55315,34.55496],[136.55324,34.55472],[136.55354999999997,34.55403],[136.55386,34.55334],[136.55416,34.55255],[136.55496,34.55067],[136.55576,34.54877],[136.55638,34.54723],[136.55647,34.54688],[136.55677,34.54529],[136.55684,34.54496],[136.55727,34.54371],[136.55775,34.54232],[136.55785,34.54206],[136.55809,34.54098],[136.5582,34.54015],[136.55826,34.53991],[136.55845,34.53944],[136.55905,34.53847],[136.55969,34.53737],[136.56009,34.53672],[136.5607,34.53593],[136.56091,34.53566],[136.56118,34.53542],[136.56181,34.53491],[136.56218,34.53464],[136.56292,34.53417],[136.56388,34.53364],[136.56424,34.53348],[136.56489,34.5332],[136.56641,34.5327],[136.56709,34.53252],[136.56792,34.53224],[136.56814,34.53217],[136.56861,34.532],[136.56885,34.53188],[136.56907,34.53171],[136.56924,34.53157],[136.56987,34.53109],[136.57024,34.53077],[136.5704,34.53064],[136.57071,34.53024],[136.57093,34.52985],[136.57097,34.52974],[136.57107,34.52945],[136.57113,34.52927],[136.57118,34.52902],[136.57121,34.52868],[136.57118,34.52815],[136.57116,34.52798],[136.57104,34.52754],[136.57063,34.52642],[136.57043,34.52594],[136.5704,34.52584],[136.57021,34.52515],[136.57016,34.52484],[136.57014,34.52455],[136.57015,34.52439],[136.57023,34.52377],[136.5703,34.52352],[136.57037,34.52335],[136.57044,34.52312],[136.5708,34.52212],[136.57103,34.52148],[136.57107,34.5214],[136.57126,34.5209],[136.57137,34.52059],[136.57188,34.51926],[136.57206,34.51869],[136.57221,34.51829],[136.57238,34.51782],[136.57264,34.51706],[136.57310999999999,34.515905000000004]]}},{"type":"Feature","properties":{"line_name":"JR参宮線"},"geometry":{"type":"LineString","coordinates":[[136.57310999999999,34.515905000000004],[136.57358,34.51475],[136.57419,34.51302],[136.57462,34.51181],[136.57471,34.51155],[136.57505,34.51076],[136.57524,34.51032],[136.57546,34.50987],[136.57576,34.50934],[136.57617,34.50867],[136.5763,34.5085],[136.57661,34.50814],[136.57681,34.50794],[136.57717,34.50761],[136.57756,34.50728],[136.57868,34.50629],[136.57941,34.50565],[136.5802,34.50494],[136.58214,34.5033],[136.58266,34.50282],[136.58383,34.50172],[136.58431,34.50135],[136.58459,34.50115],[136.58546,34.50065],[136.5859,34.50045],[136.58676,34.50018],[136.58751,34.50001],[136.58811,34.49987],[136.58984,34.49947],[136.59073,34.49927],[136.59115,34.49917],[136.59181,34.49895],[136.59217,34.49881],[136.59254,34.49862],[136.59308,34.49833],[136.59348,34.49816],[136.59383,34.49801],[136.59427,34.49789],[136.59513,34.49773],[136.5956,34.4977],[136.59627,34.49767],[136.59665999999999,34.497665],[136.59705,34.49766],[136.59753,34.49764],[136.60039,34.49754],[136.6023,34.49746],[136.60305,34.49744],[136.60468,34.49738],[136.60708,34.49729],[136.60912,34.4972],[136.6099,34.49717],[136.61048,34.49709],[136.61111,34.497],[136.61274,34.49666],[136.61582,34.49602],[136.61715,34.49573],[136.61791,34.49557],[136.61969,34.49519],[136.62047,34.49496],[136.62088,34.4948],[136.62141,34.49455],[136.62209,34.49422],[136.62237,34.49412],[136.62272,34.49392],[136.62295,34.49376],[136.62313,34.49361],[136.62353,34.49321],[136.62408,34.49265],[136.62522,34.49153],[136.6264,34.49033],[136.62685,34.4899],[136.62721,34.48964],[136.62758,34.48942],[136.62793,34.48925],[136.62828,34.4891],[136.62881,34.48894],[136.62931,34.48881],[136.62989,34.48873],[136.63084,34.48865],[136.6311,34.48864],[136.63205,34.48857],[136.63363,34.48847],[136.634005,34.48845],[136.63438,34.48843],[136.63585,34.48834],[136.63729,34.48825],[136.63774,34.48822],[136.63788,34.48821],[136.63967,34.48808],[136.64115,34.48798],[136.64336,34.48783],[136.64383,34.48782],[136.6445,34.48783],[136.64527,34.48789],[136.64598,34.48797],[136.64639,34.48804],[136.64699,34.48814],[136.64733,34.48819],[136.64811,34.48838],[136.64861,34.48853],[136.6493,34.48877],[136.65015,34.48919],[136.65052,34.48935],[136.65065,34.4894],[136.6517,34.48984],[136.65344,34.49068],[136.65397,34.49094],[136.65519,34.49151],[136.65643,34.49212],[136.65674,34.49233],[136.65716,34.49268],[136.65739,34.49287],[136.65815,34.49342],[136.65941,34.49438],[136.6598,34.49469],[136.66197,34.49631],[136.66213,34.49643],[136.66344,34.49743],[136.66429,34.49809],[136.66459,34.49832],[136.66539,34.49892],[136.66661,34.49983],[136.66831,34.5011],[136.66961,34.50205],[136.66993,34.50229],[136.67022,34.50246],[136.67063,34.50266],[136.67089,34.5028],[136.67123,34.50292],[136.67142,34.50298],[136.67183,34.50307],[136.67187,34.50306333333334],[136.67236,34.50314],[136.67296,34.50317],[136.67339,34.50319],[136.67386,34.50316],[136.67443,34.5031],[136.67493,34.503],[136.67511,34.50296],[136.6764,34.50259],[136.6775,34.50228],[136.67789,34.50217],[136.67995,34.50159],[136.68042,34.50146],[136.6811,34.50127],[136.68468,34.50025],[136.68642,34.49976],[136.6869,34.49963],[136.6874,34.49945],[136.68776,34.49929],[136.68807,34.49913],[136.68849,34.49887],[136.68884,34.49862],[136.68915,34.49837],[136.68998,34.49761],[136.69037,34.49728],[136.69048,34.49719],[136.69089,34.49689],[136.69113,34.49671],[136.69118,34.49668],[136.69135,34.49659],[136.69153,34.49649],[136.69213,34.49619],[136.69254,34.49601],[136.69278,34.49594],[136.69322,34.49583],[136.69371,34.4958],[136.69442,34.49581],[136.694286,34.49584],[136.69479,34.49583],[136.69529,34.49593],[136.69552,34.49595],[136.69605,34.496],[136.69695,34.49614],[136.69795,34.49636],[136.69806,34.49639],[136.69883,34.49656],[136.69953,34.49668],[136.70006,34.49675],[136.7007,34.49675],[136.70084,34.49675],[136.70111,34.49673],[136.70181,34.49663],[136.70201,34.4966],[136.70324,34.49643],[136.70385,34.49635],[136.70461,34.4962],[136.7048,34.49616],[136.70523,34.49604],[136.70572,34.49584],[136.70601,34.49569],[136.7063,34.49553],[136.70645,34.49543],[136.70669,34.49525],[136.70712,34.49479],[136.70733,34.49452],[136.70739,34.49442],[136.70765,34.49393],[136.70796,34.4932],[136.70814,34.49283],[136.70819,34.49275],[136.70827,34.49262],[136.70835,34.49251],[136.70848,34.49233],[136.70888,34.49197],[136.70965999999999,34.491330000000005],[136.71044,34.49069],[136.71099,34.49029],[136.71169,34.48995],[136.71213,34.48979],[136.71245,34.48972],[136.71264,34.48968],[136.71297,34.48963],[136.71367,34.4896],[136.71432,34.48969],[136.71471,34.4898],[136.71607,34.49015],[136.7169,34.49037],[136.71738,34.49049],[136.71846,34.49077],[136.71892,34.49087],[136.72214,34.49172],[136.72267,34.49186],[136.72679,34.49294],[136.72732,34.49307],[136.72774,34.49319],[136.73077,34.49397],[136.7325,34.4944],[136.73343,34.49461],[136.73491,34.4949],[136.73556,34.49504],[136.73734,34.4954],[136.73936,34.49579],[136.73947,34.49581],[136.74021,34.49595],[136.73984000000002,34.49588],[136.74393,34.49667],[136.74478,34.49684],[136.74551,34.49699],[136.74708,34.49735],[136.74712,34.49737],[136.75049,34.49805],[136.75061,34.49808],[136.75406,34.49878],[136.75419,34.49881],[136.75583,34.49914],[136.75638,34.49924],[136.75677,34.49933],[136.75746,34.49948],[136.76095,34.50018],[136.76387,34.50077],[136.76664,34.50133],[136.76776,34.50158],[136.76821,34.50168],[136.76855,34.50177],[136.76978,34.50218],[136.77161,34.50287],[136.77307,34.5033],[136.77326,34.50336],[136.77339,34.5034],[136.77409,34.50356],[136.77473,34.50367],[136.77496,34.50371],[136.7752,34.50374],[136.77605,34.50381],[136.77637,34.50381],[136.77706,34.50378],[136.77744,34.50374],[136.77774,34.50371],[136.77768833333334,34.503685],[136.77842,34.5036],[136.7791,34.50347],[136.77927,34.50343],[136.77951,34.50336],[136.77976,34.5033],[136.78042,34.50309],[136.78162,34.50273],[136.78218,34.50263],[136.78253,34.50259],[136.78269,34.50258],[136.7829,34.50257],[136.78344,34.50254],[136.78395,34.50254],[136.78475,34.50256],[136.78506,34.50258],[136.78589,34.50263],[136.78621,34.50268],[136.78698,34.50272],[136.7876,34.50269],[136.78834,34.50261],[136.78902,34.50246],[136.78964,34.50228],[136.78992,34.50218],[136.79031,34.50203],[136.79072,34.50185],[136.79096,34.50174],[136.79146,34.50148],[136.7917,34.50132],[136.79227,34.50094],[136.79258,34.5007],[136.79285,34.50053],[136.79408,34.49968],[136.79438,34.49948],[136.79467,34.49927],[136.79503,34.49904],[136.79571,34.49857],[136.79593,34.49843],[136.79773,34.49717],[136.79895,34.49635],[136.79924,34.49615],[136.79953,34.49595],[136.79974,34.49579],[136.79996,34.49563],[136.80017,34.49546],[136.8003,34.49533],[136.8005,34.49509],[136.80058,34.49497],[136.8007,34.4948],[136.80127,34.49395],[136.80159,34.49353],[136.80175,34.49317],[136.80209,34.49233],[136.80224,34.49206],[136.80253,34.4916],[136.80292,34.49118],[136.80319,34.49081],[136.80342,34.49065],[136.80371,34.49052],[136.80401,34.49045],[136.80446,34.4904],[136.80497,34.49032],[136.80527,34.49031],[136.8055,34.49032],[136.80586,34.49034],[136.80626,34.49039],[136.8067,34.4905],[136.80727,34.49067],[136.80761,34.49077],[136.80847,34.49106],[136.80895,34.49115],[136.80946,34.49124],[136.81033,34.4913],[136.81191,34.49131],[136.81325,34.49133],[136.81407,34.49133],[136.81457,34.49133],[136.81513,34.49127],[136.81554,34.49115],[136.81593,34.49101],[136.81624,34.49087],[136.81645,34.49074],[136.81671,34.49051],[136.81691,34.49024],[136.81706,34.48992],[136.81715,34.48968],[136.81724,34.48923],[136.81726,34.48901],[136.81732,34.48849],[136.81747,34.48731],[136.81757,34.48664],[136.81759,34.48643],[136.8176,34.48636],[136.8178,34.48486],[136.81789,34.48419],[136.81795,34.48396],[136.81808,34.48364],[136.81818,34.48344],[136.8184,34.48313],[136.81857,34.4829],[136.81875,34.48271],[136.81879,34.48267],[136.81904,34.48246],[136.81928,34.48231],[136.81958,34.48214],[136.81995,34.48199],[136.82028,34.4819],[136.82053,34.48183],[136.82075,34.48179],[136.82085,34.48178],[136.82095,34.48178],[136.82151,34.4818],[136.82173,34.48182],[136.8221,34.48189],[136.82253,34.48204],[136.82305,34.4823],[136.82351,34.48262],[136.82428,34.48334],[136.82514,34.48414],[136.82598,34.48491],[136.82637,34.48529],[136.82696,34.48584],[136.82723,34.48607],[136.8275,34.48627],[136.82782,34.48648],[136.82815,34.48666],[136.82863,34.48682],[136.82895,34.48691],[136.82939,34.48697],[136.82951,34.48698],[136.8298,34.48701],[136.83045,34.48702],[136.83089,34.48699],[136.83132,34.48695],[136.83247,34.48679],[136.83296,34.48673],[136.83323,34.48673],[136.83357,34.48675],[136.83383,34.48679],[136.8342,34.4869],[136.8345,34.48703],[136.83483,34.48722],[136.83562,34.48768],[136.83579,34.48778],[136.83619,34.48798],[136.83653,34.48813],[136.83707,34.48831],[136.83734,34.48838],[136.83767,34.48841],[136.83796,34.48843],[136.83826,34.48841],[136.83863,34.48835],[136.83905,34.48824],[136.84033,34.48765],[136.84121,34.48722],[136.84152,34.48707]]}}]}